"DateTime","Players","Average Players"
"2019-04-30 00:00:00",787,
"2019-05-01 00:00:00",1410,
"2019-05-02 00:00:00",1237,
"2019-05-03 00:00:00",1248,
"2019-05-04 00:00:00",1571,
"2019-05-05 00:00:00",1477,
"2019-05-06 00:00:00",1078,
"2019-05-07 00:00:00",960,
"2019-05-08 00:00:00",798,
"2019-05-09 00:00:00",906,
"2019-05-10 00:00:00",688,
"2019-05-11 00:00:00",666,
"2019-05-12 00:00:00",608,
"2019-05-13 00:00:00",421,
"2019-05-14 00:00:00",365,
"2019-05-15 00:00:00",326,
"2019-05-16 00:00:00",301,
"2019-05-17 00:00:00",234,
"2019-05-18 00:00:00",285,
"2019-05-19 00:00:00",267,
"2019-05-20 00:00:00",187,
"2019-05-21 00:00:00",158,
"2019-05-22 00:00:00",137,
"2019-05-23 00:00:00",146,
"2019-05-24 00:00:00",142,
"2019-05-25 00:00:00",164,
"2019-05-26 00:00:00",146,
"2019-05-27 00:00:00",126,
"2019-05-28 00:00:00",121,
"2019-05-29 00:00:00",97,
"2019-05-30 00:00:00",96,
"2019-05-31 00:00:00",86,
"2019-06-01 00:00:00",97,
"2019-06-02 00:00:00",111,
"2019-06-03 00:00:00",78,
"2019-06-04 00:00:00",79,
"2019-06-05 00:00:00",58,
"2019-06-06 00:00:00",58,
"2019-06-07 00:00:00",47,
"2019-06-08 00:00:00",46,
"2019-06-09 00:00:00",51,
"2019-06-10 00:00:00",40,
"2019-06-11 00:00:00",32,
"2019-06-12 00:00:00",33,
"2019-06-13 00:00:00",36,
"2019-06-14 00:00:00",50,
"2019-06-15 00:00:00",71,
"2019-06-16 00:00:00",80,
"2019-06-17 00:00:00",62,
"2019-06-18 00:00:00",49,
"2019-06-19 00:00:00",48,
"2019-06-20 00:00:00",60,
"2019-06-21 00:00:00",58,
"2019-06-22 00:00:00",61,
"2019-06-23 00:00:00",69,
"2019-06-24 00:00:00",53,
"2019-06-25 00:00:00",43,
"2019-06-26 00:00:00",37,
"2019-06-27 00:00:00",37,
"2019-06-28 00:00:00",43,
"2019-06-29 00:00:00",49,
"2019-06-30 00:00:00",52,
"2019-07-01 00:00:00",43,
"2019-07-02 00:00:00",45,
"2019-07-03 00:00:00",39,
"2019-07-04 00:00:00",46,
"2019-07-05 00:00:00",36,
"2019-07-06 00:00:00",39,
"2019-07-07 00:00:00",68,
"2019-07-08 00:00:00",48,
"2019-07-09 00:00:00",49,
"2019-07-10 00:00:00",34,
"2019-07-11 00:00:00",41,
"2019-07-12 00:00:00",30,
"2019-07-13 00:00:00",47,
"2019-07-14 00:00:00",46,
"2019-07-15 00:00:00",31,
"2019-07-16 00:00:00",33,
"2019-07-17 00:00:00",34,
"2019-07-18 00:00:00",30,
"2019-07-19 00:00:00",41,
"2019-07-20 00:00:00",49,
"2019-07-21 00:00:00",51,
"2019-07-22 00:00:00",38,
"2019-07-23 00:00:00",35,
"2019-07-24 00:00:00",33,
"2019-07-25 00:00:00",36,
"2019-07-26 00:00:00",31,
"2019-07-27 00:00:00",36,
"2019-07-28 00:00:00",40,
"2019-07-29 00:00:00",27,
"2019-07-30 00:00:00",29,
"2019-07-31 00:00:00",26,
"2019-08-01 00:00:00",34,
"2019-08-02 00:00:00",35,
"2019-08-03 00:00:00",42,
"2019-08-04 00:00:00",38,
"2019-08-05 00:00:00",31,
"2019-08-06 00:00:00",43,
"2019-08-07 00:00:00",38,
"2019-08-08 00:00:00",37,
"2019-08-09 00:00:00",129,
"2019-08-10 00:00:00",144,
"2019-08-11 00:00:00",164,
"2019-08-12 00:00:00",129,
"2019-08-13 00:00:00",111,
"2019-08-14 00:00:00",83,
"2019-08-15 00:00:00",86,
"2019-08-16 00:00:00",91,
"2019-08-17 00:00:00",120,
"2019-08-18 00:00:00",119,
"2019-08-19 00:00:00",78,
"2019-08-20 00:00:00",66,
"2019-08-21 00:00:00",55,
"2019-08-22 00:00:00",54,
"2019-08-23 00:00:00",44,
"2019-08-24 00:00:00",51,
"2019-08-25 00:00:00",52,
"2019-08-26 00:00:00",36,
"2019-08-27 00:00:00",34,
"2019-08-28 00:00:00",32,
"2019-08-29 00:00:00",23,
"2019-08-30 00:00:00",31,
"2019-08-31 00:00:00",39,
"2019-09-01 00:00:00",29,
"2019-09-02 00:00:00",26,
"2019-09-03 00:00:00",24,
"2019-09-04 00:00:00",22,
"2019-09-05 00:00:00",17,
"2019-09-06 00:00:00",26,
"2019-09-07 00:00:00",23,
"2019-09-08 00:00:00",16,
"2019-09-09 00:00:00",15,
"2019-09-10 00:00:00",14,
"2019-09-11 00:00:00",16,
"2019-09-12 00:00:00",16,
"2019-09-13 00:00:00",13,
"2019-09-14 00:00:00",16,
"2019-09-15 00:00:00",19,
"2019-09-16 00:00:00",15,
"2019-09-17 00:00:00",19,
"2019-09-18 00:00:00",21,
"2019-09-19 00:00:00",17,
"2019-09-20 00:00:00",19,
"2019-09-21 00:00:00",23,
"2019-09-22 00:00:00",29,
"2019-09-23 00:00:00",25,
"2019-09-24 00:00:00",26,
"2019-09-25 00:00:00",25,
"2019-09-26 00:00:00",22,
"2019-09-27 00:00:00",19,
"2019-09-28 00:00:00",91,
"2019-09-29 00:00:00",98,
"2019-09-30 00:00:00",65,
"2019-10-01 00:00:00",53,
"2019-10-02 00:00:00",50,
"2019-10-03 00:00:00",44,
"2019-10-04 00:00:00",48,
"2019-10-05 00:00:00",72,
"2019-10-06 00:00:00",88,
"2019-10-07 00:00:00",63,
"2019-10-08 00:00:00",58,
"2019-10-09 00:00:00",55,
"2019-10-10 00:00:00",48,
"2019-10-11 00:00:00",48,
"2019-10-12 00:00:00",77,
"2019-10-13 00:00:00",69,
"2019-10-14 00:00:00",62,
"2019-10-15 00:00:00",54,
"2019-10-16 00:00:00",51,
"2019-10-17 00:00:00",47,
"2019-10-18 00:00:00",46,
"2019-10-19 00:00:00",59,
"2019-10-20 00:00:00",64,
"2019-10-21 00:00:00",51,
"2019-10-22 00:00:00",48,
"2019-10-23 00:00:00",43,
"2019-10-24 00:00:00",39,
"2019-10-25 00:00:00",36,
"2019-10-26 00:00:00",57,
"2019-10-27 00:00:00",58,
"2019-10-28 00:00:00",42,
"2019-10-29 00:00:00",42,
"2019-10-30 00:00:00",43,
"2019-10-31 00:00:00",48,
"2019-11-01 00:00:00",51,
"2019-11-02 00:00:00",73,
"2019-11-03 00:00:00",85,
"2019-11-04 00:00:00",73,
"2019-11-05 00:00:00",88,
"2019-11-06 00:00:00",78,
"2019-11-07 00:00:00",98,
"2019-11-08 00:00:00",93,
"2019-11-09 00:00:00",130,
"2019-11-10 00:00:00",159,
"2019-11-11 00:00:00",145,
"2019-11-12 00:00:00",122,
"2019-11-13 00:00:00",104,
"2019-11-14 00:00:00",109,
"2019-11-15 00:00:00",179,
"2019-11-16 00:00:00",251,
"2019-11-17 00:00:00",239,
"2019-11-18 00:00:00",182,
"2019-11-19 00:00:00",154,
"2019-11-20 00:00:00",166,
"2019-11-21 00:00:00",165,
"2019-11-22 00:00:00",132,
"2019-11-23 00:00:00",149,
"2019-11-24 00:00:00",135,
"2019-11-25 00:00:00",103,
"2019-11-26 00:00:00",98,
"2019-11-27 00:00:00",89,
"2019-11-28 00:00:00",106,
"2019-11-29 00:00:00",103,
"2019-11-30 00:00:00",98,
"2019-12-01 00:00:00",106,
"2019-12-02 00:00:00",79,
"2019-12-03 00:00:00",77,
"2019-12-04 00:00:00",82,
"2019-12-05 00:00:00",64,
"2019-12-06 00:00:00",78,
"2019-12-07 00:00:00",96,
"2019-12-08 00:00:00",111,
"2019-12-09 00:00:00",93,
"2019-12-10 00:00:00",111,
"2019-12-11 00:00:00",94,
"2019-12-12 00:00:00",83,
"2019-12-13 00:00:00",62,
"2019-12-14 00:00:00",60,
"2019-12-15 00:00:00",72,
"2019-12-16 00:00:00",52,
"2019-12-17 00:00:00",52,
"2019-12-18 00:00:00",75,
"2019-12-19 00:00:00",76,
"2019-12-20 00:00:00",76,
"2019-12-21 00:00:00",89,
"2019-12-22 00:00:00",91,
"2019-12-23 00:00:00",84,
"2019-12-24 00:00:00",65,
"2019-12-25 00:00:00",84,
"2019-12-26 00:00:00",92,
"2019-12-27 00:00:00",78,
"2019-12-28 00:00:00",92,
"2019-12-29 00:00:00",93,
"2019-12-30 00:00:00",90,
"2019-12-31 00:00:00",78,
"2020-01-01 00:00:00",110,
"2020-01-02 00:00:00",96,
"2020-01-03 00:00:00",84,
"2020-01-04 00:00:00",112,
"2020-01-05 00:00:00",119,
"2020-01-06 00:00:00",90,
"2020-01-07 00:00:00",90,
"2020-01-08 00:00:00",82,
"2020-01-09 00:00:00",71,
"2020-01-10 00:00:00",87,
"2020-01-11 00:00:00",110,
"2020-01-12 00:00:00",120,
"2020-01-13 00:00:00",84,
"2020-01-14 00:00:00",87,
"2020-01-15 00:00:00",82,
"2020-01-16 00:00:00",72,
"2020-01-17 00:00:00",90,
"2020-01-18 00:00:00",112,
"2020-01-19 00:00:00",132,
"2020-01-20 00:00:00",119,
"2020-01-21 00:00:00",114,
"2020-01-22 00:00:00",91,
"2020-01-23 00:00:00",92,
"2020-01-24 00:00:00",111,
"2020-01-25 00:00:00",125,
"2020-01-26 00:00:00",145,
"2020-01-27 00:00:00",109,
"2020-01-28 00:00:00",111,
"2020-01-29 00:00:00",108,
"2020-01-30 00:00:00",113,
"2020-01-31 00:00:00",104,
"2020-02-01 00:00:00",285,
"2020-02-02 00:00:00",303,
"2020-02-03 00:00:00",223,
"2020-02-04 00:00:00",219,
"2020-02-05 00:00:00",235,
"2020-02-06 00:00:00",249,
"2020-02-07 00:00:00",270,
"2020-02-08 00:00:00",285,
"2020-02-09 00:00:00",303,
"2020-02-10 00:00:00",214,
"2020-02-11 00:00:00",200,
"2020-02-12 00:00:00",159,
"2020-02-13 00:00:00",123,
"2020-02-14 00:00:00",83,
"2020-02-15 00:00:00",150,
"2020-02-16 00:00:00",198,
"2020-02-17 00:00:00",137,
"2020-02-18 00:00:00",121,
"2020-02-19 00:00:00",161,
"2020-02-20 00:00:00",142,
"2020-02-21 00:00:00",173,
"2020-02-22 00:00:00",370,
"2020-02-23 00:00:00",637,
"2020-02-24 00:00:00",600,
"2020-02-25 00:00:00",486,
"2020-02-26 00:00:00",430,
"2020-02-27 00:00:00",438,
"2020-02-28 00:00:00",417,
"2020-02-29 00:00:00",520,
"2020-03-01 00:00:00",512,
"2020-03-02 00:00:00",376,
"2020-03-03 00:00:00",338,
"2020-03-04 00:00:00",325,
"2020-03-05 00:00:00",316,
"2020-03-06 00:00:00",298,
"2020-03-07 00:00:00",396,
"2020-03-08 00:00:00",403,
"2020-03-09 00:00:00",276,
"2020-03-10 00:00:00",245,
"2020-03-11 00:00:00",246,
"2020-03-12 00:00:00",221,
"2020-03-13 00:00:00",192,
"2020-03-14 00:00:00",189,
"2020-03-15 00:00:00",195,
"2020-03-16 00:00:00",140,
"2020-03-17 00:00:00",141,
"2020-03-18 00:00:00",149,
"2020-03-19 00:00:00",139,
"2020-03-20 00:00:00",142,
"2020-03-21 00:00:00",184,
"2020-03-22 00:00:00",175,
"2020-03-23 00:00:00",137,
"2020-03-24 00:00:00",155,
"2020-03-25 00:00:00",175,
"2020-03-26 00:00:00",150,
"2020-03-27 00:00:00",164,
"2020-03-28 00:00:00",333,
"2020-03-29 00:00:00",450,
"2020-03-30 00:00:00",528,
"2020-03-31 00:00:00",767,
"2020-04-01 00:00:00",792,
"2020-04-02 00:00:00",680,
"2020-04-03 00:00:00",632,
"2020-04-04 00:00:00",694,
"2020-04-05 00:00:00",677,
"2020-04-06 00:00:00",585,
"2020-04-07 00:00:00",556,
"2020-04-08 00:00:00",549,
"2020-04-09 00:00:00",540,
"2020-04-10 00:00:00",523,
"2020-04-11 00:00:00",583,
"2020-04-12 00:00:00",585,
"2020-04-13 00:00:00",540,
"2020-04-14 00:00:00",516,
"2020-04-15 00:00:00",503,
"2020-04-16 00:00:00",523,
"2020-04-17 00:00:00",524,
"2020-04-18 00:00:00",603,
"2020-04-19 00:00:00",614,
"2020-04-20 00:00:00",521,
"2020-04-21 00:00:00",497,
"2020-04-22 00:00:00",475,
"2020-04-23 00:00:00",504,
"2020-04-24 00:00:00",470,
"2020-04-25 00:00:00",509,
"2020-04-26 00:00:00",556,
"2020-04-27 00:00:00",475,
"2020-04-28 00:00:00",455,
"2020-04-29 00:00:00",447,
"2020-04-30 00:00:00",457,
"2020-05-01 00:00:00",442,
"2020-05-02 00:00:00",491,
"2020-05-03 00:00:00",479,
"2020-05-04 00:00:00",413,
"2020-05-05 00:00:00",416,
"2020-05-06 00:00:00",402,
"2020-05-07 00:00:00",375,
"2020-05-08 00:00:00",414,
"2020-05-09 00:00:00",483,
"2020-05-10 00:00:00",521,
"2020-05-11 00:00:00",439,
"2020-05-12 00:00:00",415,
"2020-05-13 00:00:00",419,
"2020-05-14 00:00:00",429,
"2020-05-15 00:00:00",439,
"2020-05-16 00:00:00",508,
"2020-05-17 00:00:00",564,
"2020-05-18 00:00:00",497,
"2020-05-19 00:00:00",463,
"2020-05-20 00:00:00",462,
"2020-05-21 00:00:00",464,
"2020-05-22 00:00:00",491,
"2020-05-23 00:00:00",538,
"2020-05-24 00:00:00",573,
"2020-05-25 00:00:00",550,
"2020-05-26 00:00:00",727,
"2020-05-27 00:00:00",753,
"2020-05-28 00:00:00",749,
"2020-05-29 00:00:00",752,
"2020-05-30 00:00:00",877,
"2020-05-31 00:00:00",1016,
"2020-06-01 00:00:00",794,
"2020-06-02 00:00:00",753,
"2020-06-03 00:00:00",753,
"2020-06-04 00:00:00",813,
"2020-06-05 00:00:00",789,
"2020-06-06 00:00:00",923,
"2020-06-07 00:00:00",949,
"2020-06-08 00:00:00",738,
"2020-06-09 00:00:00",677,
"2020-06-10 00:00:00",634,
"2020-06-11 00:00:00",642,
"2020-06-12 00:00:00",626,
"2020-06-13 00:00:00",716,
"2020-06-14 00:00:00",741,
"2020-06-15 00:00:00",608,
"2020-06-16 00:00:00",561,
"2020-06-17 00:00:00",506,
"2020-06-18 00:00:00",536,
"2020-06-19 00:00:00",464,
"2020-06-20 00:00:00",491,
"2020-06-21 00:00:00",537,
"2020-06-22 00:00:00",503,
"2020-06-23 00:00:00",469,
"2020-06-24 00:00:00",459,
"2020-06-25 00:00:00",465,
"2020-06-26 00:00:00",627,
"2020-06-27 00:00:00",760,
"2020-06-28 00:00:00",849,
"2020-06-29 00:00:00",724,
"2020-06-30 00:00:00",698,
"2020-07-01 00:00:00",715,
"2020-07-02 00:00:00",714,
"2020-07-03 00:00:00",843,
"2020-07-04 00:00:00",818,
"2020-07-05 00:00:00",824,
"2020-07-06 00:00:00",673,
"2020-07-07 00:00:00",618,
"2020-07-08 00:00:00",599,
"2020-07-09 00:00:00",556,
"2020-07-10 00:00:00",574,
"2020-07-11 00:00:00",625,
"2020-07-12 00:00:00",599,
"2020-07-13 00:00:00",499,
"2020-07-14 00:00:00",445,
"2020-07-15 00:00:00",442,
"2020-07-16 00:00:00",432,
"2020-07-17 00:00:00",404,
"2020-07-18 00:00:00",451,
"2020-07-19 00:00:00",513,
"2020-07-20 00:00:00",412,
"2020-07-21 00:00:00",373,
"2020-07-22 00:00:00",363,
"2020-07-23 00:00:00",335,
"2020-07-24 00:00:00",371,
"2020-07-25 00:00:00",442,
"2020-07-26 00:00:00",442,
"2020-07-27 00:00:00",391,
"2020-07-28 00:00:00",354,
"2020-07-29 00:00:00",360,
"2020-07-30 00:00:00",352,
"2020-07-31 00:00:00",407,
"2020-08-01 00:00:00",540,
"2020-08-02 00:00:00",616,
"2020-08-03 00:00:00",535,
"2020-08-04 00:00:00",732,
"2020-08-05 00:00:00",1048,
"2020-08-06 00:00:00",1041,
"2020-08-07 00:00:00",1072,
"2020-08-08 00:00:00",1366,
"2020-08-09 00:00:00",1358,
"2020-08-10 00:00:00",1191,
"2020-08-11 00:00:00",1006,
"2020-08-12 00:00:00",987,
"2020-08-13 00:00:00",1017,
"2020-08-14 00:00:00",955,
"2020-08-15 00:00:00",1074,
"2020-08-16 00:00:00",1101,
"2020-08-17 00:00:00",924,
"2020-08-18 00:00:00",802,
"2020-08-19 00:00:00",796,
"2020-08-20 00:00:00",778,
"2020-08-21 00:00:00",808,
"2020-08-22 00:00:00",926,
"2020-08-23 00:00:00",985,
"2020-08-24 00:00:00",789,
"2020-08-25 00:00:00",725,
"2020-08-26 00:00:00",690,
"2020-08-27 00:00:00",637,
"2020-08-28 00:00:00",612,
"2020-08-29 00:00:00",723,
"2020-08-30 00:00:00",771,
"2020-08-31 00:00:00",632,
"2020-09-01 00:00:00",595,
"2020-09-02 00:00:00",571,
"2020-09-03 00:00:00",543,
"2020-09-04 00:00:00",576,
"2020-09-05 00:00:00",624,
"2020-09-06 00:00:00",705,
"2020-09-07 00:00:00",671,
"2020-09-08 00:00:00",541,
"2020-09-09 00:00:00",501,
"2020-09-10 00:00:00",500,
"2020-09-11 00:00:00",490,
"2020-09-12 00:00:00",587,
"2020-09-13 00:00:00",644,
"2020-09-14 00:00:00",502,
"2020-09-15 00:00:00",467,
"2020-09-16 00:00:00",420,
"2020-09-17 00:00:00",425,
"2020-09-18 00:00:00",380,
"2020-09-19 00:00:00",375,
"2020-09-20 00:00:00",414,
"2020-09-21 00:00:00",309,
"2020-09-22 00:00:00",314,
"2020-09-23 00:00:00",293,
"2020-09-24 00:00:00",274,
"2020-09-25 00:00:00",288,
"2020-09-26 00:00:00",326,
"2020-09-27 00:00:00",351,
"2020-09-28 00:00:00",282,
"2020-09-29 00:00:00",261,
"2020-09-30 00:00:00",278,
"2020-10-01 00:00:00",279,
"2020-10-02 00:00:00",273,
"2020-10-03 00:00:00",340,
"2020-10-04 00:00:00",378,
"2020-10-05 00:00:00",333,
"2020-10-06 00:00:00",270,
"2020-10-07 00:00:00",491,
"2020-10-08 00:00:00",603,
"2020-10-09 00:00:00",646,
"2020-10-10 00:00:00",777,
"2020-10-11 00:00:00",845,
"2020-10-12 00:00:00",809,
"2020-10-13 00:00:00",656,
"2020-10-14 00:00:00",632,
"2020-10-15 00:00:00",586,
"2020-10-16 00:00:00",569,
"2020-10-17 00:00:00",702,
"2020-10-18 00:00:00",796,
"2020-10-19 00:00:00",622,
"2020-10-20 00:00:00",611,
"2020-10-21 00:00:00",594,
"2020-10-22 00:00:00",535,
"2020-10-23 00:00:00",582,
"2020-10-24 00:00:00",666,
"2020-10-25 00:00:00",734,
"2020-10-26 00:00:00",584,
"2020-10-27 00:00:00",593,
"2020-10-28 00:00:00",573,
"2020-10-29 00:00:00",559,
"2020-10-30 00:00:00",532,
"2020-10-31 00:00:00",592,
"2020-11-01 00:00:00",650,
"2020-11-02 00:00:00",484,
"2020-11-03 00:00:00",516,
"2020-11-04 00:00:00",461,
"2020-11-05 00:00:00",442,
"2020-11-06 00:00:00",427,
"2020-11-07 00:00:00",520,
"2020-11-08 00:00:00",565,
"2020-11-09 00:00:00",444,
"2020-11-10 00:00:00",389,
"2020-11-11 00:00:00",422,
"2020-11-12 00:00:00",358,
"2020-11-13 00:00:00",359,
"2020-11-14 00:00:00",429,
"2020-11-15 00:00:00",419,
"2020-11-16 00:00:00",328,
"2020-11-17 00:00:00",341,
"2020-11-18 00:00:00",337,
"2020-11-19 00:00:00",313,
"2020-11-20 00:00:00",298,
"2020-11-21 00:00:00",311,
"2020-11-22 00:00:00",357,
"2020-11-23 00:00:00",286,
"2020-11-24 00:00:00",306,
"2020-11-25 00:00:00",401,
"2020-11-26 00:00:00",438,
"2020-11-27 00:00:00",492,
"2020-11-28 00:00:00",625,
"2020-11-29 00:00:00",761,
"2020-11-30 00:00:00",709,
"2020-12-01 00:00:00",682,
"2020-12-02 00:00:00",578,
"2020-12-03 00:00:00",477,
"2020-12-04 00:00:00",2156,
"2020-12-05 00:00:00",2573,
"2020-12-06 00:00:00",2726,
"2020-12-07 00:00:00",2327,
"2020-12-08 00:00:00",2114,
"2020-12-09 00:00:00",1680,
"2020-12-10 00:00:00",1280,
"2020-12-11 00:00:00",1273,
"2020-12-12 00:00:00",1465,
"2020-12-13 00:00:00",1544,
"2020-12-14 00:00:00",1204,
"2020-12-15 00:00:00",1217,
"2020-12-16 00:00:00",1080,
"2020-12-17 00:00:00",1089,
"2020-12-18 00:00:00",979,
"2020-12-19 00:00:00",1126,
"2020-12-20 00:00:00",1146,
"2020-12-21 00:00:00",906,
"2020-12-22 00:00:00",898,
"2020-12-23 00:00:00",767,
"2020-12-24 00:00:00",675,
"2020-12-25 00:00:00",757,
"2020-12-26 00:00:00",864,
"2020-12-27 00:00:00",908,
"2020-12-28 00:00:00",834,
"2020-12-29 00:00:00",803,
"2020-12-30 00:00:00",762,
"2020-12-31 00:00:00",705,
"2021-01-01 00:00:00",861,
"2021-01-02 00:00:00",921,
"2021-01-03 00:00:00",886,
"2021-01-04 00:00:00",783,
"2021-01-05 00:00:00",774,
"2021-01-06 00:00:00",737,
"2021-01-07 00:00:00",720,
"2021-01-08 00:00:00",758,
"2021-01-09 00:00:00",941,
"2021-01-10 00:00:00",935,
"2021-01-11 00:00:00",742,
"2021-01-12 00:00:00",741,
"2021-01-13 00:00:00",659,
"2021-01-14 00:00:00",640,
"2021-01-15 00:00:00",556,
"2021-01-16 00:00:00",626,
"2021-01-17 00:00:00",632,
"2021-01-18 00:00:00",541,
"2021-01-19 00:00:00",502,
"2021-01-20 00:00:00",506,
"2021-01-21 00:00:00",496,
"2021-01-22 00:00:00",500,
"2021-01-23 00:00:00",571,
"2021-01-24 00:00:00",626,
"2021-01-25 00:00:00",496,
"2021-01-26 00:00:00",540,
"2021-01-27 00:00:00",534,
"2021-01-28 00:00:00",471,
"2021-01-29 00:00:00",519,
"2021-01-30 00:00:00",629,
"2021-01-31 00:00:00",651,
"2021-02-01 00:00:00",546,
"2021-02-02 00:00:00",523,
"2021-02-03 00:00:00",510,
"2021-02-04 00:00:00",483,
"2021-02-05 00:00:00",506,
"2021-02-06 00:00:00",630,
"2021-02-07 00:00:00",667,
"2021-02-08 00:00:00",528,
"2021-02-09 00:00:00",486,
"2021-02-10 00:00:00",498,
"2021-02-11 00:00:00",486,
"2021-02-12 00:00:00",529,
"2021-02-13 00:00:00",648,
"2021-02-14 00:00:00",751,
"2021-02-15 00:00:00",698,
"2021-02-16 00:00:00",616,
"2021-02-17 00:00:00",608,
"2021-02-18 00:00:00",934,
"2021-02-19 00:00:00",1143,
"2021-02-20 00:00:00",1353,
"2021-02-21 00:00:00",1429,
"2021-02-22 00:00:00",1228,
"2021-02-23 00:00:00",1171,
"2021-02-24 00:00:00",1166,
"2021-02-25 00:00:00",1035,
"2021-02-26 00:00:00",1126,
"2021-02-27 00:00:00",1314,
"2021-02-28 00:00:00",1395,
"2021-03-01 00:00:00",1121,
"2021-03-02 00:00:00",1056,
"2021-03-03 00:00:00",1077,
"2021-03-04 00:00:00",1052,
"2021-03-05 00:00:00",1009,
"2021-03-06 00:00:00",1200,
"2021-03-07 00:00:00",1285,
"2021-03-08 00:00:00",1053,
"2021-03-09 00:00:00",997,
"2021-03-10 00:00:00",966,
"2021-03-11 00:00:00",1036,
"2021-03-12 00:00:00",1176,
"2021-03-13 00:00:00",1681,
"2021-03-14 00:00:00",1892,
"2021-03-15 00:00:00",1654,
"2021-03-16 00:00:00",1713,
"2021-03-17 00:00:00",1599,
"2021-03-18 00:00:00",1761,
"2021-03-19 00:00:00",1957,
"2021-03-20 00:00:00",2566,
"2021-03-21 00:00:00",3082,
"2021-03-22 00:00:00",3237,
"2021-03-23 00:00:00",3336,
"2021-03-24 00:00:00",3714,
"2021-03-25 00:00:00",3978,
"2021-03-26 00:00:00",5028,
"2021-03-27 00:00:00",6453,
"2021-03-28 00:00:00",7273,
"2021-03-29 00:00:00",5636,
"2021-03-30 00:00:00",5084,
"2021-03-31 00:00:00",4684,
"2021-04-01 00:00:00",4466,
"2021-04-02 00:00:00",4460,
"2021-04-03 00:00:00",3974,
"2021-04-04 00:00:00",3932,
"2021-04-05 00:00:00",3335,
"2021-04-06 00:00:00",2984,
"2021-04-07 00:00:00",2834,
"2021-04-08 00:00:00",2530,
"2021-04-09 00:00:00",2607,
"2021-04-10 00:00:00",3330,
"2021-04-11 00:00:00",3421,
"2021-04-12 00:00:00",2550,
"2021-04-13 00:00:00",2208,
"2021-04-14 00:00:00",2010,
"2021-04-15 00:00:00",1846,
"2021-04-16 00:00:00",1503,
"2021-04-17 00:00:00",1559,
"2021-04-18 00:00:00",1514,
"2021-04-19 00:00:00",1176,
"2021-04-20 00:00:00",1102,
"2021-04-21 00:00:00",1120,
"2021-04-22 00:00:00",1138,
"2021-04-23 00:00:00",1148,
"2021-04-24 00:00:00",1349,
"2021-04-25 00:00:00",1489,
"2021-04-26 00:00:00",1184,
"2021-04-27 00:00:00",1210,
"2021-04-28 00:00:00",1187,
"2021-04-29 00:00:00",1226,
"2021-04-30 00:00:00",1302,
"2021-05-01 00:00:00",1523,
"2021-05-02 00:00:00",1575,
"2021-05-03 00:00:00",1355,
"2021-05-04 00:00:00",1321,
"2021-05-05 00:00:00",1237,
"2021-05-06 00:00:00",1279,
"2021-05-07 00:00:00",1318,
"2021-05-08 00:00:00",1559,
"2021-05-09 00:00:00",1680,
"2021-05-10 00:00:00",1385,
"2021-05-11 00:00:00",1442,
"2021-05-12 00:00:00",1456,
"2021-05-13 00:00:00",1472,
"2021-05-14 00:00:00",1456,
"2021-05-15 00:00:00",1741,
"2021-05-16 00:00:00",1900,
"2021-05-17 00:00:00",1582,
"2021-05-18 00:00:00",1517,
"2021-05-19 00:00:00",1452,
"2021-05-20 00:00:00",1433,
"2021-05-21 00:00:00",1424,
"2021-05-22 00:00:00",1709,
"2021-05-23 00:00:00",1936,
"2021-05-24 00:00:00",4066,
"2021-05-25 00:00:00",3676,
"2021-05-26 00:00:00",3560,
"2021-05-27 00:00:00",3495,
"2021-05-28 00:00:00",3484,
"2021-05-29 00:00:00",3790,
"2021-05-30 00:00:00",3774,
"2021-05-31 00:00:00",3537,
"2021-06-01 00:00:00",2863,
"2021-06-02 00:00:00",2578,
"2021-06-03 00:00:00",2633,
"2021-06-04 00:00:00",2661,
"2021-06-05 00:00:00",3184,
"2021-06-06 00:00:00",3281,
"2021-06-07 00:00:00",2668,
"2021-06-08 00:00:00",2430,
"2021-06-09 00:00:00",2252,
"2021-06-10 00:00:00",2057,
"2021-06-11 00:00:00",2033,
"2021-06-12 00:00:00",2286,
"2021-06-13 00:00:00",2397,
"2021-06-14 00:00:00",1913,
"2021-06-15 00:00:00",1749,
"2021-06-16 00:00:00",1678,
"2021-06-17 00:00:00",1534,
"2021-06-18 00:00:00",1645,
"2021-06-19 00:00:00",1845,
"2021-06-20 00:00:00",1934,
"2021-06-21 00:00:00",1520,
"2021-06-22 00:00:00",1409,
"2021-06-23 00:00:00",1294,
"2021-06-24 00:00:00",1363,
"2021-06-25 00:00:00",1701,
"2021-06-26 00:00:00",2261,
"2021-06-27 00:00:00",2591,
"2021-06-28 00:00:00",2143,
"2021-06-29 00:00:00",2199,
"2021-06-30 00:00:00",2078,
"2021-07-01 00:00:00",2172,
"2021-07-02 00:00:00",2190,
"2021-07-03 00:00:00",2658,
"2021-07-04 00:00:00",3023,
"2021-07-05 00:00:00",2901,
"2021-07-06 00:00:00",2344,
"2021-07-07 00:00:00",2194,
"2021-07-08 00:00:00",2162,
"2021-07-09 00:00:00",2134,
"2021-07-10 00:00:00",2384,
"2021-07-11 00:00:00",2463,
"2021-07-12 00:00:00",1936,
"2021-07-13 00:00:00",1754,
"2021-07-14 00:00:00",1720,
"2021-07-15 00:00:00",1636,
"2021-07-16 00:00:00",1594,
"2021-07-17 00:00:00",1871,
"2021-07-18 00:00:00",2035,
"2021-07-19 00:00:00",1622,
"2021-07-20 00:00:00",1471,
"2021-07-21 00:00:00",1409,
"2021-07-22 00:00:00",1326,
"2021-07-23 00:00:00",1102,
"2021-07-24 00:00:00",1131,
"2021-07-25 00:00:00",1293,
"2021-07-26 00:00:00",1007,
"2021-07-27 00:00:00",951,
"2021-07-28 00:00:00",920,
"2021-07-29 00:00:00",901,
"2021-07-30 00:00:00",916,
"2021-07-31 00:00:00",1110,
"2021-08-01 00:00:00",1332,
"2021-08-02 00:00:00",1045,
"2021-08-03 00:00:00",1011,
"2021-08-04 00:00:00",1044,
"2021-08-05 00:00:00",1035,
"2021-08-06 00:00:00",1111,
"2021-08-07 00:00:00",1315,
"2021-08-08 00:00:00",1478,
"2021-08-09 00:00:00",1174,
"2021-08-10 00:00:00",1078,
"2021-08-11 00:00:00",1077,
"2021-08-12 00:00:00",1044,
"2021-08-13 00:00:00",1046,
"2021-08-14 00:00:00",1254,
"2021-08-15 00:00:00",1454,
"2021-08-16 00:00:00",1195,
"2021-08-17 00:00:00",1158,
"2021-08-18 00:00:00",1139,
"2021-08-19 00:00:00",1192,
"2021-08-20 00:00:00",1164,
"2021-08-21 00:00:00",1407,
"2021-08-22 00:00:00",1558,
"2021-08-23 00:00:00",1258,
"2021-08-24 00:00:00",1266,
"2021-08-25 00:00:00",1276,
"2021-08-26 00:00:00",1242,
"2021-08-27 00:00:00",1316,
"2021-08-28 00:00:00",1657,
"2021-08-29 00:00:00",1813,
"2021-08-30 00:00:00",1409,
"2021-08-31 00:00:00",1361,
"2021-09-01 00:00:00",1360,
"2021-09-02 00:00:00",1324,
"2021-09-03 00:00:00",4349,
"2021-09-04 00:00:00",5085,
"2021-09-05 00:00:00",5907,
"2021-09-06 00:00:00",5921,
"2021-09-07 00:00:00",5095,
"2021-09-08 00:00:00",4824,
"2021-09-09 00:00:00",4355,
"2021-09-10 00:00:00",4083,
"2021-09-11 00:00:00",4455,
"2021-09-12 00:00:00",4670,
"2021-09-13 00:00:00",3708,
"2021-09-14 00:00:00",3439,
"2021-09-15 00:00:00",3201,
"2021-09-16 00:00:00",3054,
"2021-09-17 00:00:00",3067,
"2021-09-18 00:00:00",3507,
"2021-09-19 00:00:00",3803,
"2021-09-20 00:00:00",2824,
"2021-09-21 00:00:00",2701,
"2021-09-22 00:00:00",2527,
"2021-09-23 00:00:00",2216,
"2021-09-24 00:00:00",2098,
"2021-09-25 00:00:00",2677,
"2021-09-26 00:00:00",2725,
"2021-09-27 00:00:00",1967,
"2021-09-28 00:00:00",1732,
"2021-09-29 00:00:00",1649,
"2021-09-30 00:00:00",1620,
"2021-10-01 00:00:00",1622,
"2021-10-02 00:00:00",1999,
"2021-10-03 00:00:00",2132,
"2021-10-04 00:00:00",1522,
"2021-10-05 00:00:00",1484,
"2021-10-06 00:00:00",1447,
"2021-10-07 00:00:00",1390,
"2021-10-08 00:00:00",1432,
"2021-10-09 00:00:00",1848,
"2021-10-10 00:00:00",2003,
"2021-10-11 00:00:00",1544,
"2021-10-12 00:00:00",1432,
"2021-10-13 00:00:00",1304,
"2021-10-14 00:00:00",1167,
"2021-10-15 00:00:00",1222,
"2021-10-16 00:00:00",1570,
"2021-10-17 00:00:00",1636,
"2021-10-18 00:00:00",1134,
"2021-10-19 00:00:00",1022,
"2021-10-20 00:00:00",1001,
"2021-10-21 00:00:00",951,
"2021-10-22 00:00:00",913,
"2021-10-23 00:00:00",945,
"2021-10-24 00:00:00",951,
"2021-10-25 00:00:00",710,
"2021-10-26 00:00:00",684,
"2021-10-27 00:00:00",674,
"2021-10-28 00:00:00",633,
"2021-10-29 00:00:00",667,
"2021-10-30 00:00:00",813,
"2021-10-31 00:00:00",867,
"2021-11-01 00:00:00",720,
"2021-11-02 00:00:00",722,
"2021-11-03 00:00:00",717,
"2021-11-04 00:00:00",663,
"2021-11-05 00:00:00",712,
"2021-11-06 00:00:00",954,
"2021-11-07 00:00:00",1009,
"2021-11-08 00:00:00",783,
"2021-11-09 00:00:00",731,
"2021-11-10 00:00:00",724,
"2021-11-11 00:00:00",792,
"2021-11-12 00:00:00",803,
"2021-11-13 00:00:00",945,
"2021-11-14 00:00:00",1029,
"2021-11-15 00:00:00",814,
"2021-11-16 00:00:00",719,
"2021-11-17 00:00:00",712,
"2021-11-18 00:00:00",720,
"2021-11-19 00:00:00",749,
"2021-11-20 00:00:00",894,
"2021-11-21 00:00:00",1043,
"2021-11-22 00:00:00",817,
"2021-11-23 00:00:00",802,
"2021-11-24 00:00:00",806,
"2021-11-25 00:00:00",835,
"2021-11-26 00:00:00",901,
"2021-11-27 00:00:00",955,
"2021-11-28 00:00:00",1001,
"2021-11-29 00:00:00",786,
"2021-11-30 00:00:00",782,
"2021-12-01 00:00:00",757,
"2021-12-02 00:00:00",766,
"2021-12-03 00:00:00",754,
"2021-12-04 00:00:00",975,
"2021-12-05 00:00:00",1045,
"2021-12-06 00:00:00",869,
"2021-12-07 00:00:00",919,
"2021-12-08 00:00:00",895,
"2021-12-09 00:00:00",859,
"2021-12-10 00:00:00",4353,
"2021-12-11 00:00:00",4257,
"2021-12-12 00:00:00",4268,
"2021-12-13 00:00:00",3510,
"2021-12-14 00:00:00",3376,
"2021-12-15 00:00:00",3058,
"2021-12-16 00:00:00",3052,
"2021-12-17 00:00:00",2830,
"2021-12-18 00:00:00",3438,
"2021-12-19 00:00:00",3691,
"2021-12-20 00:00:00",3155,
"2021-12-21 00:00:00",3189,
"2021-12-22 00:00:00",3190,
"2021-12-23 00:00:00",3645,
"2021-12-24 00:00:00",3240,
"2021-12-25 00:00:00",3257,
"2021-12-26 00:00:00",3735,
"2021-12-27 00:00:00",3790,
"2021-12-28 00:00:00",3756,
"2021-12-29 00:00:00",3873,
"2021-12-30 00:00:00",4016,
"2021-12-31 00:00:00",3975,
"2022-01-01 00:00:00",4316,
"2022-01-02 00:00:00",4902,
"2022-01-03 00:00:00",4210,
"2022-01-04 00:00:00",3902,
"2022-01-05 00:00:00",3834,
"2022-01-06 00:00:00",3931,
"2022-01-07 00:00:00",3771,
"2022-01-08 00:00:00",4531,
"2022-01-09 00:00:00",4493,
"2022-01-10 00:00:00",3228,
"2022-01-11 00:00:00",3226,
"2022-01-12 00:00:00",2999,
"2022-01-13 00:00:00",3002,
"2022-01-14 00:00:00",3189,
"2022-01-15 00:00:00",3904,
"2022-01-16 00:00:00",3888,
"2022-01-17 00:00:00",3074,
"2022-01-18 00:00:00",2849,
"2022-01-19 00:00:00",2687,
"2022-01-20 00:00:00",2610,
"2022-01-21 00:00:00",2683,
"2022-01-22 00:00:00",3169,
"2022-01-23 00:00:00",3243,
"2022-01-24 00:00:00",2316,
"2022-01-25 00:00:00",2239,
"2022-01-26 00:00:00",2142,
"2022-01-27 00:00:00",2062,
"2022-01-28 00:00:00",1958,
"2022-01-29 00:00:00",2393,
"2022-01-30 00:00:00",2489,
"2022-01-31 00:00:00",1805,
"2022-02-01 00:00:00",1809,
"2022-02-02 00:00:00",1717,
"2022-02-03 00:00:00",1699,
"2022-02-04 00:00:00",1638,
"2022-02-05 00:00:00",1728,
"2022-02-06 00:00:00",1711,
"2022-02-07 00:00:00",1320,
"2022-02-08 00:00:00",1211,
"2022-02-09 00:00:00",1052,
"2022-02-10 00:00:00",1019,
"2022-02-11 00:00:00",1015,
"2022-02-12 00:00:00",1174,
"2022-02-13 00:00:00",1215,
"2022-02-14 00:00:00",852,
"2022-02-15 00:00:00",848,
"2022-02-16 00:00:00",827,
"2022-02-17 00:00:00",843,
"2022-02-18 00:00:00",835,
"2022-02-19 00:00:00",992,
"2022-02-20 00:00:00",1015,
"2022-02-21 00:00:00",784,
"2022-02-22 00:00:00",717,
"2022-02-23 00:00:00",728,
"2022-02-24 00:00:00",650,
"2022-02-25 00:00:00",613,
"2022-02-26 00:00:00",731,
"2022-02-27 00:00:00",742,
"2022-02-28 00:00:00",591,
"2022-03-01 00:00:00",577,
"2022-03-02 00:00:00",525,
"2022-03-03 00:00:00",508,
"2022-03-04 00:00:00",562,
"2022-03-05 00:00:00",684,
"2022-03-06 00:00:00",689,
"2022-03-07 00:00:00",525,
"2022-03-08 00:00:00",529,
"2022-03-09 00:00:00",487,
"2022-03-10 00:00:00",532,
"2022-03-11 00:00:00",571,
"2022-03-12 00:00:00",797,
"2022-03-13 00:00:00",801,
"2022-03-14 00:00:00",625,
"2022-03-15 00:00:00",608,
"2022-03-16 00:00:00",598,
"2022-03-17 00:00:00",667,
"2022-03-18 00:00:00",1443,
"2022-03-19 00:00:00",1661,
"2022-03-20 00:00:00",1753,
"2022-03-21 00:00:00",1342,
"2022-03-22 00:00:00",1210,
"2022-03-23 00:00:00",1235,
"2022-03-24 00:00:00",1083,
"2022-03-25 00:00:00",1083,
"2022-03-26 00:00:00",1316,
"2022-03-27 00:00:00",1386,
"2022-03-28 00:00:00",1069,
"2022-03-29 00:00:00",1036,
"2022-03-30 00:00:00",1051,
"2022-03-31 00:00:00",987,
"2022-04-01 00:00:00",1059,
"2022-04-02 00:00:00",1274,
"2022-04-03 00:00:00",1387,
"2022-04-04 00:00:00",1010,
"2022-04-05 00:00:00",974,
"2022-04-06 00:00:00",928,
"2022-04-07 00:00:00",955,
"2022-04-08 00:00:00",1038,
"2022-04-09 00:00:00",1384,
"2022-04-10 00:00:00",1375,
"2022-04-11 00:00:00",1016,
"2022-04-12 00:00:00",934,
"2022-04-13 00:00:00",860,
"2022-04-14 00:00:00",961,
"2022-04-15 00:00:00",1103,
"2022-04-16 00:00:00",1206,
"2022-04-17 00:00:00",1180,
"2022-04-18 00:00:00",1038,
"2022-04-19 00:00:00",913,
"2022-04-20 00:00:00",897,
"2022-04-21 00:00:00",821,
"2022-04-22 00:00:00",904,
"2022-04-23 00:00:00",1110,
"2022-04-24 00:00:00",1220,
"2022-04-25 00:00:00",913,
"2022-04-26 00:00:00",883,
"2022-04-27 00:00:00",990,
"2022-04-28 00:00:00",939,
"2022-04-29 00:00:00",948,
"2022-04-30 00:00:00",1162,
"2022-05-01 00:00:00",1306,
"2022-05-02 00:00:00",986,
"2022-05-03 00:00:00",939,
"2022-05-04 00:00:00",874,
"2022-05-05 00:00:00",859,
"2022-05-06 00:00:00",837,
"2022-05-07 00:00:00",1000,
"2022-05-08 00:00:00",1045,
"2022-05-09 00:00:00",850,
"2022-05-10 00:00:00",782,
"2022-05-11 00:00:00",728,
"2022-05-12 00:00:00",698,
"2022-05-13 00:00:00",645,
"2022-05-14 00:00:00",702,
"2022-05-15 00:00:00",762,
"2022-05-16 00:00:00",560,
"2022-05-17 00:00:00",543,
"2022-05-18 00:00:00",543,
"2022-05-19 00:00:00",530,
"2022-05-20 00:00:00",550,
"2022-05-21 00:00:00",709,
"2022-05-22 00:00:00",734,
"2022-05-23 00:00:00",630,
"2022-05-24 00:00:00",598,
"2022-05-25 00:00:00",603,
"2022-05-26 00:00:00",640,
"2022-05-27 00:00:00",618,
"2022-05-28 00:00:00",763,
"2022-05-29 00:00:00",826,
"2022-05-30 00:00:00",696,
"2022-05-31 00:00:00",637,
"2022-06-01 00:00:00",537,
"2022-06-02 00:00:00",553,
"2022-06-03 00:00:00",573,
"2022-06-04 00:00:00",717,
"2022-06-05 00:00:00",775,
"2022-06-06 00:00:00",694,
"2022-06-07 00:00:00",668,
"2022-06-08 00:00:00",640,
"2022-06-09 00:00:00",604,
"2022-06-10 00:00:00",653,
"2022-06-11 00:00:00",806,
"2022-06-12 00:00:00",879,
"2022-06-13 00:00:00",740,
"2022-06-14 00:00:00",736,
"2022-06-15 00:00:00",725,
"2022-06-16 00:00:00",772,
"2022-06-17 00:00:00",803,
"2022-06-18 00:00:00",933,
"2022-06-19 00:00:00",983,
"2022-06-20 00:00:00",900,
"2022-06-21 00:00:00",820,
"2022-06-22 00:00:00",803,
"2022-06-23 00:00:00",803,
"2022-06-24 00:00:00",950,
"2022-06-25 00:00:00",1121,
"2022-06-26 00:00:00",1290,
"2022-06-27 00:00:00",1086,
"2022-06-28 00:00:00",1058,
"2022-06-29 00:00:00",1032,
"2022-06-30 00:00:00",1021,
"2022-07-01 00:00:00",1079,
"2022-07-02 00:00:00",1249,
"2022-07-03 00:00:00",1354,
"2022-07-04 00:00:00",1308,
"2022-07-05 00:00:00",1136,
"2022-07-06 00:00:00",1082,
"2022-07-07 00:00:00",1106,
"2022-07-08 00:00:00",1093,
"2022-07-09 00:00:00",1191,
"2022-07-10 00:00:00",1286,
"2022-07-11 00:00:00",1049,
"2022-07-12 00:00:00",957,
"2022-07-13 00:00:00",880,
"2022-07-14 00:00:00",844,
"2022-07-15 00:00:00",935,
"2022-07-16 00:00:00",1034,
"2022-07-17 00:00:00",1111,
"2022-07-18 00:00:00",899,
"2022-07-19 00:00:00",876,
"2022-07-20 00:00:00",874,
"2022-07-21 00:00:00",865,
"2022-07-22 00:00:00",865,
"2022-07-23 00:00:00",1051,
"2022-07-24 00:00:00",1083,
"2022-07-25 00:00:00",938,
"2022-07-26 00:00:00",888,
"2022-07-27 00:00:00",866,
"2022-07-28 00:00:00",856,
"2022-07-29 00:00:00",838,
"2022-07-30 00:00:00",988,
"2022-07-31 00:00:00",1059,
"2022-08-01 00:00:00",939,
"2022-08-02 00:00:00",826,
"2022-08-03 00:00:00",850,
"2022-08-04 00:00:00",877,
"2022-08-05 00:00:00",944,
"2022-08-06 00:00:00",1145,
"2022-08-07 00:00:00",1277,
"2022-08-08 00:00:00",1091,
"2022-08-09 00:00:00",1071,
"2022-08-10 00:00:00",1024,
"2022-08-11 00:00:00",957,
"2022-08-12 00:00:00",879,
"2022-08-13 00:00:00",1014,
"2022-08-14 00:00:00",1113,
"2022-08-15 00:00:00",901,
"2022-08-16 00:00:00",818,
"2022-08-17 00:00:00",783,
"2022-08-18 00:00:00",736,
"2022-08-19 00:00:00",653,
"2022-08-20 00:00:00",667,
"2022-08-21 00:00:00",741,
"2022-08-22 00:00:00",663,
"2022-08-23 00:00:00",707,
"2022-08-24 00:00:00",782,
"2022-08-25 00:00:00",778,
"2022-08-26 00:00:00",763,
"2022-08-27 00:00:00",865,
"2022-08-28 00:00:00",965,
"2022-08-29 00:00:00",807,
"2022-08-30 00:00:00",756,
"2022-08-31 00:00:00",797,
"2022-09-01 00:00:00",824,
"2022-09-02 00:00:00",863,
"2022-09-03 00:00:00",1148,
"2022-09-04 00:00:00",1295,
"2022-09-05 00:00:00",1237,
"2022-09-06 00:00:00",1006,
"2022-09-07 00:00:00",1046,
"2022-09-08 00:00:00",1047,
"2022-09-09 00:00:00",1050,
"2022-09-10 00:00:00",1255,
"2022-09-11 00:00:00",1481,
"2022-09-12 00:00:00",1262,
"2022-09-13 00:00:00",1510,
"2022-09-14 00:00:00",1705,
"2022-09-15 00:00:00",2077,
"2022-09-16 00:00:00",2479,
"2022-09-17 00:00:00",3110,
"2022-09-18 00:00:00",3356,
"2022-09-19 00:00:00",2884,
"2022-09-20 00:00:00",2819,
"2022-09-21 00:00:00",2587,
"2022-09-22 00:00:00",2539,
"2022-09-23 00:00:00",2599,1800
"2022-09-24 00:00:00",3027,2197
"2022-09-25 00:00:00",3402,2423
"2022-09-26 00:00:00",3048,1951
"2022-09-27 00:00:00",2753,1892
"2022-09-28 00:00:00",2773,1837
"2022-09-29 00:00:00",2693,1826
"2022-09-30 00:00:00",2683,1881
"2022-10-01 00:00:00",2981,2247
"2022-10-02 00:00:00",3137,2315
"2022-10-03 00:00:00",2502,1808
"2022-10-04 00:00:00",2229,1535
"2022-10-05 00:00:00",2135,1427
"2022-10-06 00:00:00",2039,1401
"2022-10-07 00:00:00",1997,1386
"2022-10-08 00:00:00",2198,1652
"2022-10-09 00:00:00",2351,1722
"2022-10-10 00:00:00",2064,1373
"2022-10-11 00:00:00",1861,1237
"2022-10-12 00:00:00",1644,1135
"2022-10-13 00:00:00",1640,1103
"2022-10-14 00:00:00",1629,1128
"2022-10-15 00:00:00",1795,1348
"2022-10-16 00:00:00",1813,1389
"2022-10-17 00:00:00",1609,1049
"2022-10-18 00:00:00",1507,1007
"2022-10-19 00:00:00",1343,933
"2022-10-20 00:00:00",1304,893
"2022-10-21 00:00:00",1344,917
"2022-10-22 00:00:00",1448,1102
"2022-10-23 00:00:00",1542,1137
"2022-10-24 00:00:00",1310,866
"2022-10-25 00:00:00",1210,827
"2022-10-26 00:00:00",1100,762
"2022-10-27 00:00:00",1104,745
"2022-10-28 00:00:00",1092,755
"2022-10-29 00:00:00",1194,886
"2022-10-30 00:00:00",1252,942
"2022-10-31 00:00:00",999,735
"2022-11-01 00:00:00",1001,735
"2022-11-02 00:00:00",975,660
"2022-11-03 00:00:00",912,636
"2022-11-04 00:00:00",929,652
"2022-11-05 00:00:00",1080,796
"2022-11-06 00:00:00",1149,848
"2022-11-07 00:00:00",925,638
"2022-11-08 00:00:00",891,620
"2022-11-09 00:00:00",831,586
"2022-11-10 00:00:00",856,603
"2022-11-11 00:00:00",952,691
"2022-11-12 00:00:00",1030,789
"2022-11-13 00:00:00",1107,847
"2022-11-14 00:00:00",835,615
"2022-11-15 00:00:00",809,570
"2022-11-16 00:00:00",738,544
"2022-11-17 00:00:00",715,500
"2022-11-18 00:00:00",716,527
"2022-11-19 00:00:00",848,639
"2022-11-20 00:00:00",869,668
"2022-11-21 00:00:00",703,503
"2022-11-22 00:00:00",651,485
"2022-11-23 00:00:00",658,465
"2022-11-24 00:00:00",612,451
"2022-11-25 00:00:00",666,486
"2022-11-26 00:00:00",722,587
"2022-11-27 00:00:00",776,610
"2022-11-28 00:00:00",630,470
"2022-11-29 00:00:00",566,414
"2022-11-30 00:00:00",548,421
"2022-12-01 00:00:00",543,411
"2022-12-02 00:00:00",574,424
"2022-12-03 00:00:00",656,523
"2022-12-04 00:00:00",760,576
"2022-12-05 00:00:00",568,431
"2022-12-06 00:00:00",522,402
"2022-12-07 00:00:00",502,380
"2022-12-08 00:00:00",503,374
"2022-12-09 00:00:00",426,325
"2022-12-10 00:00:00",478,372
"2022-12-11 00:00:00",508,395
"2022-12-12 00:00:00",454,302
"2022-12-13 00:00:00",388,278
"2022-12-14 00:00:00",347,257
"2022-12-15 00:00:00",371,254
"2022-12-16 00:00:00",378,270
"2022-12-17 00:00:00",457,347
"2022-12-18 00:00:00",467,363
"2022-12-19 00:00:00",431,308
"2022-12-20 00:00:00",448,310
"2022-12-21 00:00:00",454,318
"2022-12-22 00:00:00",422,314
"2022-12-23 00:00:00",454,317
"2022-12-24 00:00:00",395,324
"2022-12-25 00:00:00",419,316
"2022-12-26 00:00:00",462,336
"2022-12-27 00:00:00",447,325
"2022-12-28 00:00:00",443,326
"2022-12-29 00:00:00",433,327
"2022-12-30 00:00:00",470,351
"2022-12-31 00:00:00",492,367
"2023-01-01 00:00:00",550,399
"2023-01-02 00:00:00",539,406
"2023-01-03 00:00:00",460,349
"2023-01-04 00:00:00",484,345
"2023-01-05 00:00:00",497,342
"2023-01-06 00:00:00",516,373
"2023-01-07 00:00:00",584,438
"2023-01-08 00:00:00",618,460
"2023-01-09 00:00:00",505,356
"2023-01-10 00:00:00",464,344
"2023-01-11 00:00:00",493,354
"2023-01-12 00:00:00",530,368
"2023-01-13 00:00:00",577,405
"2023-01-14 00:00:00",681,520
"2023-01-15 00:00:00",723,548
"2023-01-16 00:00:00",631,448
"2023-01-17 00:00:00",556,399
"2023-01-18 00:00:00",532,403
"2023-01-19 00:00:00",551,405
"2023-01-20 00:00:00",543,411
"2023-01-21 00:00:00",645,491
"2023-01-22 00:00:00",697,526
"2023-01-23 00:00:00",555,432
"2023-01-24 00:00:00",616,450
"2023-01-25 00:00:00",577,442
"2023-01-26 00:00:00",585,445
"2023-01-27 00:00:00",698,504
"2023-01-28 00:00:00",816,621
"2023-01-29 00:00:00",869,670
"2023-01-30 00:00:00",751,529
"2023-01-31 00:00:00",709,502
"2023-02-01 00:00:00",695,490
"2023-02-02 00:00:00",1597,781
"2023-02-03 00:00:00",1736,1196
"2023-02-04 00:00:00",2286,1536
"2023-02-05 00:00:00",1959,1571
"2023-02-06 00:00:00",1489,1103
"2023-02-07 00:00:00",1247,963
"2023-02-08 00:00:00",1212,877
"2023-02-09 00:00:00",1071,814
"2023-02-10 00:00:00",1018,800
"2023-02-11 00:00:00",1140,924
"2023-02-12 00:00:00",1160,909
"2023-02-13 00:00:00",765,622
"2023-02-14 00:00:00",723,557
"2023-02-15 00:00:00",681,548
"2023-02-16 00:00:00",705,535
"2023-02-17 00:00:00",826,608
"2023-02-18 00:00:00",996,768
"2023-02-19 00:00:00",1067,844
"2023-02-20 00:00:00",972,690
"2023-02-21 00:00:00",894,640
"2023-02-22 00:00:00",969,697
"2023-02-23 00:00:00",923,736
"2023-02-24 00:00:00",1012,748
"2023-02-25 00:00:00",1144,867
"2023-02-26 00:00:00",1309,1011
"2023-02-27 00:00:00",1158,821
"2023-02-28 00:00:00",1118,835
"2023-03-01 00:00:00",1122,816
"2023-03-02 00:00:00",1120,818
"2023-03-03 00:00:00",1235,885
"2023-03-04 00:00:00",1595,1192
"2023-03-05 00:00:00",1924,1386
"2023-03-06 00:00:00",1589,1118
"2023-03-07 00:00:00",1800,1227
"2023-03-08 00:00:00",2333,1539
"2023-03-09 00:00:00",18310,5758
"2023-03-10 00:00:00",31406,19220
"2023-03-11 00:00:00",38528,27208
"2023-03-12 00:00:00",40591,29613
"2023-03-13 00:00:00",33555,22717
"2023-03-14 00:00:00",31547,21162
"2023-03-15 00:00:00",28969,19913
"2023-03-16 00:00:00",27075,18350
"2023-03-17 00:00:00",20239,16027
"2023-03-18 00:00:00",22383,16364
"2023-03-19 00:00:00",24792,17995
"2023-03-20 00:00:00",22717,14459
"2023-03-21 00:00:00",23423,15707
"2023-03-22 00:00:00",21900,15121
"2023-03-23 00:00:00",21129,14400
"2023-03-24 00:00:00",16323,12484
"2023-03-25 00:00:00",16272,11836
"2023-03-26 00:00:00",19026,13734
"2023-03-27 00:00:00",17971,11841
"2023-03-28 00:00:00",18770,12852
"2023-03-29 00:00:00",18392,12799
"2023-03-30 00:00:00",17749,12625
"2023-03-31 00:00:00",19520,13362
"2023-04-01 00:00:00",23846,17691
"2023-04-02 00:00:00",25926,19123
"2023-04-03 00:00:00",20389,14658
"2023-04-04 00:00:00",18540,13556
"2023-04-05 00:00:00",16799,12737
"2023-04-06 00:00:00",16105,11936
"2023-04-07 00:00:00",15384,12423
"2023-04-08 00:00:00",14746,11548
"2023-04-09 00:00:00",14272,11299
"2023-04-10 00:00:00",12033,9512
"2023-04-11 00:00:00",10353,7669
"2023-04-12 00:00:00",9528,7024
"2023-04-13 00:00:00",9224,6777
"2023-04-14 00:00:00",9822,6972
"2023-04-15 00:00:00",11025,8537
"2023-04-16 00:00:00",11396,8769
"2023-04-17 00:00:00",8400,6299
"2023-04-18 00:00:00",7926,5756
"2023-04-19 00:00:00",7473,5385
"2023-04-20 00:00:00",7098,5239
"2023-04-21 00:00:00",7328,5356
"2023-04-22 00:00:00",8459,6595
"2023-04-23 00:00:00",8734,6749
"2023-04-24 00:00:00",6753,4959
"2023-04-25 00:00:00",6164,4606
"2023-04-26 00:00:00",5650,4198
"2023-04-27 00:00:00",5368,3951
"2023-04-28 00:00:00",5660,4110
"2023-04-29 00:00:00",6410,4977
"2023-04-30 00:00:00",6719,5196
"2023-05-01 00:00:00",5354,4382
"2023-05-02 00:00:00",4653,3481
"2023-05-03 00:00:00",4338,3229
"2023-05-04 00:00:00",4117,3055
"2023-05-05 00:00:00",4373,3195
"2023-05-06 00:00:00",5034,3954
"2023-05-07 00:00:00",5298,4206
"2023-05-08 00:00:00",4079,3115
"2023-05-09 00:00:00",3577,2732
"2023-05-10 00:00:00",3373,2558
"2023-05-11 00:00:00",3323,2437
"2023-05-12 00:00:00",3026,2299
"2023-05-13 00:00:00",2838,2261
"2023-05-14 00:00:00",3470,2566
"2023-05-15 00:00:00",3287,2329
"2023-05-16 00:00:00",3209,2298
"2023-05-17 00:00:00",3197,2326
"2023-05-18 00:00:00",3186,2461
"2023-05-19 00:00:00",3453,2506
"2023-05-20 00:00:00",3874,3013
"2023-05-21 00:00:00",4098,3179
"2023-05-22 00:00:00",3344,2374
"2023-05-23 00:00:00",3033,2195
"2023-05-24 00:00:00",2896,2088
"2023-05-25 00:00:00",5080,2593
"2023-05-26 00:00:00",5715,3945
"2023-05-27 00:00:00",6048,4564
"2023-05-28 00:00:00",6276,4745
"2023-05-29 00:00:00",5732,4109
"2023-05-30 00:00:00",4258,2993
"2023-05-31 00:00:00",3692,2598
"2023-06-01 00:00:00",3157,2330
"2023-06-02 00:00:00",2349,1653
"2023-06-03 00:00:00",2620,1975
"2023-06-04 00:00:00",2855,2121
"2023-06-05 00:00:00",2236,1563
"2023-06-06 00:00:00",1901,1339
"2023-06-07 00:00:00",1738,1226
"2023-06-08 00:00:00",1772,1255
"2023-06-09 00:00:00",1716,1229
"2023-06-10 00:00:00",1939,1457
"2023-06-11 00:00:00",2011,1528
"2023-06-12 00:00:00",1562,1134
"2023-06-13 00:00:00",1537,1040
"2023-06-14 00:00:00",1391,991
"2023-06-15 00:00:00",1467,990
"2023-06-16 00:00:00",1465,1032
"2023-06-17 00:00:00",1721,1272
"2023-06-18 00:00:00",1714,1333
"2023-06-19 00:00:00",1480,1020
"2023-06-20 00:00:00",1367,929
"2023-06-21 00:00:00",1264,901
"2023-06-22 00:00:00",1280,897
"2023-06-23 00:00:00",1345,955
"2023-06-24 00:00:00",1502,1141
"2023-06-25 00:00:00",1786,1278
"2023-06-26 00:00:00",1354,946
"2023-06-27 00:00:00",1296,941
"2023-06-28 00:00:00",1262,876
"2023-06-29 00:00:00",1203,846
"2023-06-30 00:00:00",1198,856
"2023-07-01 00:00:00",1415,1055
"2023-07-02 00:00:00",1463,1104
"2023-07-03 00:00:00",1282,890
"2023-07-04 00:00:00",1307,898
"2023-07-05 00:00:00",1136,794
"2023-07-06 00:00:00",1068,762
"2023-07-07 00:00:00",1062,775
"2023-07-08 00:00:00",1228,955
"2023-07-09 00:00:00",1225,968
"2023-07-10 00:00:00",1017,743
"2023-07-11 00:00:00",942,707
"2023-07-12 00:00:00",933,697
"2023-07-13 00:00:00",974,713
"2023-07-14 00:00:00",982,737
"2023-07-15 00:00:00",1221,942
"2023-07-16 00:00:00",1345,1011
"2023-07-17 00:00:00",1045,789
"2023-07-18 00:00:00",977,735
"2023-07-19 00:00:00",1115,802
"2023-07-20 00:00:00",990,792
"2023-07-21 00:00:00",1020,743
"2023-07-22 00:00:00",1200,898
"2023-07-23 00:00:00",1211,926
"2023-07-24 00:00:00",1013,721
"2023-07-25 00:00:00",999,711
"2023-07-26 00:00:00",935,685
"2023-07-27 00:00:00",937,700
"2023-07-28 00:00:00",979,712
"2023-07-29 00:00:00",1138,868
"2023-07-30 00:00:00",1296,970
"2023-07-31 00:00:00",1114,816
"2023-08-01 00:00:00",1083,776
"2023-08-02 00:00:00",1045,745
"2023-08-03 00:00:00",930,709
"2023-08-04 00:00:00",866,658
"2023-08-05 00:00:00",966,763
"2023-08-06 00:00:00",1017,793
"2023-08-07 00:00:00",855,619
"2023-08-08 00:00:00",780,574
"2023-08-09 00:00:00",716,540
"2023-08-10 00:00:00",661,505
"2023-08-11 00:00:00",697,517
"2023-08-12 00:00:00",850,636
"2023-08-13 00:00:00",896,694
"2023-08-14 00:00:00",684,545
"2023-08-15 00:00:00",689,527
"2023-08-16 00:00:00",677,501
"2023-08-17 00:00:00",626,481
"2023-08-18 00:00:00",631,470
"2023-08-19 00:00:00",672,508
"2023-08-20 00:00:00",665,527
"2023-08-21 00:00:00",561,420
"2023-08-22 00:00:00",528,309
"2023-08-23 00:00:00",709,501
"2023-08-24 00:00:00",778,542
"2023-08-25 00:00:00",835,597
"2023-08-26 00:00:00",1025,734
"2023-08-27 00:00:00",1099,819
"2023-08-28 00:00:00",922,641
"2023-08-29 00:00:00",850,598
"2023-08-30 00:00:00",895,580
"2023-08-31 00:00:00",823,562
"2023-09-01 00:00:00",859,587
"2023-09-02 00:00:00",1021,734
"2023-09-03 00:00:00",1154,843
"2023-09-04 00:00:00",1221,752
"2023-09-05 00:00:00",1034,702
"2023-09-06 00:00:00",1008,680
"2023-09-07 00:00:00",5061,1726
"2023-09-08 00:00:00",4524,3286
"2023-09-09 00:00:00",5511,4086
"2023-09-10 00:00:00",5802,4330
"2023-09-11 00:00:00",4666,3266
"2023-09-12 00:00:00",4665,3236
"2023-09-13 00:00:00",4438,3106
"2023-09-14 00:00:00",4348,2981
"2023-09-15 00:00:00",4445,3023
"2023-09-16 00:00:00",5399,3845
"2023-09-17 00:00:00",5440,3876
"2023-09-18 00:00:00",4401,2824
"2023-09-19 00:00:00",3988,2599
"2023-09-20 00:00:00",3841,2468
"2023-09-21 00:00:00",3679,2368
"2023-09-22 00:00:00",3758,2479
"2023-09-23 00:00:00",4539,3234
"2023-09-24 00:00:00",4976,3633
"2023-09-25 00:00:00",3873,2667
"2023-09-26 00:00:00",4026,2790
"2023-09-27 00:00:00",4284,2949
"2023-09-28 00:00:00",4475,3308
"2023-09-29 00:00:00",5141,4042
"2023-09-30 00:00:00",7798,6051
"2023-10-01 00:00:00",8976,6904
"2023-10-02 00:00:00",7071,5819
"2023-10-03 00:00:00",7033,5599
"2023-10-04 00:00:00",6679,5035
"2023-10-05 00:00:00",6393,5009
"2023-10-06 00:00:00",7093,5354
"2023-10-07 00:00:00",8705,6454
"2023-10-08 00:00:00",9274,6818
"2023-10-09 00:00:00",6947,5510
"2023-10-10 00:00:00",6157,4685
"2023-10-11 00:00:00",5841,4329
"2023-10-12 00:00:00",5763,4229
"2023-10-13 00:00:00",5984,4348
"2023-10-14 00:00:00",6919,5341
"2023-10-15 00:00:00",7512,5616
"2023-10-16 00:00:00",5428,3892
"2023-10-17 00:00:00",4755,3421
"2023-10-18 00:00:00",3885,2774
"2023-10-19 00:00:00",3623,2623
"2023-10-20 00:00:00",3888,2762
"2023-10-21 00:00:00",4683,3492
"2023-10-22 00:00:00",4895,3657
"2023-10-23 00:00:00",3821,2716
"2023-10-24 00:00:00",3659,2578
"2023-10-25 00:00:00",3538,2512
"2023-10-26 00:00:00",3461,2490
"2023-10-27 00:00:00",3615,2597
"2023-10-28 00:00:00",4553,3250
"2023-10-29 00:00:00",4556,3480
"2023-10-30 00:00:00",3552,2605
"2023-10-31 00:00:00",3429,2507
"2023-11-01 00:00:00",3549,2525
"2023-11-02 00:00:00",3285,2393
"2023-11-03 00:00:00",3512,2463
"2023-11-04 00:00:00",4070,2986
"2023-11-05 00:00:00",4324,3187
"2023-11-06 00:00:00",3155,2288
"2023-11-07 00:00:00",2909,2142
"2023-11-08 00:00:00",2653,1956
"2023-11-09 00:00:00",2619,1935
"2023-11-10 00:00:00",2780,2078
"2023-11-11 00:00:00",3402,2515
"2023-11-12 00:00:00",3563,2695
"2023-11-13 00:00:00",2618,1966
"2023-11-14 00:00:00",2440,1830
"2023-11-15 00:00:00",2362,1726
"2023-11-16 00:00:00",2206,1651
"2023-11-17 00:00:00",2373,1760
"2023-11-18 00:00:00",3082,2276
"2023-11-19 00:00:00",3179,2378
"2023-11-20 00:00:00",2368,1768
"2023-11-21 00:00:00",2251,1701
"2023-11-22 00:00:00",2199,1656
"2023-11-23 00:00:00",2301,1669
"2023-11-24 00:00:00",2314,1707
"2023-11-25 00:00:00",2835,2158
"2023-11-26 00:00:00",2889,2225
"2023-11-27 00:00:00",2115,1615
"2023-11-28 00:00:00",2073,1555
"2023-11-29 00:00:00",2003,1492
"2023-11-30 00:00:00",1884,1434
"2023-12-01 00:00:00",1984,1466
"2023-12-02 00:00:00",2440,1863
"2023-12-03 00:00:00",2587,1959
"2023-12-04 00:00:00",1816,1391
"2023-12-05 00:00:00",1785,1307
"2023-12-06 00:00:00",1745,1245
"2023-12-07 00:00:00",1648,1186
"2023-12-08 00:00:00",1606,1167
"2023-12-09 00:00:00",1864,1375
"2023-12-10 00:00:00",1974,1490
"2023-12-11 00:00:00",1496,1108
"2023-12-12 00:00:00",1470,1038
"2023-12-13 00:00:00",1440,999
"2023-12-14 00:00:00",1421,989
"2023-12-15 00:00:00",1514,1075
"2023-12-16 00:00:00",1903,1399
"2023-12-17 00:00:00",1981,1516
"2023-12-18 00:00:00",1501,1122
"2023-12-19 00:00:00",1529,1117
"2023-12-20 00:00:00",1537,1116
"2023-12-21 00:00:00",1483,1147
"2023-12-22 00:00:00",1709,1195
"2023-12-23 00:00:00",2128,1548
"2023-12-24 00:00:00",2006,1527
"2023-12-25 00:00:00",1852,1434
"2023-12-26 00:00:00",1969,1485
"2023-12-27 00:00:00",2032,1560
"2023-12-28 00:00:00",2033,1625
"2023-12-29 00:00:00",2159,1663
"2023-12-30 00:00:00",2373,1893
"2023-12-31 00:00:00",2364,1834
"2024-01-01 00:00:00",2420,1941
"2024-01-02 00:00:00",2114,1684
"2024-01-03 00:00:00",2065,1630
"2024-01-04 00:00:00",2076,1624
"2024-01-05 00:00:00",2285,1715
"2024-01-06 00:00:00",2854,2171
"2024-01-07 00:00:00",2918,2306
"2024-01-08 00:00:00",2185,1682
"2024-01-09 00:00:00",2117,1596
"2024-01-10 00:00:00",2053,1590
"2024-01-11 00:00:00",2285,1656
"2024-01-12 00:00:00",2788,2063
"2024-01-13 00:00:00",3740,2837
"2024-01-14 00:00:00",5024,3764
"2024-01-15 00:00:00",4791,3282
"2024-01-16 00:00:00",4263,3128
"2024-01-17 00:00:00",4218,3105
"2024-01-18 00:00:00",4034,3062
"2024-01-19 00:00:00",4344,3163
"2024-01-20 00:00:00",5770,4290
"2024-01-21 00:00:00",6478,4885
"2024-01-22 00:00:00",5102,3668
"2024-01-23 00:00:00",4047,3226
"2024-01-24 00:00:00",3797,2797
"2024-01-25 00:00:00",4420,2975
"2024-01-26 00:00:00",5401,3673
"2024-01-27 00:00:00",6698,4972
"2024-01-28 00:00:00",7616,5596
"2024-01-29 00:00:00",6266,4320
"2024-01-30 00:00:00",6519,4419
"2024-01-31 00:00:00",7841,5067
"2024-02-01 00:00:00",8246,5655
"2024-02-02 00:00:00",8860,6325
"2024-02-03 00:00:00",10930,8100
"2024-02-04 00:00:00",12318,9104
"2024-02-05 00:00:00",10437,7155
"2024-02-06 00:00:00",10275,7019
"2024-02-07 00:00:00",10256,7085
"2024-02-08 00:00:00",10249,7192
"2024-02-09 00:00:00",11107,7844
"2024-02-10 00:00:00",13869,10322
"2024-02-11 00:00:00",17632,12583
"2024-02-12 00:00:00",17123,11496
"2024-02-13 00:00:00",17753,12551
"2024-02-14 00:00:00",17251,11651
"2024-02-15 00:00:00",18493,13382
"2024-02-16 00:00:00",21694,15587
"2024-02-17 00:00:00",28358,21459
"2024-02-18 00:00:00",32396,25004
"2024-02-19 00:00:00",27743,20697
"2024-02-20 00:00:00",23350,14799
"2024-02-21 00:00:00",152512,37414
"2024-02-22 00:00:00",176035,136433
"2024-02-23 00:00:00",197452,156959
"2024-02-24 00:00:00",234540,196045
"2024-02-25 00:00:00",264708,198981
"2024-02-26 00:00:00",218511,171530
"2024-02-27 00:00:00",203782,161543
"2024-02-28 00:00:00",191496,152612
"2024-02-29 00:00:00",185431,143773
"2024-03-01 00:00:00",193601,146821
"2024-03-02 00:00:00",223801,174826
"2024-03-03 00:00:00",226324,175681
"2024-03-04 00:00:00",166554,128551
"2024-03-05 00:00:00",156535,118212
"2024-03-06 00:00:00",144735,109483
"2024-03-07 00:00:00",139439,104719
"2024-03-08 00:00:00",142634,106209
"2024-03-09 00:00:00",165652,125682
"2024-03-10 00:00:00",164545,125959
"2024-03-11 00:00:00",120137,89952
"2024-03-12 00:00:00",112684,82107
"2024-03-13 00:00:00",104160,76264
"2024-03-14 00:00:00",97769,72075
"2024-03-15 00:00:00",101713,73918
"2024-03-16 00:00:00",119755,89532
"2024-03-17 00:00:00",119642,90073
"2024-03-18 00:00:00",85574,63835
"2024-03-19 00:00:00",80550,58992
"2024-03-20 00:00:00",73535,54121
"2024-03-21 00:00:00",67948,49940
"2024-03-22 00:00:00",66826,48464
"2024-03-23 00:00:00",80537,59543
"2024-03-24 00:00:00",79069,59158
"2024-03-25 00:00:00",55584,41586
"2024-03-26 00:00:00",51783,37730
"2024-03-27 00:00:00",46972,34707
"2024-03-28 00:00:00",45531,33495
"2024-03-29 00:00:00",48671,35007
"2024-03-30 00:00:00",46076,35141
"2024-03-31 00:00:00",44220,34065
"2024-04-01 00:00:00",39885,27778
"2024-04-02 00:00:00",32106,23004
"2024-04-03 00:00:00",29608,21466
"2024-04-04 00:00:00",28324,21773
"2024-04-05 00:00:00",28387,21465
"2024-04-06 00:00:00",31908,24218
"2024-04-07 00:00:00",32451,23679
"2024-04-08 00:00:00",23631,17450
"2024-04-09 00:00:00",22560,16299
"2024-04-10 00:00:00",21047,15527
"2024-04-11 00:00:00",19961,14457
"2024-04-12 00:00:00",20367,14858
"2024-04-13 00:00:00",22876,17326
"2024-04-14 00:00:00",23215,17534
"2024-04-15 00:00:00",17018,12667
"2024-04-16 00:00:00",16098,11739
"2024-04-17 00:00:00",15167,11017
"2024-04-18 00:00:00",14446,9583
"2024-04-19 00:00:00",14922,10576
"2024-04-20 00:00:00",17520,13015
"2024-04-21 00:00:00",17627,13115
"2024-04-22 00:00:00",12633,9299
"2024-04-23 00:00:00",11833,8628
"2024-04-24 00:00:00",11197,8145
"2024-04-25 00:00:00",10646,7853
"2024-04-26 00:00:00",10757,7903
"2024-04-27 00:00:00",12150,9286
"2024-04-28 00:00:00",12561,9308
"2024-04-29 00:00:00",9327,7097
"2024-04-30 00:00:00",9027,6787
"2024-05-01 00:00:00",9800,7372
"2024-05-02 00:00:00",8096,6196
"2024-05-03 00:00:00",8457,6466
"2024-05-04 00:00:00",10094,7537
"2024-05-05 00:00:00",10691,7849
"2024-05-06 00:00:00",7681,5834
"2024-05-07 00:00:00",7054,5282
"2024-05-08 00:00:00",7061,5217
"2024-05-09 00:00:00",7305,5327
"2024-05-10 00:00:00",7271,5268
"2024-05-11 00:00:00",8307,6138
"2024-05-12 00:00:00",8635,6386
"2024-05-13 00:00:00",6124,4609
"2024-05-14 00:00:00",5618,4050
"2024-05-15 00:00:00",4609,3473
"2024-05-16 00:00:00",4428,3243
"2024-05-17 00:00:00",4607,3343
"2024-05-18 00:00:00",5285,4015
"2024-05-19 00:00:00",5605,4257
"2024-05-20 00:00:00",4586,3329
"2024-05-21 00:00:00",4010,2881
"2024-05-22 00:00:00",3779,2749
"2024-05-23 00:00:00",3478,2595
"2024-05-24 00:00:00",3690,2684
"2024-05-25 00:00:00",4402,3283
"2024-05-26 00:00:00",4667,3491
"2024-05-27 00:00:00",3869,2834
"2024-05-28 00:00:00",3360,2489
"2024-05-29 00:00:00",3332,2426
"2024-05-30 00:00:00",3479,2503
"2024-05-31 00:00:00",3357,2484
"2024-06-01 00:00:00",4130,3051
"2024-06-02 00:00:00",4372,3205
"2024-06-03 00:00:00",3107,2341
"2024-06-04 00:00:00",2970,2247
"2024-06-05 00:00:00",2919,2187
"2024-06-06 00:00:00",2839,2154
"2024-06-07 00:00:00",3003,2230
"2024-06-08 00:00:00",3684,2719
"2024-06-09 00:00:00",4048,2930
"2024-06-10 00:00:00",2903,2299
"2024-06-11 00:00:00",2813,2104
"2024-06-12 00:00:00",2838,2108
"2024-06-13 00:00:00",2683,1997
"2024-06-14 00:00:00",2888,2113
"2024-06-15 00:00:00",3735,2746
"2024-06-16 00:00:00",3845,2916
"2024-06-17 00:00:00",2899,2193
"2024-06-18 00:00:00",2807,2095
"2024-06-19 00:00:00",2776,2084
"2024-06-20 00:00:00",2631,2019
"2024-06-21 00:00:00",2753,2009
"2024-06-22 00:00:00",3349,2572
"2024-06-23 00:00:00",3617,2716
"2024-06-24 00:00:00",3025,2067
"2024-06-25 00:00:00",2480,1848
"2024-06-26 00:00:00",2634,1944
"2024-06-27 00:00:00",2669,2028
"2024-06-28 00:00:00",2986,2291
"2024-06-29 00:00:00",4294,3182
"2024-06-30 00:00:00",5048,3763
"2024-07-01 00:00:00",4036,3034
"2024-07-02 00:00:00",3909,2919
"2024-07-03 00:00:00",3921,2919
"2024-07-04 00:00:00",4348,3205
"2024-07-05 00:00:00",4270,3173
"2024-07-06 00:00:00",5329,4032
"2024-07-07 00:00:00",5880,4428
"2024-07-08 00:00:00",4439,2710
"2024-07-09 00:00:00",71727,19850
"2024-07-10 00:00:00",58289,44549
"2024-07-11 00:00:00",54303,40959
"2024-07-12 00:00:00",51940,39943
"2024-07-13 00:00:00",54585,42907
"2024-07-14 00:00:00",53752,41619
"2024-07-15 00:00:00",38798,30103
"2024-07-16 00:00:00",34284,25923
"2024-07-17 00:00:00",30406,23567
"2024-07-18 00:00:00",26372,20137
"2024-07-19 00:00:00",24870,16574
"2024-07-20 00:00:00",27247,21815
"2024-07-21 00:00:00",26766,21281
"2024-07-22 00:00:00",19600,15248
"2024-07-23 00:00:00",17730,13687
"2024-07-24 00:00:00",16367,12854
"2024-07-25 00:00:00",15070,11502
"2024-07-26 00:00:00",14529,10727
"2024-07-27 00:00:00",14085,10863
"2024-07-28 00:00:00",14144,11031
"2024-07-29 00:00:00",10797,8183
"2024-07-30 00:00:00",10270,7651
"2024-07-31 00:00:00",9462,7139
"2024-08-01 00:00:00",8916,6737
"2024-08-02 00:00:00",8979,6781
"2024-08-03 00:00:00",10416,8069
"2024-08-04 00:00:00",10711,8302
"2024-08-05 00:00:00",7919,6149
"2024-08-06 00:00:00",6977,5359
"2024-08-07 00:00:00",5748,4415
"2024-08-08 00:00:00",5577,4221
"2024-08-09 00:00:00",5664,4335
"2024-08-10 00:00:00",6592,5064
"2024-08-11 00:00:00",6818,5242
"2024-08-12 00:00:00",5205,4034
"2024-08-13 00:00:00",5070,3841
"2024-08-14 00:00:00",4815,3674
"2024-08-15 00:00:00",4939,3724
"2024-08-16 00:00:00",4853,3706
"2024-08-17 00:00:00",5676,4375
"2024-08-18 00:00:00",5983,4550
"2024-08-19 00:00:00",4474,3417
"2024-08-20 00:00:00",3970,3098
"2024-08-21 00:00:00",3878,2942
"2024-08-22 00:00:00",3800,2919
"2024-08-23 00:00:00",3853,2772
"2024-08-24 00:00:00",4558,3572
"2024-08-25 00:00:00",4648,3684
"2024-08-26 00:00:00",3671,2807
"2024-08-27 00:00:00",3371,2581
"2024-08-28 00:00:00",3228,2474
"2024-08-29 00:00:00",3156,2413
"2024-08-30 00:00:00",3381,2549
"2024-08-31 00:00:00",3886,3039
"2024-09-01 00:00:00",4004,3106
"2024-09-02 00:00:00",3604,2577
"2024-09-03 00:00:00",2918,2190
"2024-09-04 00:00:00",2688,2047
"2024-09-05 00:00:00",2715,2066
"2024-09-06 00:00:00",2756,2108
"2024-09-07 00:00:00",3452,2595
"2024-09-08 00:00:00",3747,2774
"2024-09-09 00:00:00",2678,2011
"2024-09-10 00:00:00",2522,1831
"2024-09-11 00:00:00",2536,1897
"2024-09-12 00:00:00",2473,1846
"2024-09-13 00:00:00",2503,1903
"2024-09-14 00:00:00",3141,2379
"2024-09-15 00:00:00",3459,2566
"2024-09-16 00:00:00",2644,2042
"2024-09-17 00:00:00",2529,1920
"2024-09-18 00:00:00",2089,1274
"2024-09-19 00:00:00",13052,4418
"2024-09-20 00:00:00",12574,9386
"2024-09-21 00:00:00",13892,10621
"2024-09-22 00:00:00",14474,10956
"2024-09-23 00:00:00",10630,8131
"2024-09-24 00:00:00",9637,7337
"2024-09-25 00:00:00",8696,6651
"2024-09-26 00:00:00",7992,6099
"2024-09-27 00:00:00",7790,5920
"2024-09-28 00:00:00",8934,6910
"2024-09-29 00:00:00",9029,6817
"2024-09-30 00:00:00",6723,5091
"2024-10-01 00:00:00",6031,4739
"2024-10-02 00:00:00",5642,4389
"2024-10-03 00:00:00",5657,4504
"2024-10-04 00:00:00",5683,4361
"2024-10-05 00:00:00",6569,5040
"2024-10-06 00:00:00",6693,5053
"2024-10-07 00:00:00",4579,3626
"2024-10-08 00:00:00",3748,2930
"2024-10-09 00:00:00",3586,2700
"2024-10-10 00:00:00",3395,2604
"2024-10-11 00:00:00",3553,2643
"2024-10-12 00:00:00",4297,3175
"2024-10-13 00:00:00",4628,3418
"2024-10-14 00:00:00",3533,2593
"2024-10-15 00:00:00",3161,2344
"2024-10-16 00:00:00",3093,2302
"2024-10-17 00:00:00",3018,2248
"2024-10-18 00:00:00",3098,2324
"2024-10-19 00:00:00",3860,2873
"2024-10-20 00:00:00",3965,2990
"2024-10-21 00:00:00",2942,2185
"2024-10-22 00:00:00",3039,2211
"2024-10-23 00:00:00",2926,2182
"2024-10-24 00:00:00",2902,2147
"2024-10-25 00:00:00",2827,2168
"2024-10-26 00:00:00",3395,2597
"2024-10-27 00:00:00",3629,2788
"2024-10-28 00:00:00",2765,2063
"2024-10-29 00:00:00",2609,1962
"2024-10-30 00:00:00",2549,1936
"2024-10-31 00:00:00",2526,1960
"2024-11-01 00:00:00",2752,2060
"2024-11-02 00:00:00",3180,2391
"2024-11-03 00:00:00",3363,2530
"2024-11-04 00:00:00",2469,1953
"2024-11-05 00:00:00",2428,1851
"2024-11-06 00:00:00",2286,1784
"2024-11-07 00:00:00",2212,1707
"2024-11-08 00:00:00",2284,1782
"2024-11-09 00:00:00",2905,2240
"2024-11-10 00:00:00",3065,2366
"2024-11-11 00:00:00",2418,1887
"2024-11-12 00:00:00",2145,1717
"2024-11-13 00:00:00",2159,1687
"2024-11-14 00:00:00",2121,1674
"2024-11-15 00:00:00",2300,1787
"2024-11-16 00:00:00",2911,2249
"2024-11-17 00:00:00",3212,2497
"2024-11-18 00:00:00",2330,1841
"2024-11-19 00:00:00",2265,1800
"2024-11-20 00:00:00",2185,1696
"2024-11-21 00:00:00",2096,1653
"2024-11-22 00:00:00",2777,2062
"2024-11-23 00:00:00",3913,2989
"2024-11-24 00:00:00",4507,3472
"2024-11-25 00:00:00",3388,2654
"2024-11-26 00:00:00",3387,2680
"2024-11-27 00:00:00",3275,2604
"2024-11-28 00:00:00",3469,2638
"2024-11-29 00:00:00",3535,2691
"2024-11-30 00:00:00",4117,3221
"2024-12-01 00:00:00",4171,3350
"2024-12-02 00:00:00",2990,2383
"2024-12-03 00:00:00",2862,2291
"2024-12-04 00:00:00",2712,2170
"2024-12-05 00:00:00",2559,2060
"2024-12-06 00:00:00",2284,1743
"2024-12-07 00:00:00",2255,1700
"2024-12-08 00:00:00",2419,1838
"2024-12-09 00:00:00",1785,1416
"2024-12-10 00:00:00",1925,1467
"2024-12-11 00:00:00",1895,1433
"2024-12-12 00:00:00",1908,1434
"2024-12-13 00:00:00",1933,1456
"2024-12-14 00:00:00",2374,1812
"2024-12-15 00:00:00",2585,1962
"2024-12-16 00:00:00",1910,1508
"2024-12-17 00:00:00",1828,1442
"2024-12-18 00:00:00",1820,1416
"2024-12-19 00:00:00",1787,1376
"2024-12-20 00:00:00",1903,1432
"2024-12-21 00:00:00",2322,1774
"2024-12-22 00:00:00",2482,1933
"2024-12-23 00:00:00",2017,1600
"2024-12-24 00:00:00",2004,1555
"2024-12-25 00:00:00",2057,1633
"2024-12-26 00:00:00",2180,1716
"2024-12-27 00:00:00",2256,1779
"2024-12-28 00:00:00",2570,2023
"2024-12-29 00:00:00",2698,2149
"2024-12-30 00:00:00",2328,1869
"2024-12-31 00:00:00",2357,1811
"2025-01-01 00:00:00",2627,2082
"2025-01-02 00:00:00",2297,1837
"2025-01-03 00:00:00",2339,1841
"2025-01-04 00:00:00",2809,2213
"2025-01-05 00:00:00",2876,2336
"2025-01-06 00:00:00",2276,1845
"2025-01-07 00:00:00",2179,1729
"2025-01-08 00:00:00",2054,1670
"2025-01-09 00:00:00",2177,1670
"2025-01-10 00:00:00",2298,1758
"2025-01-11 00:00:00",2905,2251
"2025-01-12 00:00:00",3042,2434
"2025-01-13 00:00:00",2285,1753
"2025-01-14 00:00:00",2188,1683
"2025-01-15 00:00:00",2078,1604
"2025-01-16 00:00:00",2117,1601
"2025-01-17 00:00:00",2154,1624
"2025-01-18 00:00:00",2724,2159
"2025-01-19 00:00:00",2880,2325
"2025-01-20 00:00:00",2444,1780
"2025-01-21 00:00:00",1857,1524
"2025-01-22 00:00:00",1783,1374
"2025-01-23 00:00:00",1729,1336
"2025-01-24 00:00:00",1735,1371
"2025-01-25 00:00:00",2079,1641
"2025-01-26 00:00:00",2247,1752
"2025-01-27 00:00:00",1680,1378
"2025-01-28 00:00:00",1681,1193
"2025-01-29 00:00:00",1599,1297
"2025-01-30 00:00:00",1689,1313
"2025-01-31 00:00:00",1770,1378
"2025-02-01 00:00:00",2252,1736
"2025-02-02 00:00:00",2357,1879
"2025-02-03 00:00:00",1905,1483
"2025-02-04 00:00:00",1806,1429
"2025-02-05 00:00:00",1676,1326
"2025-02-06 00:00:00",1681,1304
"2025-02-07 00:00:00",1789,1365
"2025-02-08 00:00:00",2258,1724
"2025-02-09 00:00:00",2417,1873
"2025-02-10 00:00:00",1789,1388
"2025-02-11 00:00:00",1748,1381
"2025-02-12 00:00:00",1718,1355
"2025-02-13 00:00:00",1735,1334
"2025-02-14 00:00:00",1765,1356
"2025-02-15 00:00:00",2345,1756
"2025-02-16 00:00:00",2455,1946
"2025-02-17 00:00:00",1973,1458
"2025-02-18 00:00:00",1791,1367
"2025-02-19 00:00:00",1720,1287
"2025-02-20 00:00:00",1636,1267
"2025-02-21 00:00:00",1661,1271
"2025-02-22 00:00:00",2096,1642
"2025-02-23 00:00:00",2236,1748
"2025-02-24 00:00:00",1673,1306
"2025-02-25 00:00:00",1616,1240
"2025-02-26 00:00:00",1567,1210
"2025-02-27 00:00:00",1678,1255
"2025-02-28 00:00:00",1918,1437
"2025-03-01 00:00:00",2543,1946
"2025-03-02 00:00:00",2805,2191
"2025-03-03 00:00:00",2171,1720
"2025-03-04 00:00:00",2209,1633
"2025-03-05 00:00:00",2073,1567
"2025-03-06 00:00:00",2001,1513
"2025-03-07 00:00:00",2094,1566
"2025-03-08 00:00:00",2693,2064
"2025-03-09 00:00:00",2908,2301
"2025-03-10 00:00:00",2321,1761
"2025-03-11 00:00:00",2282,1745
"2025-03-12 00:00:00",2577,1836
"2025-03-13 00:00:00",2546,1922
"2025-03-14 00:00:00",2838,2110
"2025-03-15 00:00:00",3691,2757
"2025-03-16 00:00:00",3896,3062
"2025-03-17 00:00:00",3194,2293
"2025-03-18 00:00:00",3182,2272
"2025-03-19 00:00:00",3268,2344
"2025-03-20 00:00:00",3166,2353
"2025-03-21 00:00:00",3361,2451
"2025-03-22 00:00:00",4126,3165
"2025-03-23 00:00:00",4800,3579
"2025-03-24 00:00:00",3709,2642
"2025-03-25 00:00:00",3408,2486
"2025-03-26 00:00:00",3332,2414
"2025-03-27 00:00:00",3036,2270
"2025-03-28 00:00:00",3113,2267
"2025-03-29 00:00:00",3820,2910
"2025-03-30 00:00:00",3935,2999
"2025-03-31 00:00:00",2917,2154
"2025-04-01 00:00:00",2767,2028
"2025-04-02 00:00:00",2560,1872
"2025-04-03 00:00:00",2375,1774
"2025-04-04 00:00:00",2251,1649
"2025-04-05 00:00:00",2635,1901
"2025-04-06 00:00:00",3279,2457
"2025-04-07 00:00:00",2998,2034
"2025-04-08 00:00:00",3175,2281
"2025-04-09 00:00:00",3381,2438
"2025-04-10 00:00:00",3570,2590
"2025-04-11 00:00:00",4232,2915
"2025-04-12 00:00:00",6139,4478
"2025-04-13 00:00:00",7592,5733
"2025-04-14 00:00:00",6968,4910
"2025-04-15 00:00:00",7559,5308
"2025-04-16 00:00:00",6541,4505
"2025-04-17 00:00:00",150198,45405
"2025-04-18 00:00:00",146514,114513
"2025-04-19 00:00:00",150591,117679
"2025-04-20 00:00:00",145929,117553
"2025-04-21 00:00:00",136740,101971
"2025-04-22 00:00:00",109742,81355
"2025-04-23 00:00:00",95262,59105
"2025-04-24 00:00:00",92139,67573
"2025-04-25 00:00:00",88485,64988
"2025-04-26 00:00:00",97188,74485
"2025-04-27 00:00:00",94014,70032
"2025-04-28 00:00:00",66950,50072
"2025-04-29 00:00:00",58864,43027
"2025-04-30 00:00:00",48544,35074
"2025-05-01 00:00:00",50776,39022
"2025-05-02 00:00:00",45143,33920
"2025-05-03 00:00:00",48988,37268
"2025-05-04 00:00:00",48787,36652
"2025-05-05 00:00:00",36308,27952
"2025-05-06 00:00:00",33128,23980
"2025-05-07 00:00:00",30407,21477
"2025-05-08 00:00:00",29916,20165
"2025-05-09 00:00:00",29966,20843
"2025-05-10 00:00:00",32920,24501
"2025-05-11 00:00:00",31634,23760
"2025-05-12 00:00:00",24344,17193
"2025-05-13 00:00:00",22570,15635
"2025-05-14 00:00:00",20868,14482
"2025-05-15 00:00:00",19586,13377
"2025-05-16 00:00:00",21698,14969
"2025-05-17 00:00:00",26094,19003
"2025-05-18 00:00:00",27282,19837
"2025-05-19 00:00:00",21589,14580
"2025-05-20 00:00:00",20134,13505
"2025-05-21 00:00:00",19076,12830
"2025-05-22 00:00:00",18527,12100
"2025-05-23 00:00:00",18681,12447
"2025-05-24 00:00:00",20669,14961
"2025-05-25 00:00:00",20464,14820
"2025-05-26 00:00:00",17227,11566
"2025-05-27 00:00:00",14864,9986
"2025-05-28 00:00:00",13970,9346
"2025-05-29 00:00:00",14048,9402
"2025-05-30 00:00:00",13221,9070
"2025-05-31 00:00:00",14684,10753
"2025-06-01 00:00:00",14702,10895
"2025-06-02 00:00:00",11833,8547
"2025-06-03 00:00:00",11359,7604
"2025-06-04 00:00:00",10675,7008
"2025-06-05 00:00:00",10069,6730
"2025-06-06 00:00:00",9701,6711
"2025-06-07 00:00:00",10876,7896
"2025-06-08 00:00:00",10734,7989
"2025-06-09 00:00:00",8875,5753
"2025-06-10 00:00:00",7671,5131
"2025-06-11 00:00:00",7309,4995
"2025-06-12 00:00:00",7058,4779
"2025-06-13 00:00:00",7082,4784
"2025-06-14 00:00:00",7599,5517
"2025-06-15 00:00:00",7714,5588
"2025-06-16 00:00:00",6021,4047
"2025-06-17 00:00:00",5768,3849
"2025-06-18 00:00:00",5523,3633
"2025-06-19 00:00:00",5622,3778
"2025-06-20 00:00:00",5377,3693
"2025-06-21 00:00:00",6060,4405
"2025-06-22 00:00:00",6197,4590
"2025-06-23 00:00:00",4984,3424
"2025-06-24 00:00:00",4769,3309
"2025-06-25 00:00:00",4554,3118
"2025-06-26 00:00:00",4358,2999
"2025-06-27 00:00:00",4685,3198
"2025-06-28 00:00:00",5651,4061
"2025-06-29 00:00:00",5901,4360
"2025-06-30 00:00:00",4705,3179
"2025-07-01 00:00:00",4553,3043
"2025-07-02 00:00:00",4062,2750
"2025-07-03 00:00:00",3993,2723
"2025-07-04 00:00:00",4298,2954
"2025-07-05 00:00:00",4813,3519
"2025-07-06 00:00:00",4969,3716
"2025-07-07 00:00:00",3984,2839
"2025-07-08 00:00:00",3957,2715
"2025-07-09 00:00:00",3834,2666
"2025-07-10 00:00:00",3639,2559
"2025-07-11 00:00:00",3850,2656
"2025-07-12 00:00:00",4434,3271
"2025-07-13 00:00:00",4585,3441
"2025-07-14 00:00:00",3705,2579
"2025-07-15 00:00:00",3478,2446
"2025-07-16 00:00:00",3426,2357
"2025-07-17 00:00:00",3292,2320
"2025-07-18 00:00:00",3325,2364
"2025-07-19 00:00:00",3822,2879
"2025-07-20 00:00:00",4118,3050
"2025-07-21 00:00:00",3332,2358
"2025-07-22 00:00:00",3214,2231
"2025-07-23 00:00:00",3024,2157
"2025-07-24 00:00:00",2945,2099
"2025-07-25 00:00:00",2965,2178
"2025-07-26 00:00:00",3790,2795
"2025-07-27 00:00:00",4055,3063
"2025-07-28 00:00:00",3258,2346
"2025-07-29 00:00:00",3117,2245
"2025-07-30 00:00:00",2972,2130
"2025-07-31 00:00:00",2818,2025
"2025-08-01 00:00:00",2892,2088
"2025-08-02 00:00:00",3422,2557
"2025-08-03 00:00:00",3684,2758
"2025-08-04 00:00:00",3054,2164
"2025-08-05 00:00:00",2989,2113
"2025-08-06 00:00:00",2860,2022
"2025-08-07 00:00:00",2708,1938
"2025-08-08 00:00:00",2910,2037
"2025-08-09 00:00:00",3400,2514
"2025-08-10 00:00:00",3718,2771
"2025-08-11 00:00:00",3128,2218
"2025-08-12 00:00:00",3219,2245
"2025-08-13 00:00:00",3090,2251
"2025-08-14 00:00:00",3156,2272
"2025-08-15 00:00:00",3672,2598
"2025-08-16 00:00:00",4416,3254
"2025-08-17 00:00:00",4863,3691
"2025-08-18 00:00:00",3980,2914
"2025-08-19 00:00:00",4053,2563
"2025-08-20 00:00:00",3529,2111
"2025-08-21 00:00:00",75293,21425
"2025-08-22 00:00:00",74838,55609
"2025-08-23 00:00:00",80282,61220
"2025-08-24 00:00:00",78394,59490
"2025-08-25 00:00:00",59066,42436
"2025-08-26 00:00:00",50424,36113
"2025-08-27 00:00:00",44008,31021
"2025-08-28 00:00:00",36706,26071
"2025-08-29 00:00:00",32935,22539
"2025-08-30 00:00:00",25947,19120
"2025-08-31 00:00:00",24589,18413
"2025-09-01 00:00:00",21232,14481
"2025-09-02 00:00:00",18115,12473
"2025-09-03 00:00:00",16694,11245
"2025-09-04 00:00:00",15235,10547
"2025-09-05 00:00:00",15331,10633
"2025-09-06 00:00:00",17697,12874
"2025-09-07 00:00:00",17094,12723
"2025-09-08 00:00:00",13187,9074
"2025-09-09 00:00:00",12387,8420
"2025-09-10 00:00:00",11318,7537
"2025-09-11 00:00:00",10035,6961
"2025-09-12 00:00:00",9485,6685
"2025-09-13 00:00:00",10768,7894
"2025-09-14 00:00:00",10821,7978
"2025-09-15 00:00:00",8020,5673
"2025-09-16 00:00:00",7762,5334
"2025-09-17 00:00:00",7393,4964
"2025-09-18 00:00:00",6920,4750
"2025-09-19 00:00:00",7022,4862
"2025-09-20 00:00:00",8264,6013
"2025-09-21 00:00:00",8473,6194
"2025-09-22 00:00:00",6423,4491
"2025-09-23 00:00:00",6032,4171
"2025-09-24 00:00:00",5248,3666
"2025-09-25 00:00:00",5006,3462
"2025-09-26 00:00:00",5087,3576
"2025-09-27 00:00:00",5918,4350
"2025-09-28 00:00:00",6045,4323
"2025-09-29 00:00:00",4548,3276
"2025-09-30 00:00:00",4167,2990
"2025-10-01 00:00:00",3971,2962
"2025-10-02 00:00:00",3848,2877
"2025-10-03 00:00:00",4165,3094
"2025-10-04 00:00:00",4751,3504
"2025-10-05 00:00:00",4889,3591
"2025-10-06 00:00:00",3675,2840
"2025-10-07 00:00:00",3804,2671
"2025-10-08 00:00:00",3541,2624
"2025-10-09 00:00:00",3398,2411
"2025-10-10 00:00:00",3496,2440
"2025-10-11 00:00:00",3962,2830
"2025-10-12 00:00:00",4103,2986
"2025-10-13 00:00:00",3282,2315
"2025-10-14 00:00:00",3058,2161
"2025-10-15 00:00:00",2996,2090
"2025-10-16 00:00:00",2835,1967
"2025-10-17 00:00:00",3071,2144
"2025-10-18 00:00:00",3764,2677
"2025-10-19 00:00:00",3993,2874
"2025-10-20 00:00:00",3025,2159
"2025-10-21 00:00:00",2897,2041
"2025-10-22 00:00:00",2775,1973
"2025-10-23 00:00:00",2671,1923
"2025-10-24 00:00:00",2879,2034
"2025-10-25 00:00:00",3359,2471
"2025-10-26 00:00:00",3460,2642
"2025-10-27 00:00:00",2577,1906
"2025-10-28 00:00:00",2425,1780
"2025-10-29 00:00:00",2317,1718
"2025-10-30 00:00:00",2245,1667
"2025-10-31 00:00:00",2311,1681
"2025-11-01 00:00:00",2631,1966
"2025-11-02 00:00:00",2861,2143
"2025-11-03 00:00:00",2100,1628
"2025-11-04 00:00:00",2129,1583
"2025-11-05 00:00:00",1954,1501
"2025-11-06 00:00:00",1935,1485
"2025-11-07 00:00:00",2015,1556
"2025-11-08 00:00:00",2544,1943
"2025-11-09 00:00:00",2639,2036
"2025-11-10 00:00:00",1981,1555
"2025-11-11 00:00:00",2023,1558
"2025-11-12 00:00:00",1868,1424
"2025-11-13 00:00:00",1773,1408
"2025-11-14 00:00:00",1943,1487
"2025-11-15 00:00:00",2367,1812
"2025-11-16 00:00:00",2432,1914
"2025-11-17 00:00:00",1840,1446
"2025-11-18 00:00:00",1796,1380
"2025-11-19 00:00:00",1713,1336
"2025-11-20 00:00:00",1643,1289
"2025-11-21 00:00:00",1788,1388
"2025-11-22 00:00:00",2189,1698
"2025-11-23 00:00:00",2290,1810
"2025-11-24 00:00:00",1710,1368
"2025-11-25 00:00:00",1664,1328
"2025-11-26 00:00:00",1698,1344
"2025-11-27 00:00:00",1818,1389
"2025-11-28 00:00:00",1895,1456
"2025-11-29 00:00:00",2178,1720
"2025-11-30 00:00:00",2233,1825
"2025-12-01 00:00:00",1625,1333
"2025-12-02 00:00:00",1538,1254
"2025-12-03 00:00:00",1489,1195
"2025-12-04 00:00:00",1431,1144
"2025-12-05 00:00:00",1548,1216
"2025-12-06 00:00:00",1969,1528
"2025-12-07 00:00:00",2063,1614
"2025-12-08 00:00:00",1519,1215
"2025-12-09 00:00:00",1540,1201
"2025-12-10 00:00:00",1491,1179
"2025-12-11 00:00:00",1405,1125
"2025-12-12 00:00:00",1249,975
"2025-12-13 00:00:00",1345,1036
"2025-12-14 00:00:00",1394,1095
"2025-12-15 00:00:00",1058,839
"2025-12-16 00:00:00",1040,809
"2025-12-17 00:00:00",999,780
"2025-12-18 00:00:00",1032,797
"2025-12-19 00:00:00",1099,837
"2025-12-20 00:00:00",1379,1068
"2025-12-21 00:00:00",1516,1161
"2025-12-22 00:00:00",1239,961
"2025-12-23 00:00:00",1272,968
"2025-12-24 00:00:00",1256,942
"2025-12-25 00:00:00",1251,999
"2025-12-26 00:00:00",1350,1042
"2025-12-27 00:00:00",1500,1199
"2025-12-28 00:00:00",1599,1273
"2025-12-29 00:00:00",1376,1106
"2025-12-30 00:00:00",1499,1134
"2025-12-31 00:00:00",1388,1106
"2026-01-01 00:00:00",1667,1288
"2026-01-02 00:00:00",1660,1319
"2026-01-03 00:00:00",1785,1445
"2026-01-04 00:00:00",1881,1449
"2026-01-05 00:00:00",1413,1100
"2026-01-06 00:00:00",1462,1110
"2026-01-07 00:00:00",1420,1094
"2026-01-08 00:00:00",1381,1056
"2026-01-09 00:00:00",1414,1096
"2026-01-10 00:00:00",1809,1397
"2026-01-11 00:00:00",1933,1516
"2026-01-12 00:00:00",1381,1114
"2026-01-13 00:00:00",1333,1052
"2026-01-14 00:00:00",1292,1035
"2026-01-15 00:00:00",1323,1040
"2026-01-16 00:00:00",1356,1096
"2026-01-17 00:00:00",1775,1397
"2026-01-18 00:00:00",1776,1452
"2026-01-19 00:00:00",1455,1159
"2026-01-20 00:00:00",1337,1076
"2026-01-21 00:00:00",1297,1041
"2026-01-22 00:00:00",1265,1014
"2026-01-23 00:00:00",1362,1073
"2026-01-24 00:00:00",1813,1410
"2026-01-25 00:00:00",1897,1518
"2026-01-26 00:00:00",1425,1152
"2026-01-27 00:00:00",1306,1048
"2026-01-28 00:00:00",1282,1010
"2026-01-29 00:00:00",1243,982
"2026-01-30 00:00:00",1306,1015
"2026-01-31 00:00:00",1640,1296
"2026-02-01 00:00:00",1777,1396
"2026-02-02 00:00:00",1302,1039
"2026-02-03 00:00:00",1254,1006
"2026-02-04 00:00:00",1268,999
"2026-02-05 00:00:00",1233,1008
"2026-02-06 00:00:00",1318,1048
"2026-02-07 00:00:00",1631,1306
"2026-02-08 00:00:00",1815,1429
"2026-02-09 00:00:00",1329,1053
"2026-02-10 00:00:00",1254,999
"2026-02-11 00:00:00",1267,997
"2026-02-12 00:00:00",1216,956
"2026-02-13 00:00:00",1297,1009
"2026-02-14 00:00:00",1581,1249
"2026-02-15 00:00:00",1954,1429
"2026-02-16 00:00:00",1535,1205
"2026-02-17 00:00:00",1428,1149
"2026-02-18 00:00:00",1391,1138
"2026-02-19 00:00:00",1372,1102
"2026-02-20 00:00:00",1504,1170
"2026-02-21 00:00:00",2029,1540
"2026-02-22 00:00:00",2145,1694
"2026-02-23 00:00:00",1671,1360
"2026-02-24 00:00:00",1608,1257
"2026-02-25 00:00:00",1522,1217
"2026-02-26 00:00:00",1442,1163
"2026-02-27 00:00:00",1484,1168
"2026-02-28 00:00:00",1841,1437
"2026-03-01 00:00:00",2060,1564
"2026-03-02 00:00:00",1431,1158
"2026-03-03 00:00:00",1354,1070
"2026-03-04 00:00:00",1334,1055
"2026-03-05 00:00:00",1326,1051
"2026-03-06 00:00:00",1313,992
"2026-03-07 00:00:00",1517,1172
"2026-03-08 00:00:00",1653,1271
"2026-03-09 00:00:00",1226,923
"2026-03-10 00:00:00",1076,844
"2026-03-11 00:00:00",1085,812
"2026-03-12 00:00:00",963,747
"2026-03-13 00:00:00",1010,759
"2026-03-14 00:00:00",1336,956
"2026-03-15 00:00:00",1402,1062
"2026-03-16 00:00:00",1071,807
"2026-03-17 00:00:00",1100,809
"2026-03-18 00:00:00",1114,835
"2026-03-19 00:00:00",1141,839
"2026-03-20 00:00:00",1256,945
"2026-03-21 00:00:00",1705,1272
"2026-03-22 00:00:00",1945,1483
"2026-03-23 00:00:00",1614,1235
"2026-03-24 00:00:00",1162,1285
"2026-03-24 01:00:00",1203,
"2026-03-24 02:00:00",1172,
"2026-03-24 03:00:00",1088,
"2026-03-24 04:00:00",1061,
"2026-03-24 05:00:00",962,
"2026-03-24 06:00:00",960,
"2026-03-24 07:00:00",955,
"2026-03-24 08:00:00",1027,
"2026-03-24 09:00:00",1083,
"2026-03-24 10:00:00",1224,
"2026-03-24 11:00:00",1344,
"2026-03-24 12:00:00",1508,
"2026-03-24 13:00:00",1640,
"2026-03-24 14:00:00",1682,
"2026-03-24 15:00:00",1689,
"2026-03-24 16:00:00",1626,
"2026-03-24 17:00:00",1602,
"2026-03-24 18:00:00",1598,
"2026-03-24 19:00:00",1623,
"2026-03-24 20:00:00",1519,
"2026-03-24 21:00:00",1467,
"2026-03-24 22:00:00",1382,
"2026-03-24 23:00:00",1289,
"2026-03-25 00:00:00",1213,1135
"2026-03-25 01:00:00",1172,
"2026-03-25 02:00:00",1144,
"2026-03-25 03:00:00",1087,
"2026-03-25 04:00:00",1031,
"2026-03-25 05:00:00",1028,
"2026-03-25 06:00:00",1022,
"2026-03-25 07:00:00",1050,
"2026-03-25 08:00:00",1139,
"2026-03-25 09:00:00",1222,
"2026-03-25 10:00:00",1318,
"2026-03-25 11:00:00",1502,
"2026-03-25 12:00:00",1602,
"2026-03-25 13:00:00",1717,
"2026-03-25 14:00:00",1749,
"2026-03-25 15:00:00",1697,
"2026-03-25 16:00:00",1596,
"2026-03-25 17:00:00",938,
"2026-03-25 18:00:00",948,
"2026-03-25 19:00:00",949,
"2026-03-25 20:00:00",923,
"2026-03-25 21:00:00",871,
"2026-03-25 22:00:00",814,
"2026-03-25 23:00:00",787,
"2026-03-26 00:00:00",710,11554
"2026-03-26 01:00:00",692,
"2026-03-26 02:00:00",676,
"2026-03-26 03:00:00",684,
"2026-03-26 04:00:00",609,
"2026-03-26 05:00:00",599,
"2026-03-26 06:00:00",592,
"2026-03-26 07:00:00",600,
"2026-03-26 08:00:00",663,
"2026-03-26 09:00:00",726,
"2026-03-26 10:00:00",784,
"2026-03-26 11:00:00",875,
"2026-03-26 12:00:00",974,
"2026-03-26 13:00:00",1049,
"2026-03-26 14:00:00",1185,
"2026-03-26 15:00:00",2304,
"2026-03-26 16:00:00",32565,
"2026-03-26 17:00:00",38762,
"2026-03-26 18:00:00",39243,
"2026-03-26 19:00:00",39248,
"2026-03-26 20:00:00",38542,
"2026-03-26 21:00:00",36473,
"2026-03-26 22:00:00",32335,
"2026-03-26 23:00:00",30803,
"2026-03-27 00:00:00",28396,29760
"2026-03-27 01:00:00",27174,
"2026-03-27 02:00:00",26207,
"2026-03-27 03:00:00",24112,
"2026-03-27 04:00:00",22798,
"2026-03-27 05:00:00",21634,
"2026-03-27 06:00:00",21114,
"2026-03-27 07:00:00",22365,
"2026-03-27 08:00:00",23748,
"2026-03-27 09:00:00",25284,
"2026-03-27 10:00:00",27389,
"2026-03-27 11:00:00",30064,
"2026-03-27 12:00:00",33106,
"2026-03-27 13:00:00",36059,
"2026-03-27 14:00:00",37823,
"2026-03-27 15:00:00",38255,
"2026-03-27 16:00:00",38230,
"2026-03-27 17:00:00",37786,
"2026-03-27 18:00:00",36836,
"2026-03-27 19:00:00",36204,
"2026-03-27 20:00:00",36115,
"2026-03-27 21:00:00",35238,
"2026-03-27 22:00:00",33254,
"2026-03-27 23:00:00",31220,
"2026-03-28 00:00:00",29063,33517
"2026-03-28 01:00:00",27995,
"2026-03-28 02:00:00",27009,
"2026-03-28 03:00:00",26882,
"2026-03-28 04:00:00",25921,
"2026-03-28 05:00:00",25121,
"2026-03-28 06:00:00",25927,
"2026-03-28 07:00:00",27603,
"2026-03-28 08:00:00",29683,
"2026-03-28 09:00:00",31596,
"2026-03-28 10:00:00",33762,
"2026-03-28 11:00:00",36277,
"2026-03-28 12:00:00",39541,
"2026-03-28 13:00:00",42210,
"2026-03-28 14:00:00",43578,
"2026-03-28 15:00:00",43707,
"2026-03-28 16:00:00",43471,
"2026-03-28 17:00:00",41882,
"2026-03-28 18:00:00",40149,
"2026-03-28 19:00:00",39100,
"2026-03-28 20:00:00",38402,
"2026-03-28 21:00:00",37165,
"2026-03-28 22:00:00",34712,
"2026-03-28 23:00:00",31846,
"2026-03-29 00:00:00",29661,33185
"2026-03-29 01:00:00",28507,
"2026-03-29 02:00:00",28223,
"2026-03-29 03:00:00",28045,
"2026-03-29 04:00:00",27096,
"2026-03-29 05:00:00",26460,
"2026-03-29 06:00:00",27117,
"2026-03-29 07:00:00",29137,
"2026-03-29 08:00:00",31649,
"2026-03-29 09:00:00",33507,
"2026-03-29 10:00:00",35122,
"2026-03-29 11:00:00",37856,
"2026-03-29 12:00:00",40741,
"2026-03-29 13:00:00",43129,
"2026-03-29 14:00:00",44026,
"2026-03-29 15:00:00",43995,
"2026-03-29 16:00:00",42511,
"2026-03-29 17:00:00",39524,
"2026-03-29 18:00:00",38879,
"2026-03-29 19:00:00",37660,
"2026-03-29 20:00:00",36072,
"2026-03-29 21:00:00",32793,
"2026-03-29 22:00:00",28858,
"2026-03-29 23:00:00",25323,
"2026-03-30 00:00:00",23327,24944
"2026-03-30 01:00:00",22491,
"2026-03-30 02:00:00",21909,
"2026-03-30 03:00:00",21020,
"2026-03-30 04:00:00",19455,
"2026-03-30 05:00:00",18406,
"2026-03-30 06:00:00",18174,
"2026-03-30 07:00:00",19302,
"2026-03-30 08:00:00",20497,
"2026-03-30 09:00:00",21561,
"2026-03-30 10:00:00",23686,
"2026-03-30 11:00:00",26726,
"2026-03-30 12:00:00",29787,
"2026-03-30 13:00:00",32174,
"2026-03-30 14:00:00",33426,
"2026-03-30 15:00:00",33488,
"2026-03-30 16:00:00",33254,
"2026-03-30 17:00:00",32032,
"2026-03-30 18:00:00",31542,
"2026-03-30 19:00:00",31092,
"2026-03-30 20:00:00",29654,
"2026-03-30 21:00:00",26717,
"2026-03-30 22:00:00",23688,
"2026-03-30 23:00:00",21570,
"2026-03-31 00:00:00",20768,22667
"2026-03-31 01:00:00",20738,
"2026-03-31 02:00:00",20336,
"2026-03-31 03:00:00",19468,
"2026-03-31 04:00:00",18029,
"2026-03-31 05:00:00",17066,
"2026-03-31 06:00:00",16785,
"2026-03-31 07:00:00",17825,
"2026-03-31 08:00:00",19037,
"2026-03-31 09:00:00",20055,
"2026-03-31 10:00:00",21991,
"2026-03-31 11:00:00",24676,
"2026-03-31 12:00:00",27632,
"2026-03-31 13:00:00",29848,
"2026-03-31 14:00:00",30697,
"2026-03-31 15:00:00",30700,
"2026-03-31 16:00:00",29998,
"2026-03-31 17:00:00",28870,
"2026-03-31 18:00:00",28252,
"2026-03-31 19:00:00",27548,
"2026-03-31 20:00:00",25854,
"2026-03-31 21:00:00",23587,
"2026-03-31 22:00:00",20963,
"2026-03-31 23:00:00",18857,
"2026-04-01 00:00:00",18253,20245
"2026-04-01 01:00:00",18362,
"2026-04-01 02:00:00",18258,
"2026-04-01 03:00:00",17554,
"2026-04-01 04:00:00",16411,
"2026-04-01 05:00:00",15477,
"2026-04-01 06:00:00",15418,
"2026-04-01 07:00:00",16176,
"2026-04-01 08:00:00",16988,
"2026-04-01 09:00:00",17953,
"2026-04-01 10:00:00",19630,
"2026-04-01 11:00:00",22106,
"2026-04-01 12:00:00",24603,
"2026-04-01 13:00:00",26545,
"2026-04-01 14:00:00",27404,
"2026-04-01 15:00:00",27328,
"2026-04-01 16:00:00",26707,
"2026-04-01 17:00:00",24963,
"2026-04-01 18:00:00",25054,
"2026-04-01 19:00:00",24953,
"2026-04-01 20:00:00",24078,
"2026-04-01 21:00:00",21697,
"2026-04-01 22:00:00",19327,
"2026-04-01 23:00:00",17346,
"2026-04-02 00:00:00",16951,19561
"2026-04-02 01:00:00",16996,
"2026-04-02 02:00:00",16356,
"2026-04-02 03:00:00",16065,
"2026-04-02 04:00:00",15277,
"2026-04-02 05:00:00",14623,
"2026-04-02 06:00:00",14642,
"2026-04-02 07:00:00",15395,
"2026-04-02 08:00:00",16205,
"2026-04-02 09:00:00",17082,
"2026-04-02 10:00:00",18821,
"2026-04-02 11:00:00",21192,
"2026-04-02 12:00:00",23547,
"2026-04-02 13:00:00",25412,
"2026-04-02 14:00:00",26163,
"2026-04-02 15:00:00",26208,
"2026-04-02 16:00:00",25612,
"2026-04-02 17:00:00",24570,
"2026-04-02 18:00:00",24353,
"2026-04-02 19:00:00",24049,
"2026-04-02 20:00:00",23485,
"2026-04-02 21:00:00",20940,
"2026-04-02 22:00:00",19584,
"2026-04-02 23:00:00",17767,
"2026-04-03 00:00:00",16909,20616
"2026-04-03 01:00:00",17098,
"2026-04-03 02:00:00",17157,
"2026-04-03 03:00:00",16823,
"2026-04-03 04:00:00",16211,
"2026-04-03 05:00:00",15736,
"2026-04-03 06:00:00",16083,
"2026-04-03 07:00:00",17207,
"2026-04-03 08:00:00",18126,
"2026-04-03 09:00:00",19150,
"2026-04-03 10:00:00",20395,
"2026-04-03 11:00:00",22732,
"2026-04-03 12:00:00",24931,
"2026-04-03 13:00:00",26806,
"2026-04-03 14:00:00",27736,
"2026-04-03 15:00:00",27675,
"2026-04-03 16:00:00",26948,
"2026-04-03 17:00:00",25760,
"2026-04-03 18:00:00",24888,
"2026-04-03 19:00:00",24525,
"2026-04-03 20:00:00",23765,
"2026-04-03 21:00:00",22156,
"2026-04-03 22:00:00",19779,
"2026-04-03 23:00:00",17805,
"2026-04-04 00:00:00",17051,21146
"2026-04-04 01:00:00",17701,
"2026-04-04 02:00:00",18081,
"2026-04-04 03:00:00",17983,
"2026-04-04 04:00:00",17527,
"2026-04-04 05:00:00",17449,
"2026-04-04 06:00:00",18138,
"2026-04-04 07:00:00",19216,
"2026-04-04 08:00:00",20312,
"2026-04-04 09:00:00",20979,
"2026-04-04 10:00:00",21608,
"2026-04-04 11:00:00",23249,
"2026-04-04 12:00:00",25045,
"2026-04-04 13:00:00",26758,
"2026-04-04 14:00:00",27394,
"2026-04-04 15:00:00",27383,
"2026-04-04 16:00:00",26635,
"2026-04-04 17:00:00",25280,
"2026-04-04 18:00:00",24380,
"2026-04-04 19:00:00",23748,
"2026-04-04 20:00:00",23301,
"2026-04-04 21:00:00",21943,
"2026-04-04 22:00:00",19726,
"2026-04-04 23:00:00",17559,
"2026-04-05 00:00:00",16704,20275
"2026-04-05 01:00:00",17180,
"2026-04-05 02:00:00",17448,
"2026-04-05 03:00:00",17350,
"2026-04-05 04:00:00",16883,
"2026-04-05 05:00:00",17173,
"2026-04-05 06:00:00",17825,
"2026-04-05 07:00:00",18862,
"2026-04-05 08:00:00",19891,
"2026-04-05 09:00:00",20387,
"2026-04-05 10:00:00",20931,
"2026-04-05 11:00:00",22289,
"2026-04-05 12:00:00",23934,
"2026-04-05 13:00:00",25546,
"2026-04-05 14:00:00",26153,
"2026-04-05 15:00:00",26171,
"2026-04-05 16:00:00",25368,
"2026-04-05 17:00:00",24122,
"2026-04-05 18:00:00",23471,
"2026-04-05 19:00:00",22730,
"2026-04-05 20:00:00",21885,
"2026-04-05 21:00:00",20290,
"2026-04-05 22:00:00",18132,
"2026-04-05 23:00:00",16154,
"2026-04-06 00:00:00",15047,16934
"2026-04-06 01:00:00",14876,
"2026-04-06 02:00:00",14985,
"2026-04-06 03:00:00",14763,
"2026-04-06 04:00:00",14178,
"2026-04-06 05:00:00",13737,
"2026-04-06 06:00:00",14366,
"2026-04-06 07:00:00",15564,
"2026-04-06 08:00:00",16641,
"2026-04-06 09:00:00",17377,
"2026-04-06 10:00:00",18169,
"2026-04-06 11:00:00",19656,
"2026-04-06 12:00:00",21255,
"2026-04-06 13:00:00",22307,
"2026-04-06 14:00:00",22437,
"2026-04-06 15:00:00",22233,
"2026-04-06 16:00:00",21242,
"2026-04-06 17:00:00",20067,
"2026-04-06 18:00:00",19309,
"2026-04-06 19:00:00",18779,
"2026-04-06 20:00:00",17571,
"2026-04-06 21:00:00",15734,
"2026-04-06 22:00:00",13879,
"2026-04-06 23:00:00",12649,
"2026-04-07 00:00:00",12246,13523
"2026-04-07 01:00:00",12279,
"2026-04-07 02:00:00",12175,
"2026-04-07 03:00:00",12034,
"2026-04-07 04:00:00",11175,
"2026-04-07 05:00:00",10528,
"2026-04-07 06:00:00",10093,
"2026-04-07 07:00:00",10669,
"2026-04-07 08:00:00",11247,
"2026-04-07 09:00:00",11647,
"2026-04-07 10:00:00",12871,
"2026-04-07 11:00:00",14757,
"2026-04-07 12:00:00",16526,
"2026-04-07 13:00:00",17775,
"2026-04-07 14:00:00",18066,
"2026-04-07 15:00:00",17978,
"2026-04-07 16:00:00",17472,
"2026-04-07 17:00:00",16976,
"2026-04-07 18:00:00",16810,
"2026-04-07 19:00:00",16663,
"2026-04-07 20:00:00",15821,
"2026-04-07 21:00:00",14059,
"2026-04-07 22:00:00",11649,
"2026-04-07 23:00:00",10954,
"2026-04-08 00:00:00",10964,12233
"2026-04-08 01:00:00",11257,
"2026-04-08 02:00:00",11244,
"2026-04-08 03:00:00",10998,
"2026-04-08 04:00:00",10179,
"2026-04-08 05:00:00",9671,
"2026-04-08 06:00:00",9438,
"2026-04-08 07:00:00",9827,
"2026-04-08 08:00:00",10221,
"2026-04-08 09:00:00",10696,
"2026-04-08 10:00:00",11712,
"2026-04-08 11:00:00",13260,
"2026-04-08 12:00:00",15008,
"2026-04-08 13:00:00",16226,
"2026-04-08 14:00:00",16495,
"2026-04-08 15:00:00",16377,
"2026-04-08 16:00:00",15946,
"2026-04-08 17:00:00",15028,
"2026-04-08 18:00:00",14978,
"2026-04-08 19:00:00",14909,
"2026-04-08 20:00:00",14229,
"2026-04-08 21:00:00",12707,
"2026-04-08 22:00:00",11049,
"2026-04-08 23:00:00",10074,
"2026-04-09 00:00:00",10023,11527
"2026-04-09 01:00:00",10264,
"2026-04-09 02:00:00",10208,
"2026-04-09 03:00:00",10083,
"2026-04-09 04:00:00",9405,
"2026-04-09 05:00:00",9036,
"2026-04-09 06:00:00",8820,
"2026-04-09 07:00:00",9215,
"2026-04-09 08:00:00",9656,
"2026-04-09 09:00:00",10149,
"2026-04-09 10:00:00",11027,
"2026-04-09 11:00:00",12388,
"2026-04-09 12:00:00",13940,
"2026-04-09 13:00:00",15160,
"2026-04-09 14:00:00",15426,
"2026-04-09 15:00:00",15391,
"2026-04-09 16:00:00",14894,
"2026-04-09 17:00:00",14403,
"2026-04-09 18:00:00",14132,
"2026-04-09 19:00:00",14034,
"2026-04-09 20:00:00",13446,
"2026-04-09 21:00:00",12203,
"2026-04-09 22:00:00",10679,
"2026-04-09 23:00:00",9790,
"2026-04-10 00:00:00",9520,11325
"2026-04-10 01:00:00",9698,
"2026-04-10 02:00:00",9665,
"2026-04-10 03:00:00",9415,
"2026-04-10 04:00:00",8829,
"2026-04-10 05:00:00",8456,
"2026-04-10 06:00:00",8540,
"2026-04-10 07:00:00",8972,
"2026-04-10 08:00:00",9306,
"2026-04-10 09:00:00",9645,
"2026-04-10 10:00:00",10385,
"2026-04-10 11:00:00",11788,
"2026-04-10 12:00:00",13212,
"2026-04-10 13:00:00",14545,
"2026-04-10 14:00:00",15189,
"2026-04-10 15:00:00",15161,
"2026-04-10 16:00:00",14854,
"2026-04-10 17:00:00",14410,
"2026-04-10 18:00:00",14169,
"2026-04-10 19:00:00",13908,
"2026-04-10 20:00:00",13619,
"2026-04-10 21:00:00",12889,
"2026-04-10 22:00:00",11680,
"2026-04-10 23:00:00",10594,
"2026-04-11 00:00:00",10475,13280
"2026-04-11 01:00:00",10866,
"2026-04-11 02:00:00",11070,
"2026-04-11 03:00:00",11102,
"2026-04-11 04:00:00",11003,
"2026-04-11 05:00:00",10915,
"2026-04-11 06:00:00",11388,
"2026-04-11 07:00:00",11973,
"2026-04-11 08:00:00",12508,
"2026-04-11 09:00:00",13033,
"2026-04-11 10:00:00",13606,
"2026-04-11 11:00:00",14599,
"2026-04-11 12:00:00",15930,
"2026-04-11 13:00:00",17111,
"2026-04-11 14:00:00",17535,
"2026-04-11 15:00:00",17461,
"2026-04-11 16:00:00",16888,
"2026-04-11 17:00:00",15870,
"2026-04-11 18:00:00",15390,
"2026-04-11 19:00:00",15138,
"2026-04-11 20:00:00",14843,
"2026-04-11 21:00:00",13749,
"2026-04-11 22:00:00",12478,
"2026-04-11 23:00:00",11213,
"2026-04-12 00:00:00",10669,13016
"2026-04-12 01:00:00",11072,
"2026-04-12 02:00:00",11455,
"2026-04-12 03:00:00",11480,
"2026-04-12 04:00:00",11164,
"2026-04-12 05:00:00",11358,
"2026-04-12 06:00:00",11669,
"2026-04-12 07:00:00",12430,
"2026-04-12 08:00:00",13231,
"2026-04-12 09:00:00",13505,
"2026-04-12 10:00:00",13798,
"2026-04-12 11:00:00",14820,
"2026-04-12 12:00:00",15992,
"2026-04-12 13:00:00",16721,
"2026-04-12 14:00:00",16850,
"2026-04-12 15:00:00",16801,
"2026-04-12 16:00:00",16002,
"2026-04-12 17:00:00",15325,
"2026-04-12 18:00:00",14935,
"2026-04-12 19:00:00",14576,
"2026-04-12 20:00:00",13698,
"2026-04-12 21:00:00",12360,
"2026-04-12 22:00:00",10607,
"2026-04-12 23:00:00",9186,
"2026-04-13 00:00:00",8701,9355
"2026-04-13 01:00:00",8612,
"2026-04-13 02:00:00",8520,
"2026-04-13 03:00:00",8243,
"2026-04-13 04:00:00",7644,
"2026-04-13 05:00:00",7107,
"2026-04-13 06:00:00",6995,
"2026-04-13 07:00:00",7384,
"2026-04-13 08:00:00",7765,
"2026-04-13 09:00:00",8197,
"2026-04-13 10:00:00",8992,
"2026-04-13 11:00:00",10021,
"2026-04-13 12:00:00",11221,
"2026-04-13 13:00:00",12211,
"2026-04-13 14:00:00",12460,
"2026-04-13 15:00:00",12456,
"2026-04-13 16:00:00",12159,
"2026-04-13 17:00:00",11733,
"2026-04-13 18:00:00",11751,
"2026-04-13 19:00:00",11620,
"2026-04-13 20:00:00",10967,
"2026-04-13 21:00:00",9800,
"2026-04-13 22:00:00",8470,
"2026-04-13 23:00:00",7629,
"2026-04-14 00:00:00",7599,8475
"2026-04-14 01:00:00",7828,
"2026-04-14 02:00:00",7848,
"2026-04-14 03:00:00",7677,
"2026-04-14 04:00:00",6945,
"2026-04-14 05:00:00",6657,
"2026-04-14 06:00:00",6603,
"2026-04-14 07:00:00",6859,
"2026-04-14 08:00:00",7059,
"2026-04-14 09:00:00",7306,
"2026-04-14 10:00:00",7941,
"2026-04-14 11:00:00",8993,
"2026-04-14 12:00:00",10246,
"2026-04-14 13:00:00",11229,
"2026-04-14 14:00:00",11539,
"2026-04-14 15:00:00",11465,
"2026-04-14 16:00:00",11024,
"2026-04-14 17:00:00",10772,
"2026-04-14 18:00:00",10518,
"2026-04-14 19:00:00",10356,
"2026-04-14 20:00:00",9755,
"2026-04-14 21:00:00",8781,
"2026-04-14 22:00:00",7531,
"2026-04-14 23:00:00",6673,
"2026-04-15 00:00:00",6874,7574
"2026-04-15 01:00:00",7065,
"2026-04-15 02:00:00",7057,
"2026-04-15 03:00:00",6770,
"2026-04-15 04:00:00",6392,
"2026-04-15 05:00:00",6046,
"2026-04-15 06:00:00",5872,
"2026-04-15 07:00:00",5993,
"2026-04-15 08:00:00",6317,
"2026-04-15 09:00:00",6596,
"2026-04-15 10:00:00",7239,
"2026-04-15 11:00:00",8266,
"2026-04-15 12:00:00",9288,
"2026-04-15 13:00:00",9997,
"2026-04-15 14:00:00",10128,
"2026-04-15 15:00:00",10063,
"2026-04-15 16:00:00",9695,
"2026-04-15 17:00:00",9275,
"2026-04-15 18:00:00",9304,
"2026-04-15 19:00:00",9229,
"2026-04-15 20:00:00",8751,
"2026-04-15 21:00:00",7799,
"2026-04-15 22:00:00",6710,
"2026-04-15 23:00:00",6218,
"2026-04-16 00:00:00",6350,6982
"2026-04-16 01:00:00",6389,
"2026-04-16 02:00:00",6439,
"2026-04-16 03:00:00",6301,
"2026-04-16 04:00:00",5764,
"2026-04-16 05:00:00",5465,
"2026-04-16 06:00:00",5435,
"2026-04-16 07:00:00",5652,
"2026-04-16 08:00:00",5792,
"2026-04-16 09:00:00",6021,
"2026-04-16 10:00:00",6032,
"2026-04-16 10:10:00",6074,
"2026-04-16 10:20:00",6171,
"2026-04-16 10:30:00",6268,
"2026-04-16 10:40:00",6411,
"2026-04-16 10:50:00",6500,
"2026-04-16 11:00:00",6588,
"2026-04-16 11:10:00",6810,
"2026-04-16 11:20:00",6946,
"2026-04-16 11:30:00",7146,
"2026-04-16 11:40:00",7349,
"2026-04-16 11:50:00",7487,
"2026-04-16 12:00:00",7644,
"2026-04-16 12:10:00",7817,
"2026-04-16 12:20:00",7987,
"2026-04-16 12:30:00",8108,
"2026-04-16 12:40:00",8324,
"2026-04-16 12:50:00",8452,
"2026-04-16 13:00:00",8594,
"2026-04-16 13:10:00",8749,
"2026-04-16 13:20:00",8788,
"2026-04-16 13:30:00",8877,
"2026-04-16 13:40:00",8992,
"2026-04-16 13:50:00",9072,
"2026-04-16 14:00:00",9062,
"2026-04-16 14:10:00",9091,
"2026-04-16 14:20:00",9140,
"2026-04-16 14:30:00",9201,
"2026-04-16 14:40:00",9223,
"2026-04-16 14:50:00",9273,
"2026-04-16 15:00:00",9248,
"2026-04-16 15:10:00",9286,
"2026-04-16 15:20:00",9202,
"2026-04-16 15:30:00",9183,
"2026-04-16 15:40:00",9183,
"2026-04-16 15:50:00",9160,
"2026-04-16 16:00:00",9100,
"2026-04-16 16:10:00",7462,
"2026-04-16 16:20:00",7408,
"2026-04-16 16:30:00",7839,
"2026-04-16 16:40:00",8092,
"2026-04-16 16:50:00",8230,
"2026-04-16 17:00:00",8293,
"2026-04-16 17:10:00",8418,
"2026-04-16 17:20:00",8502,
"2026-04-16 17:30:00",8585,
"2026-04-16 17:40:00",8619,
"2026-04-16 17:50:00",8643,
"2026-04-16 18:00:00",8626,
"2026-04-16 18:10:00",8620,
"2026-04-16 18:20:00",8647,
"2026-04-16 18:30:00",8681,
"2026-04-16 18:40:00",8739,
"2026-04-16 18:50:00",8771,
"2026-04-16 19:00:00",8717,
"2026-04-16 19:10:00",8665,
"2026-04-16 19:20:00",8653,
"2026-04-16 19:30:00",8612,
"2026-04-16 19:40:00",8594,
"2026-04-16 19:50:00",8536,
"2026-04-16 20:00:00",8438,
"2026-04-16 20:10:00",8246,
"2026-04-16 20:20:00",8148,
"2026-04-16 20:30:00",7994,
"2026-04-16 20:40:00",7845,
"2026-04-16 20:50:00",7713,
"2026-04-16 21:00:00",7553,
"2026-04-16 21:10:00",7355,
"2026-04-16 21:20:00",7175,
"2026-04-16 21:30:00",7074,
"2026-04-16 21:40:00",6885,
"2026-04-16 21:50:00",6754,
"2026-04-16 22:00:00",6574,
"2026-04-16 22:10:00",6427,
"2026-04-16 22:20:00",6273,
"2026-04-16 22:30:00",6178,
"2026-04-16 22:40:00",6034,
"2026-04-16 22:50:00",5939,
"2026-04-16 23:00:00",5918,
"2026-04-16 23:10:00",5831,
"2026-04-16 23:20:00",5752,
"2026-04-16 23:30:00",5753,
"2026-04-16 23:40:00",5812,
"2026-04-16 23:50:00",5810,
"2026-04-17 00:00:00",5807,7043
"2026-04-17 00:10:00",5754,
"2026-04-17 00:20:00",5755,
"2026-04-17 00:30:00",5720,
"2026-04-17 00:40:00",5807,
"2026-04-17 00:50:00",5863,
"2026-04-17 01:00:00",5934,
"2026-04-17 01:10:00",5994,
"2026-04-17 01:20:00",6009,
"2026-04-17 01:30:00",6064,
"2026-04-17 01:40:00",6111,
"2026-04-17 01:50:00",6112,
"2026-04-17 02:00:00",5995,
"2026-04-17 02:10:00",5942,
"2026-04-17 02:20:00",5921,
"2026-04-17 02:30:00",5877,
"2026-04-17 02:40:00",5885,
"2026-04-17 02:50:00",5857,
"2026-04-17 03:00:00",5810,
"2026-04-17 03:10:00",5780,
"2026-04-17 03:20:00",5741,
"2026-04-17 03:30:00",5690,
"2026-04-17 03:40:00",5608,
"2026-04-17 03:50:00",5527,
"2026-04-17 04:00:00",5382,
"2026-04-17 04:10:00",5323,
"2026-04-17 04:20:00",5335,
"2026-04-17 04:30:00",5273,
"2026-04-17 04:40:00",5201,
"2026-04-17 04:50:00",5162,
"2026-04-17 05:00:00",5049,
"2026-04-17 05:10:00",5032,
"2026-04-17 05:20:00",4959,
"2026-04-17 05:30:00",4991,
"2026-04-17 05:40:00",4983,
"2026-04-17 05:50:00",5001,
"2026-04-17 06:00:00",4949,
"2026-04-17 06:10:00",5001,
"2026-04-17 06:20:00",5080,
"2026-04-17 06:30:00",5138,
"2026-04-17 06:40:00",5188,
"2026-04-17 06:50:00",5243,
"2026-04-17 07:00:00",5240,
"2026-04-17 07:10:00",5275,
"2026-04-17 07:20:00",5295,
"2026-04-17 07:30:00",5314,
"2026-04-17 07:40:00",5398,
"2026-04-17 07:50:00",5453,
"2026-04-17 08:00:00",5421,
"2026-04-17 08:10:00",5479,
"2026-04-17 08:20:00",5568,
"2026-04-17 08:30:00",5563,
"2026-04-17 08:40:00",5591,
"2026-04-17 08:50:00",5656,
"2026-04-17 09:00:00",5661,
"2026-04-17 09:10:00",5706,
"2026-04-17 09:20:00",5730,
"2026-04-17 09:30:00",5735,
"2026-04-17 09:40:00",5797,
"2026-04-17 09:50:00",5849,
"2026-04-17 10:00:00",5889,
"2026-04-17 10:10:00",5918,
"2026-04-17 10:20:00",5951,
"2026-04-17 10:30:00",6040,
"2026-04-17 10:40:00",6195,
"2026-04-17 10:50:00",6270,
"2026-04-17 11:00:00",6388,
"2026-04-17 11:10:00",6459,
"2026-04-17 11:20:00",6593,
"2026-04-17 11:30:00",6737,
"2026-04-17 11:40:00",6871,
"2026-04-17 11:50:00",7055,
"2026-04-17 12:00:00",7217,
"2026-04-17 12:10:00",7436,
"2026-04-17 12:20:00",7591,
"2026-04-17 12:30:00",7712,
"2026-04-17 12:40:00",7915,
"2026-04-17 12:50:00",8106,
"2026-04-17 13:00:00",8272,
"2026-04-17 13:10:00",8470,
"2026-04-17 13:20:00",8648,
"2026-04-17 13:30:00",8733,
"2026-04-17 13:40:00",8888,
"2026-04-17 13:50:00",9047,
"2026-04-17 14:00:00",9142,
"2026-04-17 14:10:00",9189,
"2026-04-17 14:20:00",9262,
"2026-04-17 14:30:00",9324,
"2026-04-17 14:40:00",9372,
"2026-04-17 14:50:00",9430,
"2026-04-17 15:00:00",9412,
"2026-04-17 15:10:00",9391,
"2026-04-17 15:20:00",9462,
"2026-04-17 15:30:00",9431,
"2026-04-17 15:40:00",9457,
"2026-04-17 15:50:00",9428,
"2026-04-17 16:00:00",9416,
"2026-04-17 16:10:00",9265,
"2026-04-17 16:20:00",9175,
"2026-04-17 16:30:00",9141,
"2026-04-17 16:40:00",9078,
"2026-04-17 16:50:00",9095,
"2026-04-17 17:00:00",9064,
"2026-04-17 17:10:00",8981,
"2026-04-17 17:20:00",8950,
"2026-04-17 17:30:00",8942,
"2026-04-17 17:40:00",8938,
"2026-04-17 17:50:00",8930,
"2026-04-17 18:00:00",8840,
"2026-04-17 18:10:00",8825,
"2026-04-17 18:20:00",8835,
"2026-04-17 18:30:00",8837,
"2026-04-17 18:40:00",8872,
"2026-04-17 18:50:00",8924,
"2026-04-17 19:00:00",8916,
"2026-04-17 19:10:00",8862,
"2026-04-17 19:20:00",8789,
"2026-04-17 19:30:00",8778,
"2026-04-17 19:40:00",8828,
"2026-04-17 19:50:00",8792,
"2026-04-17 20:00:00",8787,
"2026-04-17 20:10:00",8751,
"2026-04-17 20:20:00",8663,
"2026-04-17 20:30:00",8562,
"2026-04-17 20:40:00",8521,
"2026-04-17 20:50:00",8448,
"2026-04-17 21:00:00",8338,
"2026-04-17 21:10:00",8215,
"2026-04-17 21:20:00",8096,
"2026-04-17 21:30:00",7991,
"2026-04-17 21:40:00",7848,
"2026-04-17 21:50:00",7696,
"2026-04-17 22:00:00",7476,
"2026-04-17 22:10:00",7289,
"2026-04-17 22:20:00",7184,
"2026-04-17 22:30:00",7088,
"2026-04-17 22:40:00",6963,
"2026-04-17 22:50:00",6863,
"2026-04-17 23:00:00",6697,
"2026-04-17 23:10:00",6656,
"2026-04-17 23:20:00",6631,
"2026-04-17 23:30:00",6586,
"2026-04-17 23:40:00",6552,
"2026-04-17 23:50:00",6526,
"2026-04-18 00:00:00",6539,8597
"2026-04-18 00:10:00",6499,
"2026-04-18 00:20:00",6516,
"2026-04-18 00:30:00",6539,
"2026-04-18 00:40:00",6553,
"2026-04-18 00:50:00",6579,
"2026-04-18 01:00:00",6649,
"2026-04-18 01:10:00",6731,
"2026-04-18 01:20:00",6800,
"2026-04-18 01:30:00",6861,
"2026-04-18 01:40:00",6944,
"2026-04-18 01:50:00",7010,
"2026-04-18 02:00:00",7042,
"2026-04-18 02:10:00",7089,
"2026-04-18 02:20:00",7099,
"2026-04-18 02:30:00",7128,
"2026-04-18 02:40:00",7139,
"2026-04-18 02:50:00",7112,
"2026-04-18 03:00:00",7098,
"2026-04-18 03:10:00",7058,
"2026-04-18 03:20:00",7023,
"2026-04-18 03:30:00",7064,
"2026-04-18 03:40:00",7091,
"2026-04-18 03:50:00",7064,
"2026-04-18 04:00:00",7002,
"2026-04-18 04:10:00",6968,
"2026-04-18 04:20:00",6985,
"2026-04-18 04:30:00",6969,
"2026-04-18 04:40:00",6950,
"2026-04-18 04:50:00",6922,
"2026-04-18 05:00:00",6943,
"2026-04-18 05:10:00",6941,
"2026-04-18 05:20:00",6940,
"2026-04-18 05:30:00",6973,
"2026-04-18 05:40:00",6988,
"2026-04-18 05:50:00",7074,
"2026-04-18 06:00:00",7129,
"2026-04-18 06:10:00",7128,
"2026-04-18 06:20:00",7168,
"2026-04-18 06:30:00",7205,
"2026-04-18 06:40:00",7224,
"2026-04-18 06:50:00",7229,
"2026-04-18 07:00:00",7243,
"2026-04-18 07:10:00",7293,
"2026-04-18 07:20:00",7373,
"2026-04-18 07:30:00",7475,
"2026-04-18 07:40:00",7523,
"2026-04-18 07:50:00",7613,
"2026-04-18 08:00:00",7630,
"2026-04-18 08:10:00",7688,
"2026-04-18 08:20:00",7760,
"2026-04-18 08:30:00",7778,
"2026-04-18 08:40:00",7874,
"2026-04-18 08:50:00",7961,
"2026-04-18 09:00:00",8006,
"2026-04-18 09:10:00",8008,
"2026-04-18 09:20:00",8061,
"2026-04-18 09:30:00",8101,
"2026-04-18 09:40:00",8155,
"2026-04-18 09:50:00",8172,
"2026-04-18 10:00:00",8198,
"2026-04-18 10:10:00",8227,
"2026-04-18 10:20:00",8232,
"2026-04-18 10:30:00",8300,
"2026-04-18 10:40:00",8397,
"2026-04-18 10:50:00",8470,
"2026-04-18 11:00:00",8543,
"2026-04-18 11:10:00",8641,
"2026-04-18 11:20:00",8731,
"2026-04-18 11:30:00",8899,
"2026-04-18 11:40:00",9094,
"2026-04-18 11:50:00",9216,
"2026-04-18 12:00:00",9383,
"2026-04-18 12:10:00",9548,
"2026-04-18 12:20:00",9744,
"2026-04-18 12:30:00",9906,
"2026-04-18 12:40:00",10048,
"2026-04-18 12:50:00",10184,
"2026-04-18 13:00:00",10301,
"2026-04-18 13:10:00",10444,
"2026-04-18 13:20:00",10564,
"2026-04-18 13:30:00",10670,
"2026-04-18 13:40:00",10791,
"2026-04-18 13:50:00",10953,
"2026-04-18 14:00:00",11051,
"2026-04-18 14:10:00",11152,
"2026-04-18 14:20:00",11196,
"2026-04-18 14:30:00",11232,
"2026-04-18 14:40:00",11259,
"2026-04-18 14:50:00",11339,
"2026-04-18 15:00:00",11362,
"2026-04-18 15:10:00",11352,
"2026-04-18 15:20:00",11360,
"2026-04-18 15:30:00",11331,
"2026-04-18 15:40:00",11297,
"2026-04-18 15:50:00",11142,
"2026-04-18 16:00:00",11126,
"2026-04-18 16:10:00",11014,
"2026-04-18 16:20:00",10868,
"2026-04-18 16:30:00",10765,
"2026-04-18 16:40:00",10682,
"2026-04-18 16:50:00",10622,
"2026-04-18 17:00:00",10600,
"2026-04-18 17:10:00",10427,
"2026-04-18 17:20:00",10439,
"2026-04-18 17:30:00",10409,
"2026-04-18 17:40:00",10362,
"2026-04-18 17:50:00",10302,
"2026-04-18 18:00:00",10297,
"2026-04-18 18:10:00",10203,
"2026-04-18 18:20:00",10109,
"2026-04-18 18:30:00",10081,
"2026-04-18 18:40:00",10033,
"2026-04-18 18:50:00",10005,
"2026-04-18 19:00:00",10023,
"2026-04-18 19:10:00",10003,
"2026-04-18 19:20:00",10023,
"2026-04-18 19:30:00",10001,
"2026-04-18 19:40:00",9968,
"2026-04-18 19:50:00",9909,
"2026-04-18 20:00:00",9797,
"2026-04-18 20:10:00",9743,
"2026-04-18 20:20:00",9671,
"2026-04-18 20:30:00",9601,
"2026-04-18 20:40:00",9485,
"2026-04-18 20:50:00",9259,
"2026-04-18 21:00:00",9099,
"2026-04-18 21:10:00",8919,
"2026-04-18 21:20:00",8859,
"2026-04-18 21:30:00",8597,
"2026-04-18 21:40:00",8424,
"2026-04-18 21:50:00",8336,
"2026-04-18 22:00:00",8155,
"2026-04-18 22:10:00",8047,
"2026-04-18 22:20:00",7892,
"2026-04-18 22:30:00",7802,
"2026-04-18 22:40:00",7626,
"2026-04-18 22:50:00",7497,
"2026-04-18 23:00:00",7403,
"2026-04-18 23:10:00",7311,
"2026-04-18 23:20:00",7255,
"2026-04-18 23:30:00",7183,
"2026-04-18 23:40:00",7152,
"2026-04-18 23:50:00",7134,
"2026-04-19 00:00:00",7090,8856
"2026-04-19 00:10:00",7073,
"2026-04-19 00:20:00",7056,
"2026-04-19 00:30:00",7074,
"2026-04-19 00:40:00",7114,
"2026-04-19 00:50:00",7211,
"2026-04-19 01:00:00",7297,
"2026-04-19 01:10:00",7320,
"2026-04-19 01:20:00",7357,
"2026-04-19 01:30:00",7409,
"2026-04-19 01:40:00",7460,
"2026-04-19 01:50:00",7518,
"2026-04-19 02:00:00",7523,
"2026-04-19 02:10:00",7560,
"2026-04-19 02:20:00",7612,
"2026-04-19 02:30:00",7678,
"2026-04-19 02:40:00",7720,
"2026-04-19 02:50:00",7744,
"2026-04-19 03:00:00",7720,
"2026-04-19 03:10:00",7674,
"2026-04-19 03:20:00",7613,
"2026-04-19 03:30:00",7560,
"2026-04-19 03:40:00",7531,
"2026-04-19 03:50:00",7504,
"2026-04-19 04:00:00",7477,
"2026-04-19 04:10:00",7428,
"2026-04-19 04:20:00",7431,
"2026-04-19 04:30:00",7407,
"2026-04-19 04:40:00",7477,
"2026-04-19 04:50:00",7506,
"2026-04-19 05:00:00",7474,
"2026-04-19 05:10:00",7444,
"2026-04-19 05:20:00",7500,
"2026-04-19 05:30:00",7523,
"2026-04-19 05:40:00",7605,
"2026-04-19 05:50:00",7650,
"2026-04-19 06:00:00",7702,
"2026-04-19 06:10:00",7712,
"2026-04-19 06:20:00",7748,
"2026-04-19 06:30:00",7826,
"2026-04-19 06:40:00",7890,
"2026-04-19 06:50:00",7931,
"2026-04-19 07:00:00",7929,
"2026-04-19 07:10:00",7998,
"2026-04-19 07:20:00",8107,
"2026-04-19 07:30:00",8221,
"2026-04-19 07:40:00",8306,
"2026-04-19 07:50:00",8388,
"2026-04-19 08:00:00",8466,
"2026-04-19 08:10:00",8542,
"2026-04-19 08:20:00",8652,
"2026-04-19 08:30:00",8728,
"2026-04-19 08:40:00",8813,
"2026-04-19 08:50:00",8931,
"2026-04-19 09:00:00",8987,
"2026-04-19 09:10:00",9064,
"2026-04-19 09:20:00",9133,
"2026-04-19 09:30:00",9121,
"2026-04-19 09:40:00",9177,
"2026-04-19 09:50:00",9190,
"2026-04-19 10:00:00",9178,
"2026-04-19 10:10:00",9234,
"2026-04-19 10:20:00",9234,
"2026-04-19 10:30:00",9187,
"2026-04-19 10:40:00",9273,
"2026-04-19 10:50:00",9308,
"2026-04-19 11:00:00",9446,
"2026-04-19 11:10:00",9521,
"2026-04-19 11:20:00",9632,
"2026-04-19 11:30:00",9742,
"2026-04-19 11:40:00",9876,
"2026-04-19 11:50:00",10083,
"2026-04-19 12:00:00",10254,
"2026-04-19 12:10:00",10399,
"2026-04-19 12:20:00",10520,
"2026-04-19 12:30:00",10682,
"2026-04-19 12:40:00",10777,
"2026-04-19 12:50:00",10891,
"2026-04-19 13:00:00",10967,
"2026-04-19 13:10:00",11151,
"2026-04-19 13:20:00",11227,
"2026-04-19 13:30:00",11261,
"2026-04-19 13:40:00",11383,
"2026-04-19 13:50:00",11512,
"2026-04-19 14:00:00",11569,
"2026-04-19 14:10:00",11621,
"2026-04-19 14:20:00",11692,
"2026-04-19 14:30:00",11723,
"2026-04-19 14:40:00",11714,
"2026-04-19 14:50:00",11722,
"2026-04-19 15:00:00",11700,
"2026-04-19 15:10:00",11636,
"2026-04-19 15:20:00",11547,
"2026-04-19 15:30:00",11501,
"2026-04-19 15:40:00",11363,
"2026-04-19 15:50:00",11234,
"2026-04-19 16:00:00",11142,
"2026-04-19 16:10:00",11003,
"2026-04-19 16:20:00",10895,
"2026-04-19 16:30:00",10773,
"2026-04-19 16:40:00",10680,
"2026-04-19 16:50:00",10582,
"2026-04-19 17:00:00",10468,
"2026-04-19 17:10:00",10337,
"2026-04-19 17:20:00",10291,
"2026-04-19 17:30:00",10218,
"2026-04-19 17:40:00",10193,
"2026-04-19 17:50:00",10134,
"2026-04-19 18:00:00",10147,
"2026-04-19 18:10:00",10082,
"2026-04-19 18:20:00",10092,
"2026-04-19 18:30:00",10033,
"2026-04-19 18:40:00",10026,
"2026-04-19 18:50:00",9955,
"2026-04-19 19:00:00",9945,
"2026-04-19 19:10:00",9864,
"2026-04-19 19:20:00",9822,
"2026-04-19 19:30:00",9704,
"2026-04-19 19:40:00",9586,
"2026-04-19 19:50:00",9556,
"2026-04-19 20:00:00",9388,
"2026-04-19 20:10:00",9164,
"2026-04-19 20:20:00",9005,
"2026-04-19 20:30:00",8845,
"2026-04-19 20:40:00",8675,
"2026-04-19 20:50:00",8479,
"2026-04-19 21:00:00",8276,
"2026-04-19 21:10:00",8127,
"2026-04-19 21:20:00",7908,
"2026-04-19 21:30:00",7753,
"2026-04-19 21:40:00",7559,
"2026-04-19 21:50:00",7367,
"2026-04-19 22:00:00",7217,
"2026-04-19 22:10:00",6968,
"2026-04-19 22:20:00",6823,
"2026-04-19 22:30:00",6684,
"2026-04-19 22:40:00",6536,
"2026-04-19 22:50:00",6412,
"2026-04-19 23:00:00",6333,
"2026-04-19 23:10:00",6222,
"2026-04-19 23:20:00",6198,
"2026-04-19 23:30:00",6110,
"2026-04-19 23:40:00",6065,
"2026-04-19 23:50:00",6057,
"2026-04-20 00:00:00",6038,6390
"2026-04-20 00:10:00",6021,
"2026-04-20 00:20:00",6055,
"2026-04-20 00:30:00",6035,
"2026-04-20 00:40:00",6042,
"2026-04-20 00:50:00",6041,
"2026-04-20 01:00:00",6036,
"2026-04-20 01:10:00",6064,
"2026-04-20 01:20:00",6083,
"2026-04-20 01:30:00",6066,
"2026-04-20 01:40:00",6042,
"2026-04-20 01:50:00",6037,
"2026-04-20 02:00:00",6057,
"2026-04-20 02:10:00",6023,
"2026-04-20 02:20:00",6018,
"2026-04-20 02:30:00",5963,
"2026-04-20 02:40:00",5952,
"2026-04-20 02:50:00",5884,
"2026-04-20 03:00:00",5799,
"2026-04-20 03:10:00",5698,
"2026-04-20 03:20:00",5601,
"2026-04-20 03:30:00",5553,
"2026-04-20 03:40:00",5465,
"2026-04-20 03:50:00",5321,
"2026-04-20 04:00:00",5269,
"2026-04-20 04:10:00",5156,
"2026-04-20 04:20:00",5105,
"2026-04-20 04:30:00",5088,
"2026-04-20 04:40:00",5020,
"2026-04-20 04:50:00",5003,
"2026-04-20 05:00:00",4908,
"2026-04-20 05:10:00",4817,
"2026-04-20 05:20:00",4761,
"2026-04-20 05:30:00",4698,
"2026-04-20 05:40:00",4625,
"2026-04-20 05:50:00",4618,
"2026-04-20 06:00:00",4596,
"2026-04-20 06:10:00",4629,
"2026-04-20 06:20:00",4659,
"2026-04-20 06:30:00",4700,
"2026-04-20 06:40:00",4695,
"2026-04-20 06:50:00",4716,
"2026-04-20 07:00:00",4746,
"2026-04-20 07:10:00",4760,
"2026-04-20 07:20:00",4773,
"2026-04-20 07:30:00",4824,
"2026-04-20 07:40:00",4898,
"2026-04-20 07:50:00",4942,
"2026-04-20 08:00:00",4967,
"2026-04-20 08:10:00",4975,
"2026-04-20 08:20:00",4996,
"2026-04-20 08:30:00",5030,
"2026-04-20 08:40:00",5079,
"2026-04-20 08:50:00",5157,
"2026-04-20 09:00:00",5173,
"2026-04-20 09:10:00",5204,
"2026-04-20 09:20:00",5252,
"2026-04-20 09:30:00",5277,
"2026-04-20 09:40:00",5350,
"2026-04-20 09:50:00",5382,
"2026-04-20 10:00:00",5476,
"2026-04-20 10:10:00",5493,
"2026-04-20 10:20:00",5529,
"2026-04-20 10:30:00",5608,
"2026-04-20 10:40:00",5771,
"2026-04-20 10:50:00",5943,
"2026-04-20 11:00:00",6067,
"2026-04-20 11:10:00",6206,
"2026-04-20 11:20:00",6308,
"2026-04-20 11:30:00",6455,
"2026-04-20 11:40:00",6595,
"2026-04-20 11:50:00",6771,
"2026-04-20 12:00:00",6941,
"2026-04-20 12:10:00",7150,
"2026-04-20 12:20:00",7279,
"2026-04-20 12:30:00",7381,
"2026-04-20 12:40:00",7551,
"2026-04-20 12:50:00",7681,
"2026-04-20 13:00:00",7811,
"2026-04-20 13:10:00",7936,
"2026-04-20 13:20:00",7994,
"2026-04-20 13:30:00",8040,
"2026-04-20 13:40:00",8163,
"2026-04-20 13:50:00",8239,
"2026-04-20 14:00:00",8278,
"2026-04-20 14:10:00",8288,
"2026-04-20 14:20:00",8372,
"2026-04-20 14:30:00",8370,
"2026-04-20 14:40:00",8404,
"2026-04-20 14:50:00",8388,
"2026-04-20 15:00:00",8280,
"2026-04-20 15:10:00",8242,
"2026-04-20 15:20:00",8180,
"2026-04-20 15:30:00",8186,
"2026-04-20 15:40:00",8132,
"2026-04-20 15:50:00",8126,
"2026-04-20 16:00:00",8076,
"2026-04-20 16:10:00",8044,
"2026-04-20 16:20:00",8101,
"2026-04-20 16:30:00",8052,
"2026-04-20 16:40:00",8171,
"2026-04-20 16:50:00",8190,
"2026-04-20 17:00:00",8194,
"2026-04-20 17:10:00",8126,
"2026-04-20 17:20:00",8114,
"2026-04-20 17:30:00",8067,
"2026-04-20 17:40:00",8028,
"2026-04-20 17:50:00",8037,
"2026-04-20 18:00:00",7984,
"2026-04-20 18:10:00",7949,
"2026-04-20 18:20:00",7904,
"2026-04-20 18:30:00",7914,
"2026-04-20 18:40:00",7920,
"2026-04-20 18:50:00",7964,
"2026-04-20 19:00:00",7972,
"2026-04-20 19:10:00",7877,
"2026-04-20 19:20:00",7824,
"2026-04-20 19:30:00",7743,
"2026-04-20 19:40:00",7710,
"2026-04-20 19:50:00",7698,
"2026-04-20 20:00:00",7628,
"2026-04-20 20:10:00",7532,
"2026-04-20 20:20:00",7384,
"2026-04-20 20:30:00",7331,
"2026-04-20 20:40:00",7199,
"2026-04-20 20:50:00",7051,
"2026-04-20 21:00:00",6925,
"2026-04-20 21:10:00",6650,
"2026-04-20 21:20:00",6404,
"2026-04-20 21:30:00",6265,
"2026-04-20 21:40:00",6130,
"2026-04-20 21:50:00",5993,
"2026-04-20 22:00:00",5848,
"2026-04-20 22:10:00",5798,
"2026-04-20 22:20:00",5642,
"2026-04-20 22:30:00",5589,
"2026-04-20 22:40:00",5506,
"2026-04-20 22:50:00",5446,
"2026-04-20 23:00:00",5370,
"2026-04-20 23:10:00",5303,
"2026-04-20 23:20:00",5258,
"2026-04-20 23:30:00",5217,
"2026-04-20 23:40:00",5191,
"2026-04-20 23:50:00",5217,
"2026-04-21 00:00:00",5228,5922
"2026-04-21 00:10:00",5218,
"2026-04-21 00:20:00",5195,
"2026-04-21 00:30:00",5236,
"2026-04-21 00:40:00",5297,
"2026-04-21 00:50:00",5315,
"2026-04-21 01:00:00",5315,
"2026-04-21 01:10:00",5323,
"2026-04-21 01:20:00",5352,
"2026-04-21 01:30:00",5362,
"2026-04-21 01:40:00",5382,
"2026-04-21 01:50:00",5404,
"2026-04-21 02:00:00",5395,
"2026-04-21 02:10:00",5394,
"2026-04-21 02:20:00",5377,
"2026-04-21 02:30:00",5329,
"2026-04-21 02:40:00",5344,
"2026-04-21 02:50:00",5330,
"2026-04-21 03:00:00",5276,
"2026-04-21 03:10:00",5257,
"2026-04-21 03:20:00",5251,
"2026-04-21 03:30:00",5223,
"2026-04-21 03:40:00",5088,
"2026-04-21 03:50:00",4990,
"2026-04-21 04:00:00",4891,
"2026-04-21 04:10:00",4815,
"2026-04-21 04:20:00",4757,
"2026-04-21 04:30:00",4727,
"2026-04-21 04:40:00",4684,
"2026-04-21 04:50:00",4646,
"2026-04-21 05:00:00",4589,
"2026-04-21 05:10:00",4518,
"2026-04-21 05:20:00",4487,
"2026-04-21 05:30:00",4437,
"2026-04-21 05:40:00",4392,
"2026-04-21 05:50:00",4429,
"2026-04-21 06:00:00",4406,
"2026-04-21 06:10:00",4394,
"2026-04-21 06:20:00",4421,
"2026-04-21 06:30:00",4413,
"2026-04-21 06:40:00",4434,
"2026-04-21 06:50:00",4418,
"2026-04-21 07:00:00",4452,
"2026-04-21 07:10:00",4495,
"2026-04-21 07:20:00",4539,
"2026-04-21 07:30:00",4606,
"2026-04-21 07:40:00",4651,
"2026-04-21 07:50:00",4707,
"2026-04-21 08:00:00",4714,
"2026-04-21 08:10:00",4765,
"2026-04-21 08:20:00",4831,
"2026-04-21 08:30:00",4839,
"2026-04-21 08:40:00",4920,
"2026-04-21 08:50:00",4948,
"2026-04-21 09:00:00",4963,
"2026-04-21 09:10:00",4981,
"2026-04-21 09:20:00",5041,
"2026-04-21 09:30:00",5041,
"2026-04-21 09:40:00",5050,
"2026-04-21 09:50:00",5054,
"2026-04-21 10:00:00",5128,
"2026-04-21 10:10:00",5189,
"2026-04-21 10:20:00",5320,
"2026-04-21 10:30:00",5402,
"2026-04-21 10:40:00",5491,
"2026-04-21 10:50:00",5649,
"2026-04-21 11:00:00",5766,
"2026-04-21 11:10:00",5838,
"2026-04-21 11:20:00",5963,
"2026-04-21 11:30:00",6086,
"2026-04-21 11:40:00",6228,
"2026-04-21 11:50:00",6390,
"2026-04-21 12:00:00",6447,
"2026-04-21 12:10:00",6600,
"2026-04-21 12:20:00",6775,
"2026-04-21 12:30:00",6935,
"2026-04-21 12:40:00",7072,
"2026-04-21 12:50:00",7197,
"2026-04-21 13:00:00",7300,
"2026-04-21 13:10:00",7459,
"2026-04-21 13:20:00",7661,
"2026-04-21 13:30:00",7713,
"2026-04-21 13:40:00",7872,
"2026-04-21 13:50:00",7965,
"2026-04-21 14:00:00",7992,
"2026-04-21 14:10:00",8017,
"2026-04-21 14:20:00",8064,
"2026-04-21 14:30:00",8039,
"2026-04-21 14:40:00",7995,
"2026-04-21 14:50:00",7986,
"2026-04-21 15:00:00",7923,
"2026-04-21 15:10:00",7911,
"2026-04-21 15:20:00",7792,
"2026-04-21 15:30:00",7761,
"2026-04-21 15:40:00",7774,
"2026-04-21 15:50:00",7673,
"2026-04-21 16:00:00",7570,
"2026-04-21 16:10:00",7446,
"2026-04-21 16:20:00",7463,
"2026-04-21 16:30:00",7448,
"2026-04-21 16:40:00",7445,
"2026-04-21 16:50:00",7420,
"2026-04-21 17:00:00",7396,
"2026-04-21 17:10:00",7383,
"2026-04-21 17:20:00",7349,
"2026-04-21 17:30:00",7369,
"2026-04-21 17:40:00",7375,
"2026-04-21 17:50:00",7410,
"2026-04-21 18:00:00",7371,
"2026-04-21 18:10:00",7360,
"2026-04-21 18:20:00",7365,
"2026-04-21 18:30:00",7399,
"2026-04-21 18:40:00",7385,
"2026-04-21 18:50:00",7376,
"2026-04-21 19:00:00",7381,
"2026-04-21 19:10:00",7400,
"2026-04-21 19:20:00",7361,
"2026-04-21 19:30:00",7348,
"2026-04-21 19:40:00",7278,
"2026-04-21 19:50:00",7192,
"2026-04-21 20:00:00",7092,
"2026-04-21 20:10:00",6934,
"2026-04-21 20:20:00",6867,
"2026-04-21 20:30:00",6670,
"2026-04-21 20:40:00",6533,
"2026-04-21 20:50:00",6338,
"2026-04-21 21:00:00",6196,
"2026-04-21 21:10:00",6111,
"2026-04-21 21:20:00",5969,
"2026-04-21 21:30:00",5850,
"2026-04-21 21:40:00",5743,
"2026-04-21 21:50:00",5614,
"2026-04-21 22:00:00",5468,
"2026-04-21 22:10:00",2963,
"2026-04-21 22:20:00",4850,
"2026-04-21 22:30:00",4958,
"2026-04-21 22:40:00",4870,
"2026-04-21 22:50:00",4805,
"2026-04-21 23:00:00",4693,
"2026-04-21 23:10:00",4603,
"2026-04-21 23:20:00",4594,
"2026-04-21 23:30:00",4567,
"2026-04-21 23:40:00",4580,
"2026-04-21 23:50:00",4608,
"2026-04-22 00:00:00",4608,5344
"2026-04-22 00:10:00",4593,
"2026-04-22 00:20:00",4623,
"2026-04-22 00:30:00",4660,
"2026-04-22 00:40:00",4748,
"2026-04-22 00:50:00",4868,
"2026-04-22 01:00:00",4891,
"2026-04-22 01:10:00",4885,
"2026-04-22 01:20:00",4906,
"2026-04-22 01:30:00",4908,
"2026-04-22 01:40:00",4903,
"2026-04-22 01:50:00",4898,
"2026-04-22 02:00:00",4879,
"2026-04-22 02:10:00",4869,
"2026-04-22 02:20:00",4830,
"2026-04-22 02:30:00",4808,
"2026-04-22 02:40:00",4771,
"2026-04-22 02:50:00",4790,
"2026-04-22 03:00:00",4771,
"2026-04-22 03:10:00",4718,
"2026-04-22 03:20:00",4645,
"2026-04-22 03:30:00",4615,
"2026-04-22 03:40:00",4574,
"2026-04-22 03:50:00",4499,
"2026-04-22 04:00:00",4444,
"2026-04-22 04:10:00",4337,
"2026-04-22 04:20:00",4283,
"2026-04-22 04:30:00",4272,
"2026-04-22 04:40:00",4217,
"2026-04-22 04:50:00",4205,
"2026-04-22 05:00:00",4176,
"2026-04-22 05:10:00",4152,
"2026-04-22 05:20:00",4079,
"2026-04-22 05:30:00",4101,
"2026-04-22 05:40:00",4069,
"2026-04-22 05:50:00",4109,
"2026-04-22 06:00:00",4124,
"2026-04-22 06:10:00",4116,
"2026-04-22 06:20:00",4121,
"2026-04-22 06:30:00",4119,
"2026-04-22 06:40:00",4141,
"2026-04-22 06:50:00",4157,
"2026-04-22 07:00:00",4185,
"2026-04-22 07:10:00",4198,
"2026-04-22 07:20:00",4201,
"2026-04-22 07:30:00",4231,
"2026-04-22 07:40:00",4274,
"2026-04-22 07:50:00",4306,
"2026-04-22 08:00:00",4338,
"2026-04-22 08:10:00",4340,
"2026-04-22 08:20:00",4364,
"2026-04-22 08:30:00",4425,
"2026-04-22 08:40:00",4489,
"2026-04-22 08:50:00",4535,
"2026-04-22 09:00:00",4523,
"2026-04-22 09:10:00",4495,
"2026-04-22 09:20:00",4544,
"2026-04-22 09:30:00",4583,
"2026-04-22 09:40:00",4590,
"2026-04-22 09:50:00",4621,
"2026-04-22 10:00:00",4635,
"2026-04-22 10:10:00",4670,
"2026-04-22 10:20:00",4760,
"2026-04-22 10:30:00",4835,
"2026-04-22 10:40:00",4923,
"2026-04-22 10:50:00",5062,
"2026-04-22 11:00:00",5135,
"2026-04-22 11:10:00",5257,
"2026-04-22 11:20:00",5311,
"2026-04-22 11:30:00",5479,
"2026-04-22 11:40:00",5617,
"2026-04-22 11:50:00",5771,
"2026-04-22 12:00:00",5903,
"2026-04-22 12:10:00",5996,
"2026-04-22 12:20:00",6123,
"2026-04-22 12:30:00",6259,
"2026-04-22 12:40:00",6387,
"2026-04-22 12:50:00",6533,
"2026-04-22 13:00:00",6563,
"2026-04-22 13:10:00",6641,
"2026-04-22 13:20:00",6735,
"2026-04-22 13:30:00",6773,
"2026-04-22 13:40:00",6838,
"2026-04-22 13:50:00",6903,
"2026-04-22 14:00:00",6976,
"2026-04-22 14:10:00",7021,
"2026-04-22 14:20:00",7096,
"2026-04-22 14:30:00",7181,
"2026-04-22 14:40:00",7174,
"2026-04-22 14:50:00",7138,
"2026-04-22 15:00:00",7148,
"2026-04-22 15:10:00",7113,
"2026-04-22 15:20:00",7094,
"2026-04-22 15:30:00",7050,
"2026-04-22 15:40:00",6924,
"2026-04-22 15:50:00",6908,
"2026-04-22 16:00:00",6872,
"2026-04-22 16:10:00",6743,
"2026-04-22 16:20:00",6646,
"2026-04-22 16:30:00",6605,
"2026-04-22 16:40:00",6591,
"2026-04-22 16:50:00",6576,
"2026-04-22 17:00:00",6575,
"2026-04-22 17:10:00",6571,
"2026-04-22 17:20:00",6499,
"2026-04-22 17:30:00",6555,
"2026-04-22 17:40:00",6576,
"2026-04-22 17:50:00",6566,
"2026-04-22 18:00:00",6533,
"2026-04-22 18:10:00",6552,
"2026-04-22 18:20:00",6596,
"2026-04-22 18:30:00",6613,
"2026-04-22 18:40:00",6645,
"2026-04-22 18:50:00",6629,
"2026-04-22 19:00:00",6561,
"2026-04-22 19:10:00",6480,
"2026-04-22 19:20:00",6456,
"2026-04-22 19:30:00",6439,
"2026-04-22 19:40:00",6368,
"2026-04-22 19:50:00",6348,
"2026-04-22 20:00:00",6298,
"2026-04-22 20:10:00",6195,
"2026-04-22 20:20:00",6053,
"2026-04-22 20:30:00",5950,
"2026-04-22 20:40:00",5818,
"2026-04-22 20:50:00",5677,
"2026-04-22 21:00:00",5588,
"2026-04-22 21:10:00",5485,
"2026-04-22 21:20:00",5341,
"2026-04-22 21:30:00",5208,
"2026-04-22 21:40:00",5062,
"2026-04-22 21:50:00",4901,
"2026-04-22 22:00:00",4820,
"2026-04-22 22:10:00",4721,
"2026-04-22 22:20:00",4690,
"2026-04-22 22:30:00",4650,
"2026-04-22 22:40:00",4549,
"2026-04-22 22:50:00",4439,
"2026-04-22 23:00:00",4387,
"2026-04-22 23:10:00",4280,
"2026-04-22 23:20:00",4297,
"2026-04-22 23:30:00",4331,
"2026-04-22 23:40:00",4370,
"2026-04-22 23:50:00",4401,
"2026-04-23 00:00:00",4383,5471
"2026-04-23 00:10:00",4384,
"2026-04-23 00:20:00",4439,
"2026-04-23 00:30:00",4483,
"2026-04-23 00:40:00",4525,
"2026-04-23 00:50:00",4539,
"2026-04-23 01:00:00",4570,5466
"2026-04-23 01:10:00",4585,
"2026-04-23 01:20:00",4620,
"2026-04-23 01:30:00",4671,
"2026-04-23 01:40:00",4719,
"2026-04-23 01:50:00",4750,
"2026-04-23 02:00:00",4727,5460
"2026-04-23 02:10:00",4683,
"2026-04-23 02:20:00",4664,
"2026-04-23 02:30:00",4653,
"2026-04-23 02:40:00",4619,
"2026-04-23 02:50:00",4630,
"2026-04-23 03:00:00",4566,5453
"2026-04-23 03:10:00",4542,
"2026-04-23 03:20:00",4501,
"2026-04-23 03:30:00",4462,
"2026-04-23 03:40:00",4408,
"2026-04-23 03:50:00",4356,
"2026-04-23 04:00:00",4317,5449
"2026-04-23 04:10:00",4208,
"2026-04-23 04:20:00",4183,
"2026-04-23 04:30:00",4157,
"2026-04-23 04:40:00",4137,
"2026-04-23 04:50:00",4085,
"2026-04-23 05:00:00",4054,5445
"2026-04-23 05:10:00",3964,
"2026-04-23 05:20:00",3927,
"2026-04-23 05:30:00",3923,
"2026-04-23 05:40:00",3871,
"2026-04-23 05:50:00",3852,
"2026-04-23 06:00:00",3829,5440
"2026-04-23 06:10:00",3807,
"2026-04-23 06:20:00",3789,
"2026-04-23 06:30:00",3875,
"2026-04-23 06:40:00",3892,
"2026-04-23 06:50:00",3975,
"2026-04-23 07:00:00",3959,5435
"2026-04-23 07:10:00",3982,
"2026-04-23 07:20:00",4054,
"2026-04-23 07:30:00",4090,
"2026-04-23 07:40:00",4099,
"2026-04-23 07:50:00",4133,
"2026-04-23 08:00:00",4153,5430
"2026-04-23 08:10:00",4196,
"2026-04-23 08:20:00",4241,
"2026-04-23 08:30:00",4295,
"2026-04-23 08:40:00",4353,
"2026-04-23 08:50:00",4378,
"2026-04-23 09:00:00",4368,5423
"2026-04-23 09:10:00",4336,
"2026-04-23 09:20:00",4379,
"2026-04-23 09:30:00",4391,
"2026-04-23 09:40:00",4412,
"2026-04-23 09:50:00",4427,
"2026-04-23 10:00:00",4443,5401
"2026-04-23 10:10:00",4486,5401