"DateTime","Players","Average Players"
"2013-10-01 00:00:00",34371,
"2013-10-02 00:00:00",,
"2013-10-03 00:00:00",,
"2013-10-04 00:00:00",,
"2013-10-05 00:00:00",,
"2013-10-06 00:00:00",,
"2013-10-07 00:00:00",,
"2013-10-08 00:00:00",,
"2013-10-09 00:00:00",,
"2013-10-10 00:00:00",,
"2013-10-11 00:00:00",,
"2013-10-12 00:00:00",,
"2013-10-13 00:00:00",,
"2013-10-14 00:00:00",,
"2013-10-15 00:00:00",,
"2013-10-16 00:00:00",,
"2013-10-17 00:00:00",,
"2013-10-18 00:00:00",,
"2013-10-19 00:00:00",,
"2013-10-20 00:00:00",,
"2013-10-21 00:00:00",,
"2013-10-22 00:00:00",13259,
"2013-10-23 00:00:00",26575,
"2013-10-24 00:00:00",26491,
"2013-10-25 00:00:00",31074,
"2013-10-26 00:00:00",34476,
"2013-10-27 00:00:00",34367,
"2013-10-28 00:00:00",29883,
"2013-10-29 00:00:00",28195,
"2013-10-30 00:00:00",25972,
"2013-10-31 00:00:00",23959,
"2013-11-01 00:00:00",32066,
"2013-11-02 00:00:00",32066,
"2013-11-03 00:00:00",32186,
"2013-11-04 00:00:00",25557,
"2013-11-05 00:00:00",23865,
"2013-11-06 00:00:00",23109,
"2013-11-07 00:00:00",23376,
"2013-11-08 00:00:00",27186,
"2013-11-09 00:00:00",29774,
"2013-11-10 00:00:00",29697,
"2013-11-11 00:00:00",25812,
"2013-11-12 00:00:00",23183,
"2013-11-13 00:00:00",21748,
"2013-11-14 00:00:00",22718,
"2013-11-15 00:00:00",25546,
"2013-11-16 00:00:00",28767,
"2013-11-17 00:00:00",28771,
"2013-11-18 00:00:00",22108,
"2013-11-19 00:00:00",20937,
"2013-11-20 00:00:00",20523,
"2013-11-21 00:00:00",19770,
"2013-11-22 00:00:00",21515,
"2013-11-23 00:00:00",23029,
"2013-11-24 00:00:00",23104,
"2013-11-25 00:00:00",19262,
"2013-11-26 00:00:00",19133,
"2013-11-27 00:00:00",18477,
"2013-11-28 00:00:00",18405,
"2013-11-29 00:00:00",19072,
"2013-11-30 00:00:00",19884,
"2013-12-01 00:00:00",19926,
"2013-12-02 00:00:00",16243,
"2013-12-03 00:00:00",15374,
"2013-12-04 00:00:00",15269,
"2013-12-05 00:00:00",15117,
"2013-12-06 00:00:00",17784,
"2013-12-07 00:00:00",19248,
"2013-12-08 00:00:00",19139,
"2013-12-09 00:00:00",15609,
"2013-12-10 00:00:00",14764,
"2013-12-11 00:00:00",13989,
"2013-12-12 00:00:00",13764,
"2013-12-13 00:00:00",15472,
"2013-12-14 00:00:00",16296,
"2013-12-15 00:00:00",16409,
"2013-12-16 00:00:00",13586,
"2013-12-17 00:00:00",12966,
"2013-12-18 00:00:00",12669,
"2013-12-19 00:00:00",12532,
"2013-12-20 00:00:00",14125,
"2013-12-21 00:00:00",14419,
"2013-12-22 00:00:00",13235,
"2013-12-23 00:00:00",13719,
"2013-12-24 00:00:00",11303,
"2013-12-25 00:00:00",12108,
"2013-12-26 00:00:00",12613,
"2013-12-27 00:00:00",13074,
"2013-12-28 00:00:00",14560,
"2013-12-29 00:00:00",14640,
"2013-12-30 00:00:00",14296,
"2013-12-31 00:00:00",13970,
"2014-01-01 00:00:00",15468,
"2014-01-02 00:00:00",13440,
"2014-01-03 00:00:00",14417,
"2014-01-04 00:00:00",15329,
"2014-01-05 00:00:00",15526,
"2014-01-06 00:00:00",12697,
"2014-01-07 00:00:00",12291,
"2014-01-08 00:00:00",11572,
"2014-01-09 00:00:00",11562,
"2014-01-10 00:00:00",14021,
"2014-01-11 00:00:00",14614,
"2014-01-12 00:00:00",14694,
"2014-01-13 00:00:00",11409,
"2014-01-14 00:00:00",11047,
"2014-01-15 00:00:00",10585,
"2014-01-16 00:00:00",10574,
"2014-01-17 00:00:00",12779,
"2014-01-18 00:00:00",13966,
"2014-01-19 00:00:00",13540,
"2014-01-20 00:00:00",12036,
"2014-01-21 00:00:00",10854,
"2014-01-22 00:00:00",9894,
"2014-01-23 00:00:00",9901,
"2014-01-24 00:00:00",12279,
"2014-01-25 00:00:00",12943,
"2014-01-26 00:00:00",12995,
"2014-01-27 00:00:00",6257,
"2014-01-28 00:00:00",8517,
"2014-01-29 00:00:00",9080,
"2014-01-30 00:00:00",9425,
"2014-01-31 00:00:00",10764,
"2014-02-01 00:00:00",11888,
"2014-02-02 00:00:00",11888,
"2014-02-03 00:00:00",9261,
"2014-02-04 00:00:00",8859,
"2014-02-05 00:00:00",8776,
"2014-02-06 00:00:00",8384,
"2014-02-07 00:00:00",10130,
"2014-02-08 00:00:00",11163,
"2014-02-09 00:00:00",11240,
"2014-02-10 00:00:00",8729,
"2014-02-11 00:00:00",8909,
"2014-02-12 00:00:00",8906,
"2014-02-13 00:00:00",8926,
"2014-02-14 00:00:00",10031,
"2014-02-15 00:00:00",10601,
"2014-02-16 00:00:00",10596,
"2014-02-17 00:00:00",9066,
"2014-02-18 00:00:00",7751,
"2014-02-19 00:00:00",7465,
"2014-02-20 00:00:00",7078,
"2014-02-21 00:00:00",8678,
"2014-02-22 00:00:00",9273,
"2014-02-23 00:00:00",9223,
"2014-02-24 00:00:00",7218,
"2014-02-25 00:00:00",7002,
"2014-02-26 00:00:00",6224,
"2014-02-27 00:00:00",6039,
"2014-02-28 00:00:00",7497,
"2014-03-01 00:00:00",19489,
"2014-03-02 00:00:00",8101,
"2014-03-03 00:00:00",6622,
"2014-03-04 00:00:00",6591,
"2014-03-05 00:00:00",17815,
"2014-03-06 00:00:00",15744,
"2014-03-07 00:00:00",18195,
"2014-03-08 00:00:00",19504,
"2014-03-09 00:00:00",19571,
"2014-03-10 00:00:00",15667,
"2014-03-11 00:00:00",14822,
"2014-03-12 00:00:00",14660,
"2014-03-13 00:00:00",13248,
"2014-03-14 00:00:00",15272,
"2014-03-15 00:00:00",16685,
"2014-03-16 00:00:00",16528,
"2014-03-17 00:00:00",13518,
"2014-03-18 00:00:00",12661,
"2014-03-19 00:00:00",12362,
"2014-03-20 00:00:00",9621,
"2014-03-21 00:00:00",13166,
"2014-03-22 00:00:00",14065,
"2014-03-23 00:00:00",13936,
"2014-03-24 00:00:00",11368,
"2014-03-25 00:00:00",10648,
"2014-03-26 00:00:00",10810,
"2014-03-27 00:00:00",10291,
"2014-03-28 00:00:00",12008,
"2014-03-29 00:00:00",12051,
"2014-03-30 00:00:00",11414,
"2014-03-31 00:00:00",9049,
"2014-04-01 00:00:00",10266,
"2014-04-02 00:00:00",8480,
"2014-04-03 00:00:00",8518,
"2014-04-04 00:00:00",9989,
"2014-04-05 00:00:00",10270,
"2014-04-06 00:00:00",10021,
"2014-04-07 00:00:00",8339,
"2014-04-08 00:00:00",8169,
"2014-04-09 00:00:00",7866,
"2014-04-10 00:00:00",7941,
"2014-04-11 00:00:00",9328,
"2014-04-12 00:00:00",10308,
"2014-04-13 00:00:00",9889,
"2014-04-14 00:00:00",8072,
"2014-04-15 00:00:00",8040,
"2014-04-16 00:00:00",7746,
"2014-04-17 00:00:00",8344,
"2014-04-18 00:00:00",8564,
"2014-04-19 00:00:00",8733,
"2014-04-20 00:00:00",8750,
"2014-04-21 00:00:00",7849,
"2014-04-22 00:00:00",7223,
"2014-04-23 00:00:00",6778,
"2014-04-24 00:00:00",6761,
"2014-04-25 00:00:00",7664,
"2014-04-26 00:00:00",8192,
"2014-04-27 00:00:00",7959,
"2014-04-28 00:00:00",6320,
"2014-04-29 00:00:00",6215,
"2014-04-30 00:00:00",6769,
"2014-05-01 00:00:00",8630,
"2014-05-02 00:00:00",7531,
"2014-05-03 00:00:00",7754,
"2014-05-04 00:00:00",7564,
"2014-05-05 00:00:00",6062,
"2014-05-06 00:00:00",6068,
"2014-05-07 00:00:00",6039,
"2014-05-08 00:00:00",6050,
"2014-05-09 00:00:00",8546,
"2014-05-10 00:00:00",8720,
"2014-05-11 00:00:00",7811,
"2014-05-12 00:00:00",6586,
"2014-05-13 00:00:00",6458,
"2014-05-14 00:00:00",6210,
"2014-05-15 00:00:00",6175,
"2014-05-16 00:00:00",6908,
"2014-05-17 00:00:00",7347,
"2014-05-18 00:00:00",7095,
"2014-05-19 00:00:00",6144,
"2014-05-20 00:00:00",5679,
"2014-05-21 00:00:00",5595,
"2014-05-22 00:00:00",5577,
"2014-05-23 00:00:00",6123,
"2014-05-24 00:00:00",6446,
"2014-05-25 00:00:00",6394,
"2014-05-26 00:00:00",6223,
"2014-05-27 00:00:00",5316,
"2014-05-28 00:00:00",5592,
"2014-05-29 00:00:00",5575,
"2014-05-30 00:00:00",6133,
"2014-05-31 00:00:00",6571,
"2014-06-01 00:00:00",6713,
"2014-06-02 00:00:00",5401,
"2014-06-03 00:00:00",5336,
"2014-06-04 00:00:00",5316,
"2014-06-05 00:00:00",5227,
"2014-06-06 00:00:00",5915,
"2014-06-07 00:00:00",6729,
"2014-06-08 00:00:00",6604,
"2014-06-09 00:00:00",5158,
"2014-06-10 00:00:00",5215,
"2014-06-11 00:00:00",5413,
"2014-06-12 00:00:00",5055,
"2014-06-13 00:00:00",6047,
"2014-06-14 00:00:00",6641,
"2014-06-15 00:00:00",6572,
"2014-06-16 00:00:00",5436,
"2014-06-17 00:00:00",5329,
"2014-06-18 00:00:00",5408,
"2014-06-19 00:00:00",5274,
"2014-06-20 00:00:00",5502,
"2014-06-21 00:00:00",6100,
"2014-06-22 00:00:00",5873,
"2014-06-23 00:00:00",5339,
"2014-06-24 00:00:00",5089,
"2014-06-25 00:00:00",4881,
"2014-06-26 00:00:00",4721,
"2014-06-27 00:00:00",5194,
"2014-06-28 00:00:00",5595,
"2014-06-29 00:00:00",5414,
"2014-06-30 00:00:00",4719,
"2014-07-01 00:00:00",6922,
"2014-07-02 00:00:00",4788,
"2014-07-03 00:00:00",5115,
"2014-07-04 00:00:00",5466,
"2014-07-05 00:00:00",5968,
"2014-07-06 00:00:00",5872,
"2014-07-07 00:00:00",5098,
"2014-07-08 00:00:00",5048,
"2014-07-09 00:00:00",4758,
"2014-07-10 00:00:00",4741,
"2014-07-11 00:00:00",6736,
"2014-07-12 00:00:00",7015,
"2014-07-13 00:00:00",6668,
"2014-07-14 00:00:00",6533,
"2014-07-15 00:00:00",6576,
"2014-07-16 00:00:00",6521,
"2014-07-17 00:00:00",6051,
"2014-07-18 00:00:00",6354,
"2014-07-19 00:00:00",6729,
"2014-07-20 00:00:00",6609,
"2014-07-21 00:00:00",5868,
"2014-07-22 00:00:00",5650,
"2014-07-23 00:00:00",5536,
"2014-07-24 00:00:00",5572,
"2014-07-25 00:00:00",5793,
"2014-07-26 00:00:00",6592,
"2014-07-27 00:00:00",6505,
"2014-07-28 00:00:00",5573,
"2014-07-29 00:00:00",5487,
"2014-07-30 00:00:00",5294,
"2014-07-31 00:00:00",5200,
"2014-08-01 00:00:00",24493,
"2014-08-02 00:00:00",6320,
"2014-08-03 00:00:00",6346,
"2014-08-04 00:00:00",5757,
"2014-08-05 00:00:00",5505,
"2014-08-06 00:00:00",5425,
"2014-08-07 00:00:00",5334,
"2014-08-08 00:00:00",6149,
"2014-08-09 00:00:00",6730,
"2014-08-10 00:00:00",6742,
"2014-08-11 00:00:00",5723,
"2014-08-12 00:00:00",5737,
"2014-08-13 00:00:00",5736,
"2014-08-14 00:00:00",5214,
"2014-08-15 00:00:00",5979,
"2014-08-16 00:00:00",6382,
"2014-08-17 00:00:00",6335,
"2014-08-18 00:00:00",5557,
"2014-08-19 00:00:00",5331,
"2014-08-20 00:00:00",19590,
"2014-08-21 00:00:00",19460,
"2014-08-22 00:00:00",22176,
"2014-08-23 00:00:00",24646,
"2014-08-24 00:00:00",24367,
"2014-08-25 00:00:00",20713,
"2014-08-26 00:00:00",19921,
"2014-08-27 00:00:00",18782,
"2014-08-28 00:00:00",17807,
"2014-08-29 00:00:00",18892,
"2014-08-30 00:00:00",19766,
"2014-08-31 00:00:00",19423,
"2014-09-01 00:00:00",19303,
"2014-09-02 00:00:00",15216,
"2014-09-03 00:00:00",14922,
"2014-09-04 00:00:00",14207,
"2014-09-05 00:00:00",16379,
"2014-09-06 00:00:00",16988,
"2014-09-07 00:00:00",16640,
"2014-09-08 00:00:00",13479,
"2014-09-09 00:00:00",13218,
"2014-09-10 00:00:00",12538,
"2014-09-11 00:00:00",12420,
"2014-09-12 00:00:00",14488,
"2014-09-13 00:00:00",15297,
"2014-09-14 00:00:00",14728,
"2014-09-15 00:00:00",12167,
"2014-09-16 00:00:00",11229,
"2014-09-17 00:00:00",10974,
"2014-09-18 00:00:00",10884,
"2014-09-19 00:00:00",12398,
"2014-09-20 00:00:00",12846,
"2014-09-21 00:00:00",12367,
"2014-09-22 00:00:00",10622,
"2014-09-23 00:00:00",9890,
"2014-09-24 00:00:00",9729,
"2014-09-25 00:00:00",9716,
"2014-09-26 00:00:00",11054,
"2014-09-27 00:00:00",11806,
"2014-09-28 00:00:00",11452,
"2014-09-29 00:00:00",9360,
"2014-09-30 00:00:00",8929,
"2014-10-01 00:00:00",10832,
"2014-10-02 00:00:00",9046,
"2014-10-03 00:00:00",10638,
"2014-10-04 00:00:00",10914,
"2014-10-05 00:00:00",10666,
"2014-10-06 00:00:00",8639,
"2014-10-07 00:00:00",8486,
"2014-10-08 00:00:00",8353,
"2014-10-09 00:00:00",8281,
"2014-10-10 00:00:00",9471,
"2014-10-11 00:00:00",9988,
"2014-10-12 00:00:00",9668,
"2014-10-13 00:00:00",8536,
"2014-10-14 00:00:00",7606,
"2014-10-15 00:00:00",7397,
"2014-10-16 00:00:00",7279,
"2014-10-17 00:00:00",8446,
"2014-10-18 00:00:00",8427,
"2014-10-19 00:00:00",8199,
"2014-10-20 00:00:00",6857,
"2014-10-21 00:00:00",6814,
"2014-10-22 00:00:00",7081,
"2014-10-23 00:00:00",7857,
"2014-10-24 00:00:00",8800,
"2014-10-25 00:00:00",8804,
"2014-10-26 00:00:00",8764,
"2014-10-27 00:00:00",7417,
"2014-10-28 00:00:00",7411,
"2014-10-29 00:00:00",7314,
"2014-10-30 00:00:00",7210,
"2014-10-31 00:00:00",7809,
"2014-11-01 00:00:00",8257,
"2014-11-02 00:00:00",8206,
"2014-11-03 00:00:00",6350,
"2014-11-04 00:00:00",6284,
"2014-11-05 00:00:00",6304,
"2014-11-06 00:00:00",6122,
"2014-11-07 00:00:00",7424,
"2014-11-08 00:00:00",7619,
"2014-11-09 00:00:00",7656,
"2014-11-10 00:00:00",6324,
"2014-11-11 00:00:00",6339,
"2014-11-12 00:00:00",5530,
"2014-11-13 00:00:00",5599,
"2014-11-14 00:00:00",6722,
"2014-11-15 00:00:00",7138,
"2014-11-16 00:00:00",7049,
"2014-11-17 00:00:00",5655,
"2014-11-18 00:00:00",5402,
"2014-11-19 00:00:00",5209,
"2014-11-20 00:00:00",5098,
"2014-11-21 00:00:00",5588,
"2014-11-22 00:00:00",6311,
"2014-11-23 00:00:00",6354,
"2014-11-24 00:00:00",5311,
"2014-11-25 00:00:00",5158,
"2014-11-26 00:00:00",5141,
"2014-11-27 00:00:00",5225,
"2014-11-28 00:00:00",6536,
"2014-11-29 00:00:00",6979,
"2014-11-30 00:00:00",6953,
"2014-12-01 00:00:00",13689,
"2014-12-02 00:00:00",5615,
"2014-12-03 00:00:00",5412,
"2014-12-04 00:00:00",5064,
"2014-12-05 00:00:00",5286,
"2014-12-06 00:00:00",6252,
"2014-12-07 00:00:00",6192,
"2014-12-08 00:00:00",5276,
"2014-12-09 00:00:00",5133,
"2014-12-10 00:00:00",4933,
"2014-12-11 00:00:00",4680,
"2014-12-12 00:00:00",13282,
"2014-12-13 00:00:00",13723,
"2014-12-14 00:00:00",13810,
"2014-12-15 00:00:00",11871,
"2014-12-16 00:00:00",11313,
"2014-12-17 00:00:00",11235,
"2014-12-18 00:00:00",10870,
"2014-12-19 00:00:00",11637,
"2014-12-20 00:00:00",12108,
"2014-12-21 00:00:00",12490,
"2014-12-22 00:00:00",11809,
"2014-12-23 00:00:00",11326,
"2014-12-24 00:00:00",9653,
"2014-12-25 00:00:00",10117,
"2014-12-26 00:00:00",10682,
"2014-12-27 00:00:00",11336,
"2014-12-28 00:00:00",11651,
"2014-12-29 00:00:00",11250,
"2014-12-30 00:00:00",11378,
"2014-12-31 00:00:00",11593,
"2015-01-01 00:00:00",12184,
"2015-01-02 00:00:00",11865,
"2015-01-03 00:00:00",12261,
"2015-01-04 00:00:00",12104,
"2015-01-05 00:00:00",10679,
"2015-01-06 00:00:00",10145,
"2015-01-07 00:00:00",10235,
"2015-01-08 00:00:00",10436,
"2015-01-09 00:00:00",11597,
"2015-01-10 00:00:00",11967,
"2015-01-11 00:00:00",12111,
"2015-01-12 00:00:00",10102,
"2015-01-13 00:00:00",9850,
"2015-01-14 00:00:00",9093,
"2015-01-15 00:00:00",9013,
"2015-01-16 00:00:00",10293,
"2015-01-17 00:00:00",10845,
"2015-01-18 00:00:00",10789,
"2015-01-19 00:00:00",9660,
"2015-01-20 00:00:00",9183,
"2015-01-21 00:00:00",8731,
"2015-01-22 00:00:00",8636,
"2015-01-23 00:00:00",9999,
"2015-01-24 00:00:00",10358,
"2015-01-25 00:00:00",10439,
"2015-01-26 00:00:00",8863,
"2015-01-27 00:00:00",8079,
"2015-01-28 00:00:00",8237,
"2015-01-29 00:00:00",7990,
"2015-01-30 00:00:00",9417,
"2015-01-31 00:00:00",10048,
"2015-02-01 00:00:00",9982,
"2015-02-02 00:00:00",8366,
"2015-02-03 00:00:00",7948,
"2015-02-04 00:00:00",7482,
"2015-02-05 00:00:00",7482,
"2015-02-06 00:00:00",7040,
"2015-02-07 00:00:00",7040,
"2015-02-08 00:00:00",7040,
"2015-02-09 00:00:00",7040,
"2015-02-10 00:00:00",6598,
"2015-02-11 00:00:00",3538,
"2015-02-12 00:00:00",3538,
"2015-02-13 00:00:00",7714,
"2015-02-14 00:00:00",8488,
"2015-02-15 00:00:00",8489,
"2015-02-16 00:00:00",,
"2015-02-17 00:00:00",6860,
"2015-02-18 00:00:00",6910,
"2015-02-19 00:00:00",6743,
"2015-02-20 00:00:00",8013,
"2015-02-21 00:00:00",8450,
"2015-02-22 00:00:00",8373,
"2015-02-23 00:00:00",6902,
"2015-02-24 00:00:00",6764,
"2015-02-25 00:00:00",,
"2015-02-26 00:00:00",,
"2015-02-27 00:00:00",,
"2015-02-28 00:00:00",,
"2015-03-01 00:00:00",9857,
"2015-03-02 00:00:00",,
"2015-03-03 00:00:00",,
"2015-03-04 00:00:00",,
"2015-03-05 00:00:00",,
"2015-03-06 00:00:00",,
"2015-03-07 00:00:00",,
"2015-03-08 00:00:00",,
"2015-03-09 00:00:00",,
"2015-03-10 00:00:00",,
"2015-03-11 00:00:00",,
"2015-03-12 00:00:00",,
"2015-03-13 00:00:00",,
"2015-03-14 00:00:00",,
"2015-03-15 00:00:00",,
"2015-03-16 00:00:00",,
"2015-03-17 00:00:00",,
"2015-03-18 00:00:00",,
"2015-03-19 00:00:00",,
"2015-03-20 00:00:00",,
"2015-03-21 00:00:00",,
"2015-03-22 00:00:00",,
"2015-03-23 00:00:00",,
"2015-03-24 00:00:00",,
"2015-03-25 00:00:00",,
"2015-03-26 00:00:00",,
"2015-03-27 00:00:00",,
"2015-03-28 00:00:00",,
"2015-03-29 00:00:00",,
"2015-03-30 00:00:00",,
"2015-03-31 00:00:00",,
"2015-04-01 00:00:00",9761,
"2015-04-02 00:00:00",,
"2015-04-03 00:00:00",,
"2015-04-04 00:00:00",,
"2015-04-05 00:00:00",,
"2015-04-06 00:00:00",,
"2015-04-07 00:00:00",,
"2015-04-08 00:00:00",,
"2015-04-09 00:00:00",,
"2015-04-10 00:00:00",,
"2015-04-11 00:00:00",,
"2015-04-12 00:00:00",,
"2015-04-13 00:00:00",,
"2015-04-14 00:00:00",,
"2015-04-15 00:00:00",,
"2015-04-16 00:00:00",,
"2015-04-17 00:00:00",,
"2015-04-18 00:00:00",,
"2015-04-19 00:00:00",6966,
"2015-04-20 00:00:00",6221,
"2015-04-21 00:00:00",6218,
"2015-04-22 00:00:00",6183,
"2015-04-23 00:00:00",6112,
"2015-04-24 00:00:00",6269,
"2015-04-25 00:00:00",9861,
"2015-04-26 00:00:00",9338,
"2015-04-27 00:00:00",7813,
"2015-04-28 00:00:00",6807,
"2015-04-29 00:00:00",7238,
"2015-04-30 00:00:00",7084,
"2015-05-01 00:00:00",7639,
"2015-05-02 00:00:00",9259,
"2015-05-03 00:00:00",8717,
"2015-05-04 00:00:00",7930,
"2015-05-05 00:00:00",7120,
"2015-05-06 00:00:00",6731,
"2015-05-07 00:00:00",6614,
"2015-05-08 00:00:00",9572,
"2015-05-09 00:00:00",9714,
"2015-05-10 00:00:00",9817,
"2015-05-11 00:00:00",8254,
"2015-05-12 00:00:00",7863,
"2015-05-13 00:00:00",7629,
"2015-05-14 00:00:00",7444,
"2015-05-15 00:00:00",7634,
"2015-05-16 00:00:00",8401,
"2015-05-17 00:00:00",8644,
"2015-05-18 00:00:00",7406,
"2015-05-19 00:00:00",7007,
"2015-05-20 00:00:00",6694,
"2015-05-21 00:00:00",6721,
"2015-05-22 00:00:00",7016,
"2015-05-23 00:00:00",7555,
"2015-05-24 00:00:00",7947,
"2015-05-25 00:00:00",7619,
"2015-05-26 00:00:00",6674,
"2015-05-27 00:00:00",6417,
"2015-05-28 00:00:00",6112,
"2015-05-29 00:00:00",6176,
"2015-05-30 00:00:00",7021,
"2015-05-31 00:00:00",7709,
"2015-06-01 00:00:00",6515,
"2015-06-02 00:00:00",5950,
"2015-06-03 00:00:00",5504,
"2015-06-04 00:00:00",5575,
"2015-06-05 00:00:00",5633,
"2015-06-06 00:00:00",6132,
"2015-06-07 00:00:00",6729,
"2015-06-08 00:00:00",5893,
"2015-06-09 00:00:00",5782,
"2015-06-10 00:00:00",5591,
"2015-06-11 00:00:00",5384,
"2015-06-12 00:00:00",5125,
"2015-06-13 00:00:00",5563,
"2015-06-14 00:00:00",5904,
"2015-06-15 00:00:00",5149,
"2015-06-16 00:00:00",5253,
"2015-06-17 00:00:00",5154,
"2015-06-18 00:00:00",5182,
"2015-06-19 00:00:00",5667,
"2015-06-20 00:00:00",5992,
"2015-06-21 00:00:00",6144,
"2015-06-22 00:00:00",5406,
"2015-06-23 00:00:00",5297,
"2015-06-24 00:00:00",5219,
"2015-06-25 00:00:00",5242,
"2015-06-26 00:00:00",4966,
"2015-06-27 00:00:00",5511,
"2015-06-28 00:00:00",6071,
"2015-06-29 00:00:00",5321,
"2015-06-30 00:00:00",4908,
"2015-07-01 00:00:00",4973,
"2015-07-02 00:00:00",4819,
"2015-07-03 00:00:00",4932,
"2015-07-04 00:00:00",4864,
"2015-07-05 00:00:00",5587,
"2015-07-06 00:00:00",5000,
"2015-07-07 00:00:00",5354,
"2015-07-08 00:00:00",5308,
"2015-07-09 00:00:00",5277,
"2015-07-10 00:00:00",28024,
"2015-07-11 00:00:00",28916,
"2015-07-12 00:00:00",32297,
"2015-07-13 00:00:00",29644,
"2015-07-14 00:00:00",28567,
"2015-07-15 00:00:00",27086,
"2015-07-16 00:00:00",26026,
"2015-07-17 00:00:00",25507,
"2015-07-18 00:00:00",27113,
"2015-07-19 00:00:00",28861,
"2015-07-20 00:00:00",26445,
"2015-07-21 00:00:00",24675,
"2015-07-22 00:00:00",23436,
"2015-07-23 00:00:00",23743,
"2015-07-24 00:00:00",22608,
"2015-07-25 00:00:00",24701,
"2015-07-26 00:00:00",26639,
"2015-07-27 00:00:00",23898,
"2015-07-28 00:00:00",22119,
"2015-07-29 00:00:00",20573,
"2015-07-30 00:00:00",20572,
"2015-07-31 00:00:00",19886,
"2015-08-01 00:00:00",21207,
"2015-08-02 00:00:00",23220,
"2015-08-03 00:00:00",20769,
"2015-08-04 00:00:00",19619,
"2015-08-05 00:00:00",18172,
"2015-08-06 00:00:00",17610,
"2015-08-07 00:00:00",16862,
"2015-08-08 00:00:00",18280,
"2015-08-09 00:00:00",19789,
"2015-08-10 00:00:00",17952,
"2015-08-11 00:00:00",16695,
"2015-08-12 00:00:00",16080,
"2015-08-13 00:00:00",15593,
"2015-08-14 00:00:00",14915,
"2015-08-15 00:00:00",16531,
"2015-08-16 00:00:00",17559,
"2015-08-17 00:00:00",15389,
"2015-08-18 00:00:00",14691,
"2015-08-19 00:00:00",14018,
"2015-08-20 00:00:00",13361,
"2015-08-21 00:00:00",13155,
"2015-08-22 00:00:00",14576,
"2015-08-23 00:00:00",15293,
"2015-08-24 00:00:00",13740,
"2015-08-25 00:00:00",12265,
"2015-08-26 00:00:00",11347,
"2015-08-27 00:00:00",11100,
"2015-08-28 00:00:00",10252,
"2015-08-29 00:00:00",10874,
"2015-08-30 00:00:00",11310,
"2015-08-31 00:00:00",10092,
"2015-09-01 00:00:00",8713,
"2015-09-02 00:00:00",8459,
"2015-09-03 00:00:00",8878,
"2015-09-04 00:00:00",8998,
"2015-09-05 00:00:00",9930,
"2015-09-06 00:00:00",10490,
"2015-09-07 00:00:00",10759,
"2015-09-08 00:00:00",9505,
"2015-09-09 00:00:00",7876,
"2015-09-10 00:00:00",7854,
"2015-09-11 00:00:00",7887,
"2015-09-12 00:00:00",9199,
"2015-09-13 00:00:00",9747,
"2015-09-14 00:00:00",8404,
"2015-09-15 00:00:00",7534,
"2015-09-16 00:00:00",7197,
"2015-09-17 00:00:00",7041,
"2015-09-18 00:00:00",7082,
"2015-09-19 00:00:00",8297,
"2015-09-20 00:00:00",8673,
"2015-09-21 00:00:00",7207,
"2015-09-22 00:00:00",6775,
"2015-09-23 00:00:00",6605,
"2015-09-24 00:00:00",6501,
"2015-09-25 00:00:00",6295,
"2015-09-26 00:00:00",7448,
"2015-09-27 00:00:00",7652,
"2015-09-28 00:00:00",6664,
"2015-09-29 00:00:00",5965,
"2015-09-30 00:00:00",5558,
"2015-10-01 00:00:00",5348,
"2015-10-02 00:00:00",11504,
"2015-10-03 00:00:00",11513,
"2015-10-04 00:00:00",11822,
"2015-10-05 00:00:00",10204,
"2015-10-06 00:00:00",9309,
"2015-10-07 00:00:00",9135,
"2015-10-08 00:00:00",8679,
"2015-10-09 00:00:00",9426,
"2015-10-10 00:00:00",10307,
"2015-10-11 00:00:00",10621,
"2015-10-12 00:00:00",9619,
"2015-10-13 00:00:00",8347,
"2015-10-14 00:00:00",8108,
"2015-10-15 00:00:00",7697,
"2015-10-16 00:00:00",7911,
"2015-10-17 00:00:00",8819,
"2015-10-18 00:00:00",9186,
"2015-10-19 00:00:00",7952,
"2015-10-20 00:00:00",7368,
"2015-10-21 00:00:00",6931,
"2015-10-22 00:00:00",6880,
"2015-10-23 00:00:00",7099,
"2015-10-24 00:00:00",8000,
"2015-10-25 00:00:00",8358,
"2015-10-26 00:00:00",7010,
"2015-10-27 00:00:00",6629,
"2015-10-28 00:00:00",6404,
"2015-10-29 00:00:00",6095,
"2015-10-30 00:00:00",5883,
"2015-10-31 00:00:00",6196,
"2015-11-01 00:00:00",6926,
"2015-11-02 00:00:00",10088,
"2015-11-03 00:00:00",8476,
"2015-11-04 00:00:00",8195,
"2015-11-05 00:00:00",7920,
"2015-11-06 00:00:00",8076,
"2015-11-07 00:00:00",9086,
"2015-11-08 00:00:00",9392,
"2015-11-09 00:00:00",7883,
"2015-11-10 00:00:00",6535,
"2015-11-11 00:00:00",6445,
"2015-11-12 00:00:00",6007,
"2015-11-13 00:00:00",5855,
"2015-11-14 00:00:00",6848,
"2015-11-15 00:00:00",7260,
"2015-11-16 00:00:00",5925,
"2015-11-17 00:00:00",5695,
"2015-11-18 00:00:00",5490,
"2015-11-19 00:00:00",5539,
"2015-11-20 00:00:00",5757,
"2015-11-21 00:00:00",7001,
"2015-11-22 00:00:00",7459,
"2015-11-23 00:00:00",6284,
"2015-11-24 00:00:00",6182,
"2015-11-25 00:00:00",6260,
"2015-11-26 00:00:00",6014,
"2015-11-27 00:00:00",6307,
"2015-11-28 00:00:00",6501,
"2015-11-29 00:00:00",6831,
"2015-11-30 00:00:00",5722,
"2015-12-01 00:00:00",5402,
"2015-12-02 00:00:00",5295,
"2015-12-03 00:00:00",5258,
"2015-12-04 00:00:00",5343,
"2015-12-05 00:00:00",6072,
"2015-12-06 00:00:00",6454,
"2015-12-07 00:00:00",5481,
"2015-12-08 00:00:00",5235,
"2015-12-09 00:00:00",4963,
"2015-12-10 00:00:00",5012,
"2015-12-11 00:00:00",21455,
"2015-12-12 00:00:00",21821,
"2015-12-13 00:00:00",22393,
"2015-12-14 00:00:00",19825,
"2015-12-15 00:00:00",18931,
"2015-12-16 00:00:00",17865,
"2015-12-17 00:00:00",17800,
"2015-12-18 00:00:00",17841,
"2015-12-19 00:00:00",19434,
"2015-12-20 00:00:00",20537,
"2015-12-21 00:00:00",18995,
"2015-12-22 00:00:00",18213,
"2015-12-23 00:00:00",17409,
"2015-12-24 00:00:00",16863,
"2015-12-25 00:00:00",15549,
"2015-12-26 00:00:00",16984,
"2015-12-27 00:00:00",18123,
"2015-12-28 00:00:00",17844,
"2015-12-29 00:00:00",17471,
"2015-12-30 00:00:00",17419,
"2015-12-31 00:00:00",17106,
"2016-01-01 00:00:00",18364,
"2016-01-02 00:00:00",18807,
"2016-01-03 00:00:00",18376,
"2016-01-04 00:00:00",17014,
"2016-01-05 00:00:00",15979,
"2016-01-06 00:00:00",15664,
"2016-01-07 00:00:00",15616,
"2016-01-08 00:00:00",16022,
"2016-01-09 00:00:00",18135,
"2016-01-10 00:00:00",18202,
"2016-01-11 00:00:00",16005,
"2016-01-12 00:00:00",14906,
"2016-01-13 00:00:00",14159,
"2016-01-14 00:00:00",13858,
"2016-01-15 00:00:00",13027,
"2016-01-16 00:00:00",13911,
"2016-01-17 00:00:00",14374,
"2016-01-18 00:00:00",12873,
"2016-01-19 00:00:00",11318,
"2016-01-20 00:00:00",10643,
"2016-01-21 00:00:00",10402,
"2016-01-22 00:00:00",11068,
"2016-01-23 00:00:00",12471,
"2016-01-24 00:00:00",12501,
"2016-01-25 00:00:00",10806,
"2016-01-26 00:00:00",9996,
"2016-01-27 00:00:00",9609,
"2016-01-28 00:00:00",9591,
"2016-01-29 00:00:00",10222,
"2016-01-30 00:00:00",11176,
"2016-01-31 00:00:00",11697,
"2016-02-01 00:00:00",9999,
"2016-02-02 00:00:00",9357,
"2016-02-03 00:00:00",9216,
"2016-02-04 00:00:00",8969,
"2016-02-05 00:00:00",9437,
"2016-02-06 00:00:00",10215,
"2016-02-07 00:00:00",10218,
"2016-02-08 00:00:00",8764,
"2016-02-09 00:00:00",8295,
"2016-02-10 00:00:00",8034,
"2016-02-11 00:00:00",7677,
"2016-02-12 00:00:00",7959,
"2016-02-13 00:00:00",9032,
"2016-02-14 00:00:00",9419,
"2016-02-15 00:00:00",8341,
"2016-02-16 00:00:00",7629,
"2016-02-17 00:00:00",7315,
"2016-02-18 00:00:00",7180,
"2016-02-19 00:00:00",7446,
"2016-02-20 00:00:00",8555,
"2016-02-21 00:00:00",8981,
"2016-02-22 00:00:00",7677,
"2016-02-23 00:00:00",7379,
"2016-02-24 00:00:00",7026,
"2016-02-25 00:00:00",7370,
"2016-02-26 00:00:00",7908,
"2016-02-27 00:00:00",9242,
"2016-02-28 00:00:00",9482,
"2016-02-29 00:00:00",8026,
"2016-03-01 00:00:00",6947,
"2016-03-02 00:00:00",6838,
"2016-03-03 00:00:00",6966,
"2016-03-04 00:00:00",36997,
"2016-03-05 00:00:00",35725,
"2016-03-06 00:00:00",36964,
"2016-03-07 00:00:00",32238,
"2016-03-08 00:00:00",27479,
"2016-03-09 00:00:00",26563,
"2016-03-10 00:00:00",26199,
"2016-03-11 00:00:00",26853,
"2016-03-12 00:00:00",30194,
"2016-03-13 00:00:00",31946,
"2016-03-14 00:00:00",27029,
"2016-03-15 00:00:00",25379,
"2016-03-16 00:00:00",24466,
"2016-03-17 00:00:00",23944,
"2016-03-18 00:00:00",24776,
"2016-03-19 00:00:00",27284,
"2016-03-20 00:00:00",28432,
"2016-03-21 00:00:00",24417,
"2016-03-22 00:00:00",23117,
"2016-03-23 00:00:00",23097,
"2016-03-24 00:00:00",23057,
"2016-03-25 00:00:00",23913,
"2016-03-26 00:00:00",23844,
"2016-03-27 00:00:00",24488,
"2016-03-28 00:00:00",23701,
"2016-03-29 00:00:00",20175,
"2016-03-30 00:00:00",19479,
"2016-03-31 00:00:00",19246,
"2016-04-01 00:00:00",19130,
"2016-04-02 00:00:00",21312,
"2016-04-03 00:00:00",22249,
"2016-04-04 00:00:00",19022,
"2016-04-05 00:00:00",17468,
"2016-04-06 00:00:00",17069,
"2016-04-07 00:00:00",16789,
"2016-04-08 00:00:00",16991,
"2016-04-09 00:00:00",20029,
"2016-04-10 00:00:00",20893,
"2016-04-11 00:00:00",17558,
"2016-04-12 00:00:00",14817,
"2016-04-13 00:00:00",14008,
"2016-04-14 00:00:00",13975,
"2016-04-15 00:00:00",13974,
"2016-04-16 00:00:00",15846,
"2016-04-17 00:00:00",16678,
"2016-04-18 00:00:00",13802,
"2016-04-19 00:00:00",13080,
"2016-04-20 00:00:00",12298,
"2016-04-21 00:00:00",12648,
"2016-04-22 00:00:00",12029,
"2016-04-23 00:00:00",13437,
"2016-04-24 00:00:00",14230,
"2016-04-25 00:00:00",12209,
"2016-04-26 00:00:00",11141,
"2016-04-27 00:00:00",10314,
"2016-04-28 00:00:00",10145,
"2016-04-29 00:00:00",9691,
"2016-04-30 00:00:00",10585,
"2016-05-01 00:00:00",11244,
"2016-05-02 00:00:00",9602,
"2016-05-03 00:00:00",8398,
"2016-05-04 00:00:00",8235,
"2016-05-05 00:00:00",7873,
"2016-05-06 00:00:00",11046,
"2016-05-07 00:00:00",10614,
"2016-05-08 00:00:00",10566,
"2016-05-09 00:00:00",8932,
"2016-05-10 00:00:00",8262,
"2016-05-11 00:00:00",8275,
"2016-05-12 00:00:00",8225,
"2016-05-13 00:00:00",8265,
"2016-05-14 00:00:00",9533,
"2016-05-15 00:00:00",9845,
"2016-05-16 00:00:00",8836,
"2016-05-17 00:00:00",7681,
"2016-05-18 00:00:00",7069,
"2016-05-19 00:00:00",6999,
"2016-05-20 00:00:00",7316,
"2016-05-21 00:00:00",8066,
"2016-05-22 00:00:00",8559,
"2016-05-23 00:00:00",7405,
"2016-05-24 00:00:00",6354,
"2016-05-25 00:00:00",6306,
"2016-05-26 00:00:00",6363,
"2016-05-27 00:00:00",6146,
"2016-05-28 00:00:00",6471,
"2016-05-29 00:00:00",6899,
"2016-05-30 00:00:00",6596,
"2016-05-31 00:00:00",5650,
"2016-06-01 00:00:00",5352,
"2016-06-02 00:00:00",5381,
"2016-06-03 00:00:00",25913,
"2016-06-04 00:00:00",25769,
"2016-06-05 00:00:00",25622,
"2016-06-06 00:00:00",22782,
"2016-06-07 00:00:00",20875,
"2016-06-08 00:00:00",19850,
"2016-06-09 00:00:00",19529,
"2016-06-10 00:00:00",18635,
"2016-06-11 00:00:00",20988,
"2016-06-12 00:00:00",21880,
"2016-06-13 00:00:00",19155,
"2016-06-14 00:00:00",17845,
"2016-06-15 00:00:00",16997,
"2016-06-16 00:00:00",15887,
"2016-06-17 00:00:00",16568,
"2016-06-18 00:00:00",18016,
"2016-06-19 00:00:00",18429,
"2016-06-20 00:00:00",16190,
"2016-06-21 00:00:00",15670,
"2016-06-22 00:00:00",15092,
"2016-06-23 00:00:00",13941,
"2016-06-24 00:00:00",13348,
"2016-06-25 00:00:00",14589,
"2016-06-26 00:00:00",15921,
"2016-06-27 00:00:00",14136,
"2016-06-28 00:00:00",13152,
"2016-06-29 00:00:00",12707,
"2016-06-30 00:00:00",11933,
"2016-07-01 00:00:00",12203,
"2016-07-02 00:00:00",12502,
"2016-07-03 00:00:00",13906,
"2016-07-04 00:00:00",13285,
"2016-07-05 00:00:00",12125,
"2016-07-06 00:00:00",11569,
"2016-07-07 00:00:00",10921,
"2016-07-08 00:00:00",11051,
"2016-07-09 00:00:00",11937,
"2016-07-10 00:00:00",12077,
"2016-07-11 00:00:00",10943,
"2016-07-12 00:00:00",10424,
"2016-07-13 00:00:00",10027,
"2016-07-14 00:00:00",10008,
"2016-07-15 00:00:00",9544,
"2016-07-16 00:00:00",10208,
"2016-07-17 00:00:00",11012,
"2016-07-18 00:00:00",9847,
"2016-07-19 00:00:00",8897,
"2016-07-20 00:00:00",8703,
"2016-07-21 00:00:00",8315,
"2016-07-22 00:00:00",8683,
"2016-07-23 00:00:00",9256,
"2016-07-24 00:00:00",9703,
"2016-07-25 00:00:00",9047,
"2016-07-26 00:00:00",8413,
"2016-07-27 00:00:00",8136,
"2016-07-28 00:00:00",8145,
"2016-07-29 00:00:00",8203,
"2016-07-30 00:00:00",8665,
"2016-07-31 00:00:00",9320,
"2016-08-01 00:00:00",8593,
"2016-08-02 00:00:00",7767,
"2016-08-03 00:00:00",7404,
"2016-08-04 00:00:00",7005,
"2016-08-05 00:00:00",6792,
"2016-08-06 00:00:00",7335,
"2016-08-07 00:00:00",7888,
"2016-08-08 00:00:00",7008,
"2016-08-09 00:00:00",6561,
"2016-08-10 00:00:00",6423,
"2016-08-11 00:00:00",6151,
"2016-08-12 00:00:00",5755,
"2016-08-13 00:00:00",7350,
"2016-08-14 00:00:00",7670,
"2016-08-15 00:00:00",7045,
"2016-08-16 00:00:00",6573,
"2016-08-17 00:00:00",6249,
"2016-08-18 00:00:00",6298,
"2016-08-19 00:00:00",6668,
"2016-08-20 00:00:00",7394,
"2016-08-21 00:00:00",8121,
"2016-08-22 00:00:00",7369,
"2016-08-23 00:00:00",6521,
"2016-08-24 00:00:00",6329,
"2016-08-25 00:00:00",6462,
"2016-08-26 00:00:00",6248,
"2016-08-27 00:00:00",6971,
"2016-08-28 00:00:00",7437,
"2016-08-29 00:00:00",6229,
"2016-08-30 00:00:00",8398,
"2016-08-31 00:00:00",8275,
"2016-09-01 00:00:00",7822,
"2016-09-02 00:00:00",22289,
"2016-09-03 00:00:00",31112,
"2016-09-04 00:00:00",33313,
"2016-09-05 00:00:00",32556,
"2016-09-06 00:00:00",27446,
"2016-09-07 00:00:00",27051,
"2016-09-08 00:00:00",25878,
"2016-09-09 00:00:00",25587,
"2016-09-10 00:00:00",29172,
"2016-09-11 00:00:00",30685,
"2016-09-12 00:00:00",25509,
"2016-09-13 00:00:00",24231,
"2016-09-14 00:00:00",22993,
"2016-09-15 00:00:00",23196,
"2016-09-16 00:00:00",23259,
"2016-09-17 00:00:00",26865,
"2016-09-18 00:00:00",27630,
"2016-09-19 00:00:00",22939,
"2016-09-20 00:00:00",22584,
"2016-09-21 00:00:00",21639,
"2016-09-22 00:00:00",20927,
"2016-09-23 00:00:00",20958,
"2016-09-24 00:00:00",23901,
"2016-09-25 00:00:00",25133,
"2016-09-26 00:00:00",21432,
"2016-09-27 00:00:00",20142,
"2016-09-28 00:00:00",20030,
"2016-09-29 00:00:00",19852,
"2016-09-30 00:00:00",19518,
"2016-10-01 00:00:00",22610,
"2016-10-02 00:00:00",23074,
"2016-10-03 00:00:00",19668,
"2016-10-04 00:00:00",19216,
"2016-10-05 00:00:00",18567,
"2016-10-06 00:00:00",18349,
"2016-10-07 00:00:00",18060,
"2016-10-08 00:00:00",20611,
"2016-10-09 00:00:00",21414,
"2016-10-10 00:00:00",19120,
"2016-10-11 00:00:00",17413,
"2016-10-12 00:00:00",17383,
"2016-10-13 00:00:00",16642,
"2016-10-14 00:00:00",16655,
"2016-10-15 00:00:00",18801,
"2016-10-16 00:00:00",19883,
"2016-10-17 00:00:00",16671,
"2016-10-18 00:00:00",16099,
"2016-10-19 00:00:00",16027,
"2016-10-20 00:00:00",15944,
"2016-10-21 00:00:00",15445,
"2016-10-22 00:00:00",17231,
"2016-10-23 00:00:00",17930,
"2016-10-24 00:00:00",15057,
"2016-10-25 00:00:00",14479,
"2016-10-26 00:00:00",13868,
"2016-10-27 00:00:00",13602,
"2016-10-28 00:00:00",13138,
"2016-10-29 00:00:00",14903,
"2016-10-30 00:00:00",15299,
"2016-10-31 00:00:00",12727,
"2016-11-01 00:00:00",13002,
"2016-11-02 00:00:00",12951,
"2016-11-03 00:00:00",12706,
"2016-11-04 00:00:00",13296,
"2016-11-05 00:00:00",15125,
"2016-11-06 00:00:00",15673,
"2016-11-07 00:00:00",12837,
"2016-11-08 00:00:00",12718,
"2016-11-09 00:00:00",11953,
"2016-11-10 00:00:00",11809,
"2016-11-11 00:00:00",12717,
"2016-11-12 00:00:00",14027,
"2016-11-13 00:00:00",14766,
"2016-11-14 00:00:00",12377,
"2016-11-15 00:00:00",11886,
"2016-11-16 00:00:00",11389,
"2016-11-17 00:00:00",10707,
"2016-11-18 00:00:00",11886,
"2016-11-19 00:00:00",14110,
"2016-11-20 00:00:00",14484,
"2016-11-21 00:00:00",11956,
"2016-11-22 00:00:00",11505,
"2016-11-23 00:00:00",11525,
"2016-11-24 00:00:00",11282,
"2016-11-25 00:00:00",11305,
"2016-11-26 00:00:00",12023,
"2016-11-27 00:00:00",11945,
"2016-11-28 00:00:00",9648,
"2016-11-29 00:00:00",9558,
"2016-11-30 00:00:00",9215,
"2016-12-01 00:00:00",8695,
"2016-12-02 00:00:00",45376,
"2016-12-03 00:00:00",44697,
"2016-12-04 00:00:00",46851,
"2016-12-05 00:00:00",39859,
"2016-12-06 00:00:00",39057,
"2016-12-07 00:00:00",36565,
"2016-12-08 00:00:00",37966,
"2016-12-09 00:00:00",37358,
"2016-12-10 00:00:00",41870,
"2016-12-11 00:00:00",42590,
"2016-12-12 00:00:00",36725,
"2016-12-13 00:00:00",33770,
"2016-12-14 00:00:00",32647,
"2016-12-15 00:00:00",32899,
"2016-12-16 00:00:00",33365,
"2016-12-17 00:00:00",37395,
"2016-12-18 00:00:00",38049,
"2016-12-19 00:00:00",32805,
"2016-12-20 00:00:00",32355,
"2016-12-21 00:00:00",31183,
"2016-12-22 00:00:00",30421,
"2016-12-23 00:00:00",28552,
"2016-12-24 00:00:00",27069,
"2016-12-25 00:00:00",26936,
"2016-12-26 00:00:00",29796,
"2016-12-27 00:00:00",29057,
"2016-12-28 00:00:00",28581,
"2016-12-29 00:00:00",28653,
"2016-12-30 00:00:00",28411,
"2016-12-31 00:00:00",26907,
"2017-01-01 00:00:00",29110,
"2017-01-02 00:00:00",30430,
"2017-01-03 00:00:00",27271,
"2017-01-04 00:00:00",26585,
"2017-01-05 00:00:00",26320,
"2017-01-06 00:00:00",24331,
"2017-01-07 00:00:00",29390,
"2017-01-08 00:00:00",29252,
"2017-01-09 00:00:00",24043,
"2017-01-10 00:00:00",23369,
"2017-01-11 00:00:00",22930,
"2017-01-12 00:00:00",22903,
"2017-01-13 00:00:00",23115,
"2017-01-14 00:00:00",25766,
"2017-01-15 00:00:00",26532,
"2017-01-16 00:00:00",23564,
"2017-01-17 00:00:00",21269,
"2017-01-18 00:00:00",20677,
"2017-01-19 00:00:00",20549,
"2017-01-20 00:00:00",20535,
"2017-01-21 00:00:00",23270,
"2017-01-22 00:00:00",23672,
"2017-01-23 00:00:00",19735,
"2017-01-24 00:00:00",18685,
"2017-01-25 00:00:00",17993,
"2017-01-26 00:00:00",17724,
"2017-01-27 00:00:00",17736,
"2017-01-28 00:00:00",19994,
"2017-01-29 00:00:00",20982,
"2017-01-30 00:00:00",17256,
"2017-01-31 00:00:00",16542,
"2017-02-01 00:00:00",15950,
"2017-02-02 00:00:00",15518,
"2017-02-03 00:00:00",15813,
"2017-02-04 00:00:00",18393,
"2017-02-05 00:00:00",18960,
"2017-02-06 00:00:00",15260,
"2017-02-07 00:00:00",15321,
"2017-02-08 00:00:00",14148,
"2017-02-09 00:00:00",14301,
"2017-02-10 00:00:00",14763,
"2017-02-11 00:00:00",16532,
"2017-02-12 00:00:00",16983,
"2017-02-13 00:00:00",13677,
"2017-02-14 00:00:00",11976,
"2017-02-15 00:00:00",14137,
"2017-02-16 00:00:00",14398,
"2017-02-17 00:00:00",15419,
"2017-02-18 00:00:00",17658,
"2017-02-19 00:00:00",18561,
"2017-02-20 00:00:00",16483,
"2017-02-21 00:00:00",14923,
"2017-02-22 00:00:00",14266,
"2017-02-23 00:00:00",13857,
"2017-02-24 00:00:00",13597,
"2017-02-25 00:00:00",15691,
"2017-02-26 00:00:00",16056,
"2017-02-27 00:00:00",12807,
"2017-02-28 00:00:00",12564,
"2017-03-01 00:00:00",11975,
"2017-03-02 00:00:00",11724,
"2017-03-03 00:00:00",64317,
"2017-03-04 00:00:00",59789,
"2017-03-05 00:00:00",57870,
"2017-03-06 00:00:00",48000,
"2017-03-07 00:00:00",47042,
"2017-03-08 00:00:00",44132,
"2017-03-09 00:00:00",43898,
"2017-03-10 00:00:00",45104,
"2017-03-11 00:00:00",50916,
"2017-03-12 00:00:00",52843,
"2017-03-13 00:00:00",44356,
"2017-03-14 00:00:00",44509,
"2017-03-15 00:00:00",41969,
"2017-03-16 00:00:00",40005,
"2017-03-17 00:00:00",40601,
"2017-03-18 00:00:00",45306,
"2017-03-19 00:00:00",47843,
"2017-03-20 00:00:00",40273,
"2017-03-21 00:00:00",30047,
"2017-03-22 00:00:00",16664,
"2017-03-23 00:00:00",35431,
"2017-03-24 00:00:00",35995,
"2017-03-25 00:00:00",39617,
"2017-03-26 00:00:00",41976,
"2017-03-27 00:00:00",35132,
"2017-03-28 00:00:00",33585,
"2017-03-29 00:00:00",32212,
"2017-03-30 00:00:00",31363,
"2017-03-31 00:00:00",30159,
"2017-04-01 00:00:00",33129,
"2017-04-02 00:00:00",34804,
"2017-04-03 00:00:00",28926,
"2017-04-04 00:00:00",28010,
"2017-04-05 00:00:00",26114,
"2017-04-06 00:00:00",25845,
"2017-04-07 00:00:00",25623,
"2017-04-08 00:00:00",28507,
"2017-04-09 00:00:00",28944,
"2017-04-10 00:00:00",25633,
"2017-04-11 00:00:00",23619,
"2017-04-12 00:00:00",22886,
"2017-04-13 00:00:00",22926,
"2017-04-14 00:00:00",24332,
"2017-04-15 00:00:00",25005,
"2017-04-16 00:00:00",25410,
"2017-04-17 00:00:00",23460,
"2017-04-18 00:00:00",21578,
"2017-04-19 00:00:00",20893,
"2017-04-20 00:00:00",20153,
"2017-04-21 00:00:00",21487,
"2017-04-22 00:00:00",23989,
"2017-04-23 00:00:00",24569,
"2017-04-24 00:00:00",20202,
"2017-04-25 00:00:00",19105,
"2017-04-26 00:00:00",18180,
"2017-04-27 00:00:00",18151,
"2017-04-28 00:00:00",17628,
"2017-04-29 00:00:00",20312,
"2017-04-30 00:00:00",20948,
"2017-05-01 00:00:00",18690,
"2017-05-02 00:00:00",17338,
"2017-05-03 00:00:00",16882,
"2017-05-04 00:00:00",16450,
"2017-05-05 00:00:00",16260,
"2017-05-06 00:00:00",18239,
"2017-05-07 00:00:00",19417,
"2017-05-08 00:00:00",16621,
"2017-05-09 00:00:00",16004,
"2017-05-10 00:00:00",14891,
"2017-05-11 00:00:00",15153,
"2017-05-12 00:00:00",14947,
"2017-05-13 00:00:00",16909,
"2017-05-14 00:00:00",16924,
"2017-05-15 00:00:00",14990,
"2017-05-16 00:00:00",14398,
"2017-05-17 00:00:00",13959,
"2017-05-18 00:00:00",13838,
"2017-05-19 00:00:00",13672,
"2017-05-20 00:00:00",15648,
"2017-05-21 00:00:00",16732,
"2017-05-22 00:00:00",14966,
"2017-05-23 00:00:00",13975,
"2017-05-24 00:00:00",13210,
"2017-05-25 00:00:00",13282,
"2017-05-26 00:00:00",12950,
"2017-05-27 00:00:00",14453,
"2017-05-28 00:00:00",15625,
"2017-05-29 00:00:00",15166,
"2017-05-30 00:00:00",13051,
"2017-05-31 00:00:00",12649,
"2017-06-01 00:00:00",12051,
"2017-06-02 00:00:00",15388,
"2017-06-03 00:00:00",15615,
"2017-06-04 00:00:00",16899,
"2017-06-05 00:00:00",15970,
"2017-06-06 00:00:00",14328,
"2017-06-07 00:00:00",13482,
"2017-06-08 00:00:00",15690,
"2017-06-09 00:00:00",14923,
"2017-06-10 00:00:00",17307,
"2017-06-11 00:00:00",18365,
"2017-06-12 00:00:00",15674,
"2017-06-13 00:00:00",14606,
"2017-06-14 00:00:00",13898,
"2017-06-15 00:00:00",13966,
"2017-06-16 00:00:00",13627,
"2017-06-17 00:00:00",14773,
"2017-06-18 00:00:00",15508,
"2017-06-19 00:00:00",13481,
"2017-06-20 00:00:00",12668,
"2017-06-21 00:00:00",12757,
"2017-06-22 00:00:00",12055,
"2017-06-23 00:00:00",11434,
"2017-06-24 00:00:00",15627,
"2017-06-25 00:00:00",16600,
"2017-06-26 00:00:00",14458,
"2017-06-27 00:00:00",13783,
"2017-06-28 00:00:00",12482,
"2017-06-29 00:00:00",12122,
"2017-06-30 00:00:00",11655,
"2017-07-01 00:00:00",12840,
"2017-07-02 00:00:00",13486,
"2017-07-03 00:00:00",12433,
"2017-07-04 00:00:00",14223,
"2017-07-05 00:00:00",12246,
"2017-07-06 00:00:00",11790,
"2017-07-07 00:00:00",11378,
"2017-07-08 00:00:00",12666,
"2017-07-09 00:00:00",13543,
"2017-07-10 00:00:00",11942,
"2017-07-11 00:00:00",11541,
"2017-07-12 00:00:00",11191,
"2017-07-13 00:00:00",10788,
"2017-07-14 00:00:00",17191,
"2017-07-15 00:00:00",17191,
"2017-07-16 00:00:00",17745,
"2017-07-17 00:00:00",15532,
"2017-07-18 00:00:00",14295,
"2017-07-19 00:00:00",13682,
"2017-07-20 00:00:00",12611,
"2017-07-21 00:00:00",12234,
"2017-07-22 00:00:00",13001,
"2017-07-23 00:00:00",13680,
"2017-07-24 00:00:00",11838,
"2017-07-25 00:00:00",11526,
"2017-07-26 00:00:00",11160,
"2017-07-27 00:00:00",10981,
"2017-07-28 00:00:00",10779,
"2017-07-29 00:00:00",11394,
"2017-07-30 00:00:00",11958,
"2017-07-31 00:00:00",10283,
"2017-08-01 00:00:00",10198,
"2017-08-02 00:00:00",9693,
"2017-08-03 00:00:00",9595,
"2017-08-04 00:00:00",86604,
"2017-08-05 00:00:00",88462,
"2017-08-06 00:00:00",98445,
"2017-08-07 00:00:00",85706,
"2017-08-08 00:00:00",80573,
"2017-08-09 00:00:00",79383,
"2017-08-10 00:00:00",75321,
"2017-08-11 00:00:00",74583,
"2017-08-12 00:00:00",84204,
"2017-08-13 00:00:00",90312,
"2017-08-14 00:00:00",75546,
"2017-08-15 00:00:00",75898,
"2017-08-16 00:00:00",71618,
"2017-08-17 00:00:00",70634,
"2017-08-18 00:00:00",71040,
"2017-08-19 00:00:00",79383,
"2017-08-20 00:00:00",83759,
"2017-08-21 00:00:00",69074,
"2017-08-22 00:00:00",66795,
"2017-08-23 00:00:00",63332,
"2017-08-24 00:00:00",62224,
"2017-08-25 00:00:00",60993,
"2017-08-26 00:00:00",67570,
"2017-08-27 00:00:00",71511,
"2017-08-28 00:00:00",57415,
"2017-08-29 00:00:00",54103,
"2017-08-30 00:00:00",52856,
"2017-08-31 00:00:00",52136,
"2017-09-01 00:00:00",51988,
"2017-09-02 00:00:00",58084,
"2017-09-03 00:00:00",60701,
"2017-09-04 00:00:00",59630,
"2017-09-05 00:00:00",49211,
"2017-09-06 00:00:00",47061,
"2017-09-07 00:00:00",46566,
"2017-09-08 00:00:00",45531,
"2017-09-09 00:00:00",51473,
"2017-09-10 00:00:00",53802,
"2017-09-11 00:00:00",44638,
"2017-09-12 00:00:00",42463,
"2017-09-13 00:00:00",40665,
"2017-09-14 00:00:00",38940,
"2017-09-15 00:00:00",37719,
"2017-09-16 00:00:00",42777,
"2017-09-17 00:00:00",43994,
"2017-09-18 00:00:00",36520,
"2017-09-19 00:00:00",35339,
"2017-09-20 00:00:00",33491,
"2017-09-21 00:00:00",33013,
"2017-09-22 00:00:00",32565,
"2017-09-23 00:00:00",36312,
"2017-09-24 00:00:00",37747,
"2017-09-25 00:00:00",30993,
"2017-09-26 00:00:00",29676,
"2017-09-27 00:00:00",28557,
"2017-09-28 00:00:00",27455,
"2017-09-29 00:00:00",27139,
"2017-09-30 00:00:00",31038,
"2017-10-01 00:00:00",31508,
"2017-10-02 00:00:00",26487,
"2017-10-03 00:00:00",25758,
"2017-10-04 00:00:00",24751,
"2017-10-05 00:00:00",24332,
"2017-10-06 00:00:00",24429,
"2017-10-07 00:00:00",27491,
"2017-10-08 00:00:00",28638,
"2017-10-09 00:00:00",25302,
"2017-10-10 00:00:00",22041,
"2017-10-11 00:00:00",21396,
"2017-10-12 00:00:00",22097,
"2017-10-13 00:00:00",21796,
"2017-10-14 00:00:00",24386,
"2017-10-15 00:00:00",25245,
"2017-10-16 00:00:00",21172,
"2017-10-17 00:00:00",19822,
"2017-10-18 00:00:00",18947,
"2017-10-19 00:00:00",18369,
"2017-10-20 00:00:00",18627,
"2017-10-21 00:00:00",20882,
"2017-10-22 00:00:00",22130,
"2017-10-23 00:00:00",18498,
"2017-10-24 00:00:00",16975,
"2017-10-25 00:00:00",16302,
"2017-10-26 00:00:00",15761,
"2017-10-27 00:00:00",15219,
"2017-10-28 00:00:00",17062,
"2017-10-29 00:00:00",17865,
"2017-10-30 00:00:00",14578,
"2017-10-31 00:00:00",13781,
"2017-11-01 00:00:00",14234,
"2017-11-02 00:00:00",14061,
"2017-11-03 00:00:00",13887,
"2017-11-04 00:00:00",15452,
"2017-11-05 00:00:00",16322,
"2017-11-06 00:00:00",12949,
"2017-11-07 00:00:00",12420,
"2017-11-08 00:00:00",11494,
"2017-11-09 00:00:00",11213,
"2017-11-10 00:00:00",26254,
"2017-11-11 00:00:00",22339,
"2017-11-12 00:00:00",21598,
"2017-11-13 00:00:00",17433,
"2017-11-14 00:00:00",15905,
"2017-11-15 00:00:00",14996,
"2017-11-16 00:00:00",13823,
"2017-11-17 00:00:00",14268,
"2017-11-18 00:00:00",15967,
"2017-11-19 00:00:00",16070,
"2017-11-20 00:00:00",13084,
"2017-11-21 00:00:00",12405,
"2017-11-22 00:00:00",11632,
"2017-11-23 00:00:00",11494,
"2017-11-24 00:00:00",28485,
"2017-11-25 00:00:00",23138,
"2017-11-26 00:00:00",22386,
"2017-11-27 00:00:00",17607,
"2017-11-28 00:00:00",15780,
"2017-11-29 00:00:00",14850,
"2017-11-30 00:00:00",13942,
"2017-12-01 00:00:00",13771,
"2017-12-02 00:00:00",15204,
"2017-12-03 00:00:00",14829,
"2017-12-04 00:00:00",11508,
"2017-12-05 00:00:00",10771,
"2017-12-06 00:00:00",10586,
"2017-12-07 00:00:00",10010,
"2017-12-08 00:00:00",68539,
"2017-12-09 00:00:00",67187,
"2017-12-10 00:00:00",70425,
"2017-12-11 00:00:00",60807,
"2017-12-12 00:00:00",57333,
"2017-12-13 00:00:00",55331,
"2017-12-14 00:00:00",53611,
"2017-12-15 00:00:00",53158,
"2017-12-16 00:00:00",60334,
"2017-12-17 00:00:00",63008,
"2017-12-18 00:00:00",54946,
"2017-12-19 00:00:00",51498,
"2017-12-20 00:00:00",50358,
"2017-12-21 00:00:00",48179,
"2017-12-22 00:00:00",49606,
"2017-12-23 00:00:00",51406,
"2017-12-24 00:00:00",42075,
"2017-12-25 00:00:00",46965,
"2017-12-26 00:00:00",49976,
"2017-12-27 00:00:00",49956,
"2017-12-28 00:00:00",49898,
"2017-12-29 00:00:00",50131,
"2017-12-30 00:00:00",52388,
"2017-12-31 00:00:00",44119,
"2018-01-01 00:00:00",51693,
"2018-01-02 00:00:00",46575,
"2018-01-03 00:00:00",44080,
"2018-01-04 00:00:00",44880,
"2018-01-05 00:00:00",44307,
"2018-01-06 00:00:00",49289,
"2018-01-07 00:00:00",49704,
"2018-01-08 00:00:00",42062,
"2018-01-09 00:00:00",40185,
"2018-01-10 00:00:00",38777,
"2018-01-11 00:00:00",37766,
"2018-01-12 00:00:00",38870,
"2018-01-13 00:00:00",43379,
"2018-01-14 00:00:00",44079,
"2018-01-15 00:00:00",39186,
"2018-01-16 00:00:00",35436,
"2018-01-17 00:00:00",34291,
"2018-01-18 00:00:00",32801,
"2018-01-19 00:00:00",32663,
"2018-01-20 00:00:00",37350,
"2018-01-21 00:00:00",38059,
"2018-01-22 00:00:00",31906,
"2018-01-23 00:00:00",30388,
"2018-01-24 00:00:00",28994,
"2018-01-25 00:00:00",28588,
"2018-01-26 00:00:00",28014,
"2018-01-27 00:00:00",31646,
"2018-01-28 00:00:00",32629,
"2018-01-29 00:00:00",26986,
"2018-01-30 00:00:00",25560,
"2018-01-31 00:00:00",24766,
"2018-02-01 00:00:00",23558,
"2018-02-02 00:00:00",23708,
"2018-02-03 00:00:00",26982,
"2018-02-04 00:00:00",27880,
"2018-02-05 00:00:00",22715,
"2018-02-06 00:00:00",21533,
"2018-02-07 00:00:00",20492,
"2018-02-08 00:00:00",19785,
"2018-02-09 00:00:00",19404,
"2018-02-10 00:00:00",22028,
"2018-02-11 00:00:00",22649,
"2018-02-12 00:00:00",18633,
"2018-02-13 00:00:00",17729,
"2018-02-14 00:00:00",15995,
"2018-02-15 00:00:00",15905,
"2018-02-16 00:00:00",16517,
"2018-02-17 00:00:00",18510,
"2018-02-18 00:00:00",18988,
"2018-02-19 00:00:00",16802,
"2018-02-20 00:00:00",15063,
"2018-02-21 00:00:00",14787,
"2018-02-22 00:00:00",14283,
"2018-02-23 00:00:00",13417,
"2018-02-24 00:00:00",15116,
"2018-02-25 00:00:00",15592,
"2018-02-26 00:00:00",12488,
"2018-02-27 00:00:00",12085,
"2018-02-28 00:00:00",11452,
"2018-03-01 00:00:00",11494,
"2018-03-02 00:00:00",81866,
"2018-03-03 00:00:00",75851,
"2018-03-04 00:00:00",78622,
"2018-03-05 00:00:00",66258,
"2018-03-06 00:00:00",63002,
"2018-03-07 00:00:00",62026,
"2018-03-08 00:00:00",58957,
"2018-03-09 00:00:00",58196,
"2018-03-10 00:00:00",65260,
"2018-03-11 00:00:00",67903,
"2018-03-12 00:00:00",57124,
"2018-03-13 00:00:00",55354,
"2018-03-14 00:00:00",52877,
"2018-03-15 00:00:00",51132,
"2018-03-16 00:00:00",51831,
"2018-03-17 00:00:00",58218,
"2018-03-18 00:00:00",60270,
"2018-03-19 00:00:00",51495,
"2018-03-20 00:00:00",49012,
"2018-03-21 00:00:00",47958,
"2018-03-22 00:00:00",46746,
"2018-03-23 00:00:00",45490,
"2018-03-24 00:00:00",52098,
"2018-03-25 00:00:00",53682,
"2018-03-26 00:00:00",45464,
"2018-03-27 00:00:00",42687,
"2018-03-28 00:00:00",41085,
"2018-03-29 00:00:00",41253,
"2018-03-30 00:00:00",43381,
"2018-03-31 00:00:00",44314,
"2018-04-01 00:00:00",45720,
"2018-04-02 00:00:00",40996,
"2018-04-03 00:00:00",38170,
"2018-04-04 00:00:00",37020,
"2018-04-05 00:00:00",36103,
"2018-04-06 00:00:00",35842,
"2018-04-07 00:00:00",40296,
"2018-04-08 00:00:00",42051,
"2018-04-09 00:00:00",35194,
"2018-04-10 00:00:00",33476,
"2018-04-11 00:00:00",31930,
"2018-04-12 00:00:00",30460,
"2018-04-13 00:00:00",30492,
"2018-04-14 00:00:00",33956,
"2018-04-15 00:00:00",36112,
"2018-04-16 00:00:00",29994,
"2018-04-17 00:00:00",28099,
"2018-04-18 00:00:00",26505,
"2018-04-19 00:00:00",25685,
"2018-04-20 00:00:00",24918,
"2018-04-21 00:00:00",27856,
"2018-04-22 00:00:00",29051,
"2018-04-23 00:00:00",24706,
"2018-04-24 00:00:00",23358,
"2018-04-25 00:00:00",22270,
"2018-04-26 00:00:00",21211,
"2018-04-27 00:00:00",20955,
"2018-04-28 00:00:00",23491,
"2018-04-29 00:00:00",25125,
"2018-04-30 00:00:00",21327,
"2018-05-01 00:00:00",21176,
"2018-05-02 00:00:00",19051,
"2018-05-03 00:00:00",17866,
"2018-05-04 00:00:00",42829,
"2018-05-05 00:00:00",39500,
"2018-05-06 00:00:00",40136,
"2018-05-07 00:00:00",33167,
"2018-05-08 00:00:00",30111,
"2018-05-09 00:00:00",27486,
"2018-05-10 00:00:00",27357,
"2018-05-11 00:00:00",26956,
"2018-05-12 00:00:00",29002,
"2018-05-13 00:00:00",28504,
"2018-05-14 00:00:00",24302,
"2018-05-15 00:00:00",22533,
"2018-05-16 00:00:00",21223,
"2018-05-17 00:00:00",20182,
"2018-05-18 00:00:00",19599,
"2018-05-19 00:00:00",21721,
"2018-05-20 00:00:00",22712,
"2018-05-21 00:00:00",19576,
"2018-05-22 00:00:00",17607,
"2018-05-23 00:00:00",16698,
"2018-05-24 00:00:00",15621,
"2018-05-25 00:00:00",15387,
"2018-05-26 00:00:00",15903,
"2018-05-27 00:00:00",16685,
"2018-05-28 00:00:00",15603,
"2018-05-29 00:00:00",13776,
"2018-05-30 00:00:00",12931,
"2018-05-31 00:00:00",12851,
"2018-06-01 00:00:00",90505,
"2018-06-02 00:00:00",87194,
"2018-06-03 00:00:00",95994,
"2018-06-04 00:00:00",83644,
"2018-06-05 00:00:00",79683,
"2018-06-06 00:00:00",76954,
"2018-06-07 00:00:00",73986,
"2018-06-08 00:00:00",70980,
"2018-06-09 00:00:00",77770,
"2018-06-10 00:00:00",82860,
"2018-06-11 00:00:00",69968,
"2018-06-12 00:00:00",64431,
"2018-06-13 00:00:00",62009,
"2018-06-14 00:00:00",60129,
"2018-06-15 00:00:00",55345,
"2018-06-16 00:00:00",59811,
"2018-06-17 00:00:00",61912,
"2018-06-18 00:00:00",54108,
"2018-06-19 00:00:00",51702,
"2018-06-20 00:00:00",49619,
"2018-06-21 00:00:00",46951,
"2018-06-22 00:00:00",45687,
"2018-06-23 00:00:00",49824,
"2018-06-24 00:00:00",53209,
"2018-06-25 00:00:00",45542,
"2018-06-26 00:00:00",43146,
"2018-06-27 00:00:00",40568,
"2018-06-28 00:00:00",38822,
"2018-06-29 00:00:00",37816,
"2018-06-30 00:00:00",40525,
"2018-07-01 00:00:00",42939,
"2018-07-02 00:00:00",38376,
"2018-07-03 00:00:00",35908,
"2018-07-04 00:00:00",39042,
"2018-07-05 00:00:00",34735,
"2018-07-06 00:00:00",33383,
"2018-07-07 00:00:00",35444,
"2018-07-08 00:00:00",38387,
"2018-07-09 00:00:00",33529,
"2018-07-10 00:00:00",30501,
"2018-07-11 00:00:00",29416,
"2018-07-12 00:00:00",29835,
"2018-07-13 00:00:00",28290,
"2018-07-14 00:00:00",30694,
"2018-07-15 00:00:00",32323,
"2018-07-16 00:00:00",27672,
"2018-07-17 00:00:00",26178,
"2018-07-18 00:00:00",24527,
"2018-07-19 00:00:00",24206,
"2018-07-20 00:00:00",23177,
"2018-07-21 00:00:00",25073,
"2018-07-22 00:00:00",26490,
"2018-07-23 00:00:00",22095,
"2018-07-24 00:00:00",21003,
"2018-07-25 00:00:00",19710,
"2018-07-26 00:00:00",19353,
"2018-07-27 00:00:00",18070,
"2018-07-28 00:00:00",20151,
"2018-07-29 00:00:00",21383,
"2018-07-30 00:00:00",18018,
"2018-07-31 00:00:00",16891,
"2018-08-01 00:00:00",15919,
"2018-08-02 00:00:00",15402,
"2018-08-03 00:00:00",33090,
"2018-08-04 00:00:00",30274,
"2018-08-05 00:00:00",31148,
"2018-08-06 00:00:00",26848,
"2018-08-07 00:00:00",23888,
"2018-08-08 00:00:00",22854,
"2018-08-09 00:00:00",20845,
"2018-08-10 00:00:00",20317,
"2018-08-11 00:00:00",21880,
"2018-08-12 00:00:00",22760,
"2018-08-13 00:00:00",19081,
"2018-08-14 00:00:00",17812,
"2018-08-15 00:00:00",17043,
"2018-08-16 00:00:00",16085,
"2018-08-17 00:00:00",15356,
"2018-08-18 00:00:00",16811,
"2018-08-19 00:00:00",17752,
"2018-08-20 00:00:00",14624,
"2018-08-21 00:00:00",13885,
"2018-08-22 00:00:00",13303,
"2018-08-23 00:00:00",12783,
"2018-08-24 00:00:00",12654,
"2018-08-25 00:00:00",14060,
"2018-08-26 00:00:00",14863,
"2018-08-27 00:00:00",12237,
"2018-08-28 00:00:00",12406,
"2018-08-29 00:00:00",11502,
"2018-08-30 00:00:00",11360,
"2018-08-31 00:00:00",75919,
"2018-09-01 00:00:00",70868,
"2018-09-02 00:00:00",75738,
"2018-09-03 00:00:00",75321,
"2018-09-04 00:00:00",61755,
"2018-09-05 00:00:00",57759,
"2018-09-06 00:00:00",55636,
"2018-09-07 00:00:00",56033,
"2018-09-08 00:00:00",62809,
"2018-09-09 00:00:00",65115,
"2018-09-10 00:00:00",54848,
"2018-09-11 00:00:00",52226,
"2018-09-12 00:00:00",50662,
"2018-09-13 00:00:00",49294,
"2018-09-14 00:00:00",48197,
"2018-09-15 00:00:00",54338,
"2018-09-16 00:00:00",56915,
"2018-09-17 00:00:00",48314,
"2018-09-18 00:00:00",46376,
"2018-09-19 00:00:00",44118,
"2018-09-20 00:00:00",43306,
"2018-09-21 00:00:00",43366,
"2018-09-22 00:00:00",49033,
"2018-09-23 00:00:00",51559,
"2018-09-24 00:00:00",43682,
"2018-09-25 00:00:00",42265,
"2018-09-26 00:00:00",40086,
"2018-09-27 00:00:00",38266,
"2018-09-28 00:00:00",38182,
"2018-09-29 00:00:00",43763,
"2018-09-30 00:00:00",45277,
"2018-10-01 00:00:00",38331,
"2018-10-02 00:00:00",36691,
"2018-10-03 00:00:00",35320,
"2018-10-04 00:00:00",34468,
"2018-10-05 00:00:00",34229,
"2018-10-06 00:00:00",38109,
"2018-10-07 00:00:00",39393,
"2018-10-08 00:00:00",35118,
"2018-10-09 00:00:00",32122,
"2018-10-10 00:00:00",30055,
"2018-10-11 00:00:00",29583,
"2018-10-12 00:00:00",29272,
"2018-10-13 00:00:00",31979,
"2018-10-14 00:00:00",33118,
"2018-10-15 00:00:00",28214,
"2018-10-16 00:00:00",26420,
"2018-10-17 00:00:00",25820,
"2018-10-18 00:00:00",25058,
"2018-10-19 00:00:00",24749,
"2018-10-20 00:00:00",28076,
"2018-10-21 00:00:00",29061,
"2018-10-22 00:00:00",24647,
"2018-10-23 00:00:00",23772,
"2018-10-24 00:00:00",22922,
"2018-10-25 00:00:00",22154,
"2018-10-26 00:00:00",21799,
"2018-10-27 00:00:00",24411,
"2018-10-28 00:00:00",25378,
"2018-10-29 00:00:00",20490,
"2018-10-30 00:00:00",19618,
"2018-10-31 00:00:00",18514,
"2018-11-01 00:00:00",19205,
"2018-11-02 00:00:00",18717,
"2018-11-03 00:00:00",22132,
"2018-11-04 00:00:00",23849,
"2018-11-05 00:00:00",20178,
"2018-11-06 00:00:00",19960,
"2018-11-07 00:00:00",19781,
"2018-11-08 00:00:00",19387,
"2018-11-09 00:00:00",20411,
"2018-11-10 00:00:00",24310,
"2018-11-11 00:00:00",25345,
"2018-11-12 00:00:00",22730,
"2018-11-13 00:00:00",19678,
"2018-11-14 00:00:00",21559,
"2018-11-15 00:00:00",22358,
"2018-11-16 00:00:00",22040,
"2018-11-17 00:00:00",25979,
"2018-11-18 00:00:00",27642,
"2018-11-19 00:00:00",22262,
"2018-11-20 00:00:00",19708,
"2018-11-21 00:00:00",21325,
"2018-11-22 00:00:00",20590,
"2018-11-23 00:00:00",20983,
"2018-11-24 00:00:00",22730,
"2018-11-25 00:00:00",23370,
"2018-11-26 00:00:00",18918,
"2018-11-27 00:00:00",18072,
"2018-11-28 00:00:00",16675,
"2018-11-29 00:00:00",16645,
"2018-11-30 00:00:00",17519,
"2018-12-01 00:00:00",20721,
"2018-12-02 00:00:00",21226,
"2018-12-03 00:00:00",17004,
"2018-12-04 00:00:00",15575,
"2018-12-05 00:00:00",15395,
"2018-12-06 00:00:00",14893,
"2018-12-07 00:00:00",117436,
"2018-12-08 00:00:00",120233,
"2018-12-09 00:00:00",123462,
"2018-12-10 00:00:00",105255,
"2018-12-11 00:00:00",101097,
"2018-12-12 00:00:00",94447,
"2018-12-13 00:00:00",90612,
"2018-12-14 00:00:00",91307,
"2018-12-15 00:00:00",103108,
"2018-12-16 00:00:00",106410,
"2018-12-17 00:00:00",89965,
"2018-12-18 00:00:00",85442,
"2018-12-19 00:00:00",81388,
"2018-12-20 00:00:00",79730,
"2018-12-21 00:00:00",78932,
"2018-12-22 00:00:00",82630,
"2018-12-23 00:00:00",81960,
"2018-12-24 00:00:00",66547,
"2018-12-25 00:00:00",71361,
"2018-12-26 00:00:00",73826,
"2018-12-27 00:00:00",74014,
"2018-12-28 00:00:00",73586,
"2018-12-29 00:00:00",77038,
"2018-12-30 00:00:00",78850,
"2018-12-31 00:00:00",66200,
"2019-01-01 00:00:00",77233,
"2019-01-02 00:00:00",69597,
"2019-01-03 00:00:00",68144,
"2019-01-04 00:00:00",68720,
"2019-01-05 00:00:00",76201,
"2019-01-06 00:00:00",76349,
"2019-01-07 00:00:00",64267,
"2019-01-08 00:00:00",61243,
"2019-01-09 00:00:00",58876,
"2019-01-10 00:00:00",58045,
"2019-01-11 00:00:00",58658,
"2019-01-12 00:00:00",66378,
"2019-01-13 00:00:00",67256,
"2019-01-14 00:00:00",54640,
"2019-01-15 00:00:00",52535,
"2019-01-16 00:00:00",49780,
"2019-01-17 00:00:00",48816,
"2019-01-18 00:00:00",46971,
"2019-01-19 00:00:00",51012,
"2019-01-20 00:00:00",52796,
"2019-01-21 00:00:00",45286,
"2019-01-22 00:00:00",40168,
"2019-01-23 00:00:00",37808,
"2019-01-24 00:00:00",36075,
"2019-01-25 00:00:00",35368,
"2019-01-26 00:00:00",40347,
"2019-01-27 00:00:00",41112,
"2019-01-28 00:00:00",33270,
"2019-01-29 00:00:00",32044,
"2019-01-30 00:00:00",31064,
"2019-01-31 00:00:00",29624,
"2019-02-01 00:00:00",28353,
"2019-02-02 00:00:00",32548,
"2019-02-03 00:00:00",33678,
"2019-02-04 00:00:00",27397,
"2019-02-05 00:00:00",25190,
"2019-02-06 00:00:00",23550,
"2019-02-07 00:00:00",22702,
"2019-02-08 00:00:00",22416,
"2019-02-09 00:00:00",25027,
"2019-02-10 00:00:00",25523,
"2019-02-11 00:00:00",20338,
"2019-02-12 00:00:00",19574,
"2019-02-13 00:00:00",18469,
"2019-02-14 00:00:00",16706,
"2019-02-15 00:00:00",17723,
"2019-02-16 00:00:00",20061,
"2019-02-17 00:00:00",20834,
"2019-02-18 00:00:00",18070,
"2019-02-19 00:00:00",15811,
"2019-02-20 00:00:00",16081,
"2019-02-21 00:00:00",15452,
"2019-02-22 00:00:00",15402,
"2019-02-23 00:00:00",17984,
"2019-02-24 00:00:00",18722,
"2019-02-25 00:00:00",15034,
"2019-02-26 00:00:00",14417,
"2019-02-27 00:00:00",13744,
"2019-02-28 00:00:00",13088,
"2019-03-01 00:00:00",13333,
"2019-03-02 00:00:00",15274,
"2019-03-03 00:00:00",15836,
"2019-03-04 00:00:00",12826,
"2019-03-05 00:00:00",12246,
"2019-03-06 00:00:00",11645,
"2019-03-07 00:00:00",11791,
"2019-03-08 00:00:00",112505,
"2019-03-09 00:00:00",99543,
"2019-03-10 00:00:00",101649,
"2019-03-11 00:00:00",83390,
"2019-03-12 00:00:00",78364,
"2019-03-13 00:00:00",74696,
"2019-03-14 00:00:00",71336,
"2019-03-15 00:00:00",69308,
"2019-03-16 00:00:00",75262,
"2019-03-17 00:00:00",76666,
"2019-03-18 00:00:00",63190,
"2019-03-19 00:00:00",58737,
"2019-03-20 00:00:00",56611,
"2019-03-21 00:00:00",53663,
"2019-03-22 00:00:00",52614,
"2019-03-23 00:00:00",58236,
"2019-03-24 00:00:00",60589,
"2019-03-25 00:00:00",49848,
"2019-03-26 00:00:00",46864,
"2019-03-27 00:00:00",44995,
"2019-03-28 00:00:00",43276,
"2019-03-29 00:00:00",42382,
"2019-03-30 00:00:00",46707,
"2019-03-31 00:00:00",49386,
"2019-04-01 00:00:00",40572,
"2019-04-02 00:00:00",38780,
"2019-04-03 00:00:00",37219,
"2019-04-04 00:00:00",35482,
"2019-04-05 00:00:00",34483,
"2019-04-06 00:00:00",38881,
"2019-04-07 00:00:00",40857,
"2019-04-08 00:00:00",33825,
"2019-04-09 00:00:00",31823,
"2019-04-10 00:00:00",29370,
"2019-04-11 00:00:00",29498,
"2019-04-12 00:00:00",28887,
"2019-04-13 00:00:00",32905,
"2019-04-14 00:00:00",34615,
"2019-04-15 00:00:00",27893,
"2019-04-16 00:00:00",26628,
"2019-04-17 00:00:00",24405,
"2019-04-18 00:00:00",24607,
"2019-04-19 00:00:00",26540,
"2019-04-20 00:00:00",26774,
"2019-04-21 00:00:00",26959,
"2019-04-22 00:00:00",23458,
"2019-04-23 00:00:00",22059,
"2019-04-24 00:00:00",21348,
"2019-04-25 00:00:00",20430,
"2019-04-26 00:00:00",20221,
"2019-04-27 00:00:00",23771,
"2019-04-28 00:00:00",24670,
"2019-04-29 00:00:00",19201,
"2019-04-30 00:00:00",18911,
"2019-05-01 00:00:00",19823,
"2019-05-02 00:00:00",18591,
"2019-05-03 00:00:00",18058,
"2019-05-04 00:00:00",20674,
"2019-05-05 00:00:00",21668,
"2019-05-06 00:00:00",17213,
"2019-05-07 00:00:00",16624,
"2019-05-08 00:00:00",16296,
"2019-05-09 00:00:00",15242,
"2019-05-10 00:00:00",34272,
"2019-05-11 00:00:00",33300,
"2019-05-12 00:00:00",32133,
"2019-05-13 00:00:00",25895,
"2019-05-14 00:00:00",23970,
"2019-05-15 00:00:00",22646,
"2019-05-16 00:00:00",20978,
"2019-05-17 00:00:00",19181,
"2019-05-18 00:00:00",20866,
"2019-05-19 00:00:00",21874,
"2019-05-20 00:00:00",17457,
"2019-05-21 00:00:00",16246,
"2019-05-22 00:00:00",15622,
"2019-05-23 00:00:00",15008,
"2019-05-24 00:00:00",15240,
"2019-05-25 00:00:00",16663,
"2019-05-26 00:00:00",17213,
"2019-05-27 00:00:00",15913,
"2019-05-28 00:00:00",13346,
"2019-05-29 00:00:00",12034,
"2019-05-30 00:00:00",12324,
"2019-05-31 00:00:00",11933,
"2019-06-01 00:00:00",13156,
"2019-06-02 00:00:00",13934,
"2019-06-03 00:00:00",11225,
"2019-06-04 00:00:00",10745,
"2019-06-05 00:00:00",10065,
"2019-06-06 00:00:00",10352,
"2019-06-07 00:00:00",114336,
"2019-06-08 00:00:00",104281,
"2019-06-09 00:00:00",110242,
"2019-06-10 00:00:00",93557,
"2019-06-11 00:00:00",87928,
"2019-06-12 00:00:00",86411,
"2019-06-13 00:00:00",85514,
"2019-06-14 00:00:00",82421,
"2019-06-15 00:00:00",90236,
"2019-06-16 00:00:00",95294,
"2019-06-17 00:00:00",82472,
"2019-06-18 00:00:00",76077,
"2019-06-19 00:00:00",72843,
"2019-06-20 00:00:00",71957,
"2019-06-21 00:00:00",67084,
"2019-06-22 00:00:00",74617,
"2019-06-23 00:00:00",78950,
"2019-06-24 00:00:00",67103,
"2019-06-25 00:00:00",61766,
"2019-06-26 00:00:00",58087,
"2019-06-27 00:00:00",56487,
"2019-06-28 00:00:00",52398,
"2019-06-29 00:00:00",57706,
"2019-06-30 00:00:00",62651,
"2019-07-01 00:00:00",53702,
"2019-07-02 00:00:00",50077,
"2019-07-03 00:00:00",48845,
"2019-07-04 00:00:00",51196,
"2019-07-05 00:00:00",47862,
"2019-07-06 00:00:00",49820,
"2019-07-07 00:00:00",52863,
"2019-07-08 00:00:00",45101,
"2019-07-09 00:00:00",42024,
"2019-07-10 00:00:00",40691,
"2019-07-11 00:00:00",39788,
"2019-07-12 00:00:00",38592,
"2019-07-13 00:00:00",42950,
"2019-07-14 00:00:00",45684,
"2019-07-15 00:00:00",38739,
"2019-07-16 00:00:00",37157,
"2019-07-17 00:00:00",35027,
"2019-07-18 00:00:00",33306,
"2019-07-19 00:00:00",32246,
"2019-07-20 00:00:00",35238,
"2019-07-21 00:00:00",37507,
"2019-07-22 00:00:00",31309,
"2019-07-23 00:00:00",29557,
"2019-07-24 00:00:00",27666,
"2019-07-25 00:00:00",26189,
"2019-07-26 00:00:00",25482,
"2019-07-27 00:00:00",28693,
"2019-07-28 00:00:00",30426,
"2019-07-29 00:00:00",25831,
"2019-07-30 00:00:00",24882,
"2019-07-31 00:00:00",23729,
"2019-08-01 00:00:00",22475,
"2019-08-02 00:00:00",21764,
"2019-08-03 00:00:00",23955,
"2019-08-04 00:00:00",25553,
"2019-08-05 00:00:00",21930,
"2019-08-06 00:00:00",20247,
"2019-08-07 00:00:00",19729,
"2019-08-08 00:00:00",18216,
"2019-08-09 00:00:00",17675,
"2019-08-10 00:00:00",19875,
"2019-08-11 00:00:00",20713,
"2019-08-12 00:00:00",17478,
"2019-08-13 00:00:00",16508,
"2019-08-14 00:00:00",13910,
"2019-08-15 00:00:00",15064,
"2019-08-16 00:00:00",14563,
"2019-08-17 00:00:00",16245,
"2019-08-18 00:00:00",16916,
"2019-08-19 00:00:00",13966,
"2019-08-20 00:00:00",13174,
"2019-08-21 00:00:00",12698,
"2019-08-22 00:00:00",12295,
"2019-08-23 00:00:00",11652,
"2019-08-24 00:00:00",12844,
"2019-08-25 00:00:00",13412,
"2019-08-26 00:00:00",11151,
"2019-08-27 00:00:00",10111,
"2019-08-28 00:00:00",9648,
"2019-08-29 00:00:00",9129,
"2019-08-30 00:00:00",8983,
"2019-08-31 00:00:00",10009,
"2019-09-01 00:00:00",10702,
"2019-09-02 00:00:00",10084,
"2019-09-03 00:00:00",8336,
"2019-09-04 00:00:00",7900,
"2019-09-05 00:00:00",7851,
"2019-09-06 00:00:00",74930,
"2019-09-07 00:00:00",72030,
"2019-09-08 00:00:00",74100,
"2019-09-09 00:00:00",61131,
"2019-09-10 00:00:00",56434,
"2019-09-11 00:00:00",52600,
"2019-09-12 00:00:00",51651,
"2019-09-13 00:00:00",47365,
"2019-09-14 00:00:00",51849,
"2019-09-15 00:00:00",53906,
"2019-09-16 00:00:00",44951,
"2019-09-17 00:00:00",41917,
"2019-09-18 00:00:00",40695,
"2019-09-19 00:00:00",38957,
"2019-09-20 00:00:00",38668,
"2019-09-21 00:00:00",42250,
"2019-09-22 00:00:00",44273,
"2019-09-23 00:00:00",37247,
"2019-09-24 00:00:00",34639,
"2019-09-25 00:00:00",33381,
"2019-09-26 00:00:00",32134,
"2019-09-27 00:00:00",31651,
"2019-09-28 00:00:00",35839,
"2019-09-29 00:00:00",36977,
"2019-09-30 00:00:00",30701,
"2019-10-01 00:00:00",28742,
"2019-10-02 00:00:00",27119,
"2019-10-03 00:00:00",27180,
"2019-10-04 00:00:00",26877,
"2019-10-05 00:00:00",30080,
"2019-10-06 00:00:00",31720,
"2019-10-07 00:00:00",26718,
"2019-10-08 00:00:00",25731,
"2019-10-09 00:00:00",24618,
"2019-10-10 00:00:00",23814,
"2019-10-11 00:00:00",24046,
"2019-10-12 00:00:00",26997,
"2019-10-13 00:00:00",27885,
"2019-10-14 00:00:00",24111,
"2019-10-15 00:00:00",21739,
"2019-10-16 00:00:00",20889,
"2019-10-17 00:00:00",20250,
"2019-10-18 00:00:00",20145,
"2019-10-19 00:00:00",22139,
"2019-10-20 00:00:00",23104,
"2019-10-21 00:00:00",19118,
"2019-10-22 00:00:00",18177,
"2019-10-23 00:00:00",17298,
"2019-10-24 00:00:00",16116,
"2019-10-25 00:00:00",15868,
"2019-10-26 00:00:00",17645,
"2019-10-27 00:00:00",18380,
"2019-10-28 00:00:00",15085,
"2019-10-29 00:00:00",13819,
"2019-10-30 00:00:00",13560,
"2019-10-31 00:00:00",13033,
"2019-11-01 00:00:00",13350,
"2019-11-02 00:00:00",16430,
"2019-11-03 00:00:00",18099,
"2019-11-04 00:00:00",15363,
"2019-11-05 00:00:00",14744,
"2019-11-06 00:00:00",14295,
"2019-11-07 00:00:00",14045,
"2019-11-08 00:00:00",14821,
"2019-11-09 00:00:00",17437,
"2019-11-10 00:00:00",18186,
"2019-11-11 00:00:00",15922,
"2019-11-12 00:00:00",14316,
"2019-11-13 00:00:00",13968,
"2019-11-14 00:00:00",13506,
"2019-11-15 00:00:00",14899,
"2019-11-16 00:00:00",21497,
"2019-11-17 00:00:00",24887,
"2019-11-18 00:00:00",21415,
"2019-11-19 00:00:00",20924,
"2019-11-20 00:00:00",20869,
"2019-11-21 00:00:00",20186,
"2019-11-22 00:00:00",19509,
"2019-11-23 00:00:00",22399,
"2019-11-24 00:00:00",23656,
"2019-11-25 00:00:00",19073,
"2019-11-26 00:00:00",17557,
"2019-11-27 00:00:00",17455,
"2019-11-28 00:00:00",16616,
"2019-11-29 00:00:00",17207,
"2019-11-30 00:00:00",18956,
"2019-12-01 00:00:00",19484,
"2019-12-02 00:00:00",15676,
"2019-12-03 00:00:00",14715,
"2019-12-04 00:00:00",14319,
"2019-12-05 00:00:00",13789,
"2019-12-06 00:00:00",14153,
"2019-12-07 00:00:00",16533,
"2019-12-08 00:00:00",16898,
"2019-12-09 00:00:00",13972,
"2019-12-10 00:00:00",13059,
"2019-12-11 00:00:00",12566,
"2019-12-12 00:00:00",12494,
"2019-12-13 00:00:00",115957,
"2019-12-14 00:00:00",111452,
"2019-12-15 00:00:00",118341,
"2019-12-16 00:00:00",101192,
"2019-12-17 00:00:00",96971,
"2019-12-18 00:00:00",88070,
"2019-12-19 00:00:00",87131,
"2019-12-20 00:00:00",85397,
"2019-12-21 00:00:00",93962,
"2019-12-22 00:00:00",95778,
"2019-12-23 00:00:00",82879,
"2019-12-24 00:00:00",69227,
"2019-12-25 00:00:00",78927,
"2019-12-26 00:00:00",81156,
"2019-12-27 00:00:00",83074,
"2019-12-28 00:00:00",87243,
"2019-12-29 00:00:00",89546,
"2019-12-30 00:00:00",81701,
"2019-12-31 00:00:00",68610,
"2020-01-01 00:00:00",84061,
"2020-01-02 00:00:00",76791,
"2020-01-03 00:00:00",77400,
"2020-01-04 00:00:00",84600,
"2020-01-05 00:00:00",82575,
"2020-01-06 00:00:00",69839,
"2020-01-07 00:00:00",66303,
"2020-01-08 00:00:00",65080,
"2020-01-09 00:00:00",62989,
"2020-01-10 00:00:00",65060,
"2020-01-11 00:00:00",73055,
"2020-01-12 00:00:00",72385,
"2020-01-13 00:00:00",59182,
"2020-01-14 00:00:00",56795,
"2020-01-15 00:00:00",53005,
"2020-01-16 00:00:00",51271,
"2020-01-17 00:00:00",51727,
"2020-01-18 00:00:00",58672,
"2020-01-19 00:00:00",59389,
"2020-01-20 00:00:00",51786,
"2020-01-21 00:00:00",46434,
"2020-01-22 00:00:00",44531,
"2020-01-23 00:00:00",43120,
"2020-01-24 00:00:00",43348,
"2020-01-25 00:00:00",48572,
"2020-01-26 00:00:00",48791,
"2020-01-27 00:00:00",39528,
"2020-01-28 00:00:00",37497,
"2020-01-29 00:00:00",35985,
"2020-01-30 00:00:00",34790,
"2020-01-31 00:00:00",35004,
"2020-02-01 00:00:00",39817,
"2020-02-02 00:00:00",41010,
"2020-02-03 00:00:00",33155,
"2020-02-04 00:00:00",31309,
"2020-02-05 00:00:00",29996,
"2020-02-06 00:00:00",28932,
"2020-02-07 00:00:00",29681,
"2020-02-08 00:00:00",33583,
"2020-02-09 00:00:00",35169,
"2020-02-10 00:00:00",28210,
"2020-02-11 00:00:00",26694,
"2020-02-12 00:00:00",25240,
"2020-02-13 00:00:00",23012,
"2020-02-14 00:00:00",21388,
"2020-02-15 00:00:00",26020,
"2020-02-16 00:00:00",26846,
"2020-02-17 00:00:00",22603,
"2020-02-18 00:00:00",20130,
"2020-02-19 00:00:00",19428,
"2020-02-20 00:00:00",19051,
"2020-02-21 00:00:00",19450,
"2020-02-22 00:00:00",22050,
"2020-02-23 00:00:00",23004,
"2020-02-24 00:00:00",19353,
"2020-02-25 00:00:00",18151,
"2020-02-26 00:00:00",17678,
"2020-02-27 00:00:00",17364,
"2020-02-28 00:00:00",17467,
"2020-02-29 00:00:00",20296,
"2020-03-01 00:00:00",20743,
"2020-03-02 00:00:00",16538,
"2020-03-03 00:00:00",15483,
"2020-03-04 00:00:00",14988,
"2020-03-05 00:00:00",14429,
"2020-03-06 00:00:00",14805,
"2020-03-07 00:00:00",16670,
"2020-03-08 00:00:00",16873,
"2020-03-09 00:00:00",13551,
"2020-03-10 00:00:00",12760,
"2020-03-11 00:00:00",12270,
"2020-03-12 00:00:00",12819,
"2020-03-13 00:00:00",133357,
"2020-03-14 00:00:00",115014,
"2020-03-15 00:00:00",115421,
"2020-03-16 00:00:00",100141,
"2020-03-17 00:00:00",95294,
"2020-03-18 00:00:00",92826,
"2020-03-19 00:00:00",91953,
"2020-03-20 00:00:00",93720,
"2020-03-21 00:00:00",99444,
"2020-03-22 00:00:00",99991,
"2020-03-23 00:00:00",84039,
"2020-03-24 00:00:00",86691,
"2020-03-25 00:00:00",84624,
"2020-03-26 00:00:00",81643,
"2020-03-27 00:00:00",80709,
"2020-03-28 00:00:00",86637,
"2020-03-29 00:00:00",86125,
"2020-03-30 00:00:00",76155,
"2020-03-31 00:00:00",72606,
"2020-04-01 00:00:00",69404,
"2020-04-02 00:00:00",67934,
"2020-04-03 00:00:00",68816,
"2020-04-04 00:00:00",73985,
"2020-04-05 00:00:00",72560,
"2020-04-06 00:00:00",64931,
"2020-04-07 00:00:00",62386,
"2020-04-08 00:00:00",61287,
"2020-04-09 00:00:00",60235,
"2020-04-10 00:00:00",62394,
"2020-04-11 00:00:00",62641,
"2020-04-12 00:00:00",62602,
"2020-04-13 00:00:00",57129,
"2020-04-14 00:00:00",54658,
"2020-04-15 00:00:00",51454,
"2020-04-16 00:00:00",51477,
"2020-04-17 00:00:00",51272,
"2020-04-18 00:00:00",54811,
"2020-04-19 00:00:00",53393,
"2020-04-20 00:00:00",47983,
"2020-04-21 00:00:00",45923,
"2020-04-22 00:00:00",45009,
"2020-04-23 00:00:00",43722,
"2020-04-24 00:00:00",44284,
"2020-04-25 00:00:00",45948,
"2020-04-26 00:00:00",46188,
"2020-04-27 00:00:00",40683,
"2020-04-28 00:00:00",39847,
"2020-04-29 00:00:00",38095,
"2020-04-30 00:00:00",37828,
"2020-05-01 00:00:00",38886,
"2020-05-02 00:00:00",39675,
"2020-05-03 00:00:00",39173,
"2020-05-04 00:00:00",34991,
"2020-05-05 00:00:00",33667,
"2020-05-06 00:00:00",32367,
"2020-05-07 00:00:00",30952,
"2020-05-08 00:00:00",30450,
"2020-05-09 00:00:00",31721,
"2020-05-10 00:00:00",31974,
"2020-05-11 00:00:00",29333,
"2020-05-12 00:00:00",27894,
"2020-05-13 00:00:00",26701,
"2020-05-14 00:00:00",25869,
"2020-05-15 00:00:00",25068,
"2020-05-16 00:00:00",25599,
"2020-05-17 00:00:00",26284,
"2020-05-18 00:00:00",23119,
"2020-05-19 00:00:00",22048,
"2020-05-20 00:00:00",20993,
"2020-05-21 00:00:00",20158,
"2020-05-22 00:00:00",20487,
"2020-05-23 00:00:00",21662,
"2020-05-24 00:00:00",22143,
"2020-05-25 00:00:00",21340,
"2020-05-26 00:00:00",18147,
"2020-05-27 00:00:00",17521,
"2020-05-28 00:00:00",16813,
"2020-05-29 00:00:00",16415,
"2020-05-30 00:00:00",17916,
"2020-05-31 00:00:00",18580,
"2020-06-01 00:00:00",16748,
"2020-06-02 00:00:00",15458,
"2020-06-03 00:00:00",15712,
"2020-06-04 00:00:00",16046,
"2020-06-05 00:00:00",16126,
"2020-06-06 00:00:00",17228,
"2020-06-07 00:00:00",17887,
"2020-06-08 00:00:00",14698,
"2020-06-09 00:00:00",14613,
"2020-06-10 00:00:00",14211,
"2020-06-11 00:00:00",13860,
"2020-06-12 00:00:00",13259,
"2020-06-13 00:00:00",14075,
"2020-06-14 00:00:00",14626,
"2020-06-15 00:00:00",12397,
"2020-06-16 00:00:00",11737,
"2020-06-17 00:00:00",11975,
"2020-06-18 00:00:00",12310,
"2020-06-19 00:00:00",126680,
"2020-06-20 00:00:00",111333,
"2020-06-21 00:00:00",110832,
"2020-06-22 00:00:00",96284,
"2020-06-23 00:00:00",91035,
"2020-06-24 00:00:00",86035,
"2020-06-25 00:00:00",78164,
"2020-06-26 00:00:00",77438,
"2020-06-27 00:00:00",79518,
"2020-06-28 00:00:00",80865,
"2020-06-29 00:00:00",71893,
"2020-06-30 00:00:00",67571,
"2020-07-01 00:00:00",64798,
"2020-07-02 00:00:00",61863,
"2020-07-03 00:00:00",63026,
"2020-07-04 00:00:00",61533,
"2020-07-05 00:00:00",64369,
"2020-07-06 00:00:00",57603,
"2020-07-07 00:00:00",54939,
"2020-07-08 00:00:00",52471,
"2020-07-09 00:00:00",51010,
"2020-07-10 00:00:00",49815,
"2020-07-11 00:00:00",52875,
"2020-07-12 00:00:00",55436,
"2020-07-13 00:00:00",50456,
"2020-07-14 00:00:00",49555,
"2020-07-15 00:00:00",47834,
"2020-07-16 00:00:00",45707,
"2020-07-17 00:00:00",44645,
"2020-07-18 00:00:00",47225,
"2020-07-19 00:00:00",49241,
"2020-07-20 00:00:00",44111,
"2020-07-21 00:00:00",43818,
"2020-07-22 00:00:00",42045,
"2020-07-23 00:00:00",40807,
"2020-07-24 00:00:00",39577,
"2020-07-25 00:00:00",41163,
"2020-07-26 00:00:00",43182,
"2020-07-27 00:00:00",38424,
"2020-07-28 00:00:00",37590,
"2020-07-29 00:00:00",36406,
"2020-07-30 00:00:00",34385,
"2020-07-31 00:00:00",33292,
"2020-08-01 00:00:00",35432,
"2020-08-02 00:00:00",38248,
"2020-08-03 00:00:00",34820,
"2020-08-04 00:00:00",32280,
"2020-08-05 00:00:00",30020,
"2020-08-06 00:00:00",30555,
"2020-08-07 00:00:00",28326,
"2020-08-08 00:00:00",30359,
"2020-08-09 00:00:00",31446,
"2020-08-10 00:00:00",28815,
"2020-08-11 00:00:00",27641,
"2020-08-12 00:00:00",26646,
"2020-08-13 00:00:00",25059,
"2020-08-14 00:00:00",24775,
"2020-08-15 00:00:00",25839,
"2020-08-16 00:00:00",26470,
"2020-08-17 00:00:00",23606,
"2020-08-18 00:00:00",19456,
"2020-08-19 00:00:00",19749,
"2020-08-20 00:00:00",19611,
"2020-08-21 00:00:00",19531,
"2020-08-22 00:00:00",20900,
"2020-08-23 00:00:00",20969,
"2020-08-24 00:00:00",19643,
"2020-08-25 00:00:00",19276,
"2020-08-26 00:00:00",17024,
"2020-08-27 00:00:00",16476,
"2020-08-28 00:00:00",16802,
"2020-08-29 00:00:00",17390,
"2020-08-30 00:00:00",17202,
"2020-08-31 00:00:00",14676,
"2020-09-01 00:00:00",13645,
"2020-09-02 00:00:00",12685,
"2020-09-03 00:00:00",12751,
"2020-09-04 00:00:00",12436,
"2020-09-05 00:00:00",13431,
"2020-09-06 00:00:00",13992,
"2020-09-07 00:00:00",13635,
"2020-09-08 00:00:00",11593,
"2020-09-09 00:00:00",11249,
"2020-09-10 00:00:00",10790,
"2020-09-11 00:00:00",10129,
"2020-09-12 00:00:00",12144,
"2020-09-13 00:00:00",12776,
"2020-09-14 00:00:00",10960,
"2020-09-15 00:00:00",10255,
"2020-09-16 00:00:00",10159,
"2020-09-17 00:00:00",10397,
"2020-09-18 00:00:00",122094,
"2020-09-19 00:00:00",108786,
"2020-09-20 00:00:00",111415,
"2020-09-21 00:00:00",99674,
"2020-09-22 00:00:00",95196,
"2020-09-23 00:00:00",92584,
"2020-09-24 00:00:00",89745,
"2020-09-25 00:00:00",87836,
"2020-09-26 00:00:00",92931,
"2020-09-27 00:00:00",94683,
"2020-09-28 00:00:00",83595,
"2020-09-29 00:00:00",78922,
"2020-09-30 00:00:00",74946,
"2020-10-01 00:00:00",72136,
"2020-10-02 00:00:00",69399,
"2020-10-03 00:00:00",75591,
"2020-10-04 00:00:00",76128,
"2020-10-05 00:00:00",67254,
"2020-10-06 00:00:00",67025,
"2020-10-07 00:00:00",63933,
"2020-10-08 00:00:00",62635,
"2020-10-09 00:00:00",62062,
"2020-10-10 00:00:00",65049,
"2020-10-11 00:00:00",66482,
"2020-10-12 00:00:00",63034,
"2020-10-13 00:00:00",56868,
"2020-10-14 00:00:00",54251,
"2020-10-15 00:00:00",52930,
"2020-10-16 00:00:00",51960,
"2020-10-17 00:00:00",54698,
"2020-10-18 00:00:00",55205,
"2020-10-19 00:00:00",49485,
"2020-10-20 00:00:00",46669,
"2020-10-21 00:00:00",45191,
"2020-10-22 00:00:00",43233,
"2020-10-23 00:00:00",43544,
"2020-10-24 00:00:00",45624,
"2020-10-25 00:00:00",46824,
"2020-10-26 00:00:00",40829,
"2020-10-27 00:00:00",39286,
"2020-10-28 00:00:00",37187,
"2020-10-29 00:00:00",36262,
"2020-10-30 00:00:00",35694,
"2020-10-31 00:00:00",36913,
"2020-11-01 00:00:00",38055,
"2020-11-02 00:00:00",34031,
"2020-11-03 00:00:00",32828,
"2020-11-04 00:00:00",31556,
"2020-11-05 00:00:00",31228,
"2020-11-06 00:00:00",30826,
"2020-11-07 00:00:00",33406,
"2020-11-08 00:00:00",33085,
"2020-11-09 00:00:00",29065,
"2020-11-10 00:00:00",27409,
"2020-11-11 00:00:00",26680,
"2020-11-12 00:00:00",25513,
"2020-11-13 00:00:00",24931,
"2020-11-14 00:00:00",28835,
"2020-11-15 00:00:00",28666,
"2020-11-16 00:00:00",24659,
"2020-11-17 00:00:00",23897,
"2020-11-18 00:00:00",23053,
"2020-11-19 00:00:00",22276,
"2020-11-20 00:00:00",21574,
"2020-11-21 00:00:00",22810,
"2020-11-22 00:00:00",23367,
"2020-11-23 00:00:00",19791,
"2020-11-24 00:00:00",18243,
"2020-11-25 00:00:00",17539,
"2020-11-26 00:00:00",17092,
"2020-11-27 00:00:00",16930,
"2020-11-28 00:00:00",17761,
"2020-11-29 00:00:00",17786,
"2020-11-30 00:00:00",15352,
"2020-12-01 00:00:00",14521,
"2020-12-02 00:00:00",13988,
"2020-12-03 00:00:00",13321,
"2020-12-04 00:00:00",36787,
"2020-12-05 00:00:00",28991,
"2020-12-06 00:00:00",26471,
"2020-12-07 00:00:00",21299,
"2020-12-08 00:00:00",19312,
"2020-12-09 00:00:00",16476,
"2020-12-10 00:00:00",13359,
"2020-12-11 00:00:00",35399,
"2020-12-12 00:00:00",26578,
"2020-12-13 00:00:00",21488,
"2020-12-14 00:00:00",16889,
"2020-12-15 00:00:00",15086,
"2020-12-16 00:00:00",13605,
"2020-12-17 00:00:00",12639,
"2020-12-18 00:00:00",26614,
"2020-12-19 00:00:00",23969,
"2020-12-20 00:00:00",22887,
"2020-12-21 00:00:00",19610,
"2020-12-22 00:00:00",17859,
"2020-12-23 00:00:00",16237,
"2020-12-24 00:00:00",13378,
"2020-12-25 00:00:00",15552,
"2020-12-26 00:00:00",15918,
"2020-12-27 00:00:00",15897,
"2020-12-28 00:00:00",14613,
"2020-12-29 00:00:00",13705,
"2020-12-30 00:00:00",13049,
"2020-12-31 00:00:00",10637,
"2021-01-01 00:00:00",12949,
"2021-01-02 00:00:00",13081,
"2021-01-03 00:00:00",12630,
"2021-01-04 00:00:00",10941,
"2021-01-05 00:00:00",10521,
"2021-01-06 00:00:00",10364,
"2021-01-07 00:00:00",14280,
"2021-01-08 00:00:00",12337,
"2021-01-09 00:00:00",13989,
"2021-01-10 00:00:00",13833,
"2021-01-11 00:00:00",12148,
"2021-01-12 00:00:00",12247,
"2021-01-13 00:00:00",12505,
"2021-01-14 00:00:00",13366,
"2021-01-15 00:00:00",157103,
"2021-01-16 00:00:00",136891,
"2021-01-17 00:00:00",143259,
"2021-01-18 00:00:00",130162,
"2021-01-19 00:00:00",121726,
"2021-01-20 00:00:00",117893,
"2021-01-21 00:00:00",114757,
"2021-01-22 00:00:00",115258,
"2021-01-23 00:00:00",124824,
"2021-01-24 00:00:00",123354,
"2021-01-25 00:00:00",109281,
"2021-01-26 00:00:00",103986,
"2021-01-27 00:00:00",100086,
"2021-01-28 00:00:00",96657,
"2021-01-29 00:00:00",97093,
"2021-01-30 00:00:00",105012,
"2021-01-31 00:00:00",104010,
"2021-02-01 00:00:00",90952,
"2021-02-02 00:00:00",86773,
"2021-02-03 00:00:00",82123,
"2021-02-04 00:00:00",80593,
"2021-02-05 00:00:00",80691,
"2021-02-06 00:00:00",87620,
"2021-02-07 00:00:00",87208,
"2021-02-08 00:00:00",75298,
"2021-02-09 00:00:00",72502,
"2021-02-10 00:00:00",69978,
"2021-02-11 00:00:00",67229,
"2021-02-12 00:00:00",68386,
"2021-02-13 00:00:00",73648,
"2021-02-14 00:00:00",71002,
"2021-02-15 00:00:00",67032,
"2021-02-16 00:00:00",62733,
"2021-02-17 00:00:00",59899,
"2021-02-18 00:00:00",59519,
"2021-02-19 00:00:00",57667,
"2021-02-20 00:00:00",61040,
"2021-02-21 00:00:00",61816,
"2021-02-22 00:00:00",55083,
"2021-02-23 00:00:00",52189,
"2021-02-24 00:00:00",50545,
"2021-02-25 00:00:00",48415,
"2021-02-26 00:00:00",47775,
"2021-02-27 00:00:00",51081,
"2021-02-28 00:00:00",51081,
"2021-03-01 00:00:00",44132,
"2021-03-02 00:00:00",42587,
"2021-03-03 00:00:00",40384,
"2021-03-04 00:00:00",39624,
"2021-03-05 00:00:00",39294,
"2021-03-06 00:00:00",41732,
"2021-03-07 00:00:00",42156,
"2021-03-08 00:00:00",35642,
"2021-03-09 00:00:00",34605,
"2021-03-10 00:00:00",33101,
"2021-03-11 00:00:00",31679,
"2021-03-12 00:00:00",31202,
"2021-03-13 00:00:00",35309,
"2021-03-14 00:00:00",34766,
"2021-03-15 00:00:00",29622,
"2021-03-16 00:00:00",28090,
"2021-03-17 00:00:00",26588,
"2021-03-18 00:00:00",25770,
"2021-03-19 00:00:00",24690,
"2021-03-20 00:00:00",26407,
"2021-03-21 00:00:00",27059,
"2021-03-22 00:00:00",22802,
"2021-03-23 00:00:00",21241,
"2021-03-24 00:00:00",20344,
"2021-03-25 00:00:00",19135,
"2021-03-26 00:00:00",18594,
"2021-03-27 00:00:00",19731,
"2021-03-28 00:00:00",19937,
"2021-03-29 00:00:00",16900,
"2021-03-30 00:00:00",15509,
"2021-03-31 00:00:00",14759,
"2021-04-01 00:00:00",14282,
"2021-04-02 00:00:00",14591,
"2021-04-03 00:00:00",14319,
"2021-04-04 00:00:00",14160,
"2021-04-05 00:00:00",13036,
"2021-04-06 00:00:00",11979,
"2021-04-07 00:00:00",11640,
"2021-04-08 00:00:00",13436,
"2021-04-09 00:00:00",14266,
"2021-04-10 00:00:00",16450,
"2021-04-11 00:00:00",17586,
"2021-04-12 00:00:00",14935,
"2021-04-13 00:00:00",14042,
"2021-04-14 00:00:00",14227,
"2021-04-15 00:00:00",14603,
"2021-04-16 00:00:00",154917,
"2021-04-17 00:00:00",155293,
"2021-04-18 00:00:00",149602,
"2021-04-19 00:00:00",132966,
"2021-04-20 00:00:00",125023,
"2021-04-21 00:00:00",121192,
"2021-04-22 00:00:00",113819,
"2021-04-23 00:00:00",110226,
"2021-04-24 00:00:00",116213,
"2021-04-25 00:00:00",117332,
"2021-04-26 00:00:00",101631,
"2021-04-27 00:00:00",97002,
"2021-04-28 00:00:00",90145,
"2021-04-29 00:00:00",88282,
"2021-04-30 00:00:00",85558,
"2021-05-01 00:00:00",90586,
"2021-05-02 00:00:00",92312,
"2021-05-03 00:00:00",82965,
"2021-05-04 00:00:00",78090,
"2021-05-05 00:00:00",74196,
"2021-05-06 00:00:00",70961,
"2021-05-07 00:00:00",68771,
"2021-05-08 00:00:00",72152,
"2021-05-09 00:00:00",70206,
"2021-05-10 00:00:00",64175,
"2021-05-11 00:00:00",61463,
"2021-05-12 00:00:00",59362,
"2021-05-13 00:00:00",57524,
"2021-05-14 00:00:00",56066,
"2021-05-15 00:00:00",59138,
"2021-05-16 00:00:00",60288,
"2021-05-17 00:00:00",53063,
"2021-05-18 00:00:00",49719,
"2021-05-19 00:00:00",47116,
"2021-05-20 00:00:00",45232,
"2021-05-21 00:00:00",44111,
"2021-05-22 00:00:00",46055,
"2021-05-23 00:00:00",47128,
"2021-05-24 00:00:00",41487,
"2021-05-25 00:00:00",38865,
"2021-05-26 00:00:00",36402,
"2021-05-27 00:00:00",34472,
"2021-05-28 00:00:00",33417,
"2021-05-29 00:00:00",34061,
"2021-05-30 00:00:00",34497,
"2021-05-31 00:00:00",31688,
"2021-06-01 00:00:00",28019,
"2021-06-02 00:00:00",26197,
"2021-06-03 00:00:00",25908,
"2021-06-04 00:00:00",24896,
"2021-06-05 00:00:00",26287,
"2021-06-06 00:00:00",27161,
"2021-06-07 00:00:00",23022,
"2021-06-08 00:00:00",21990,
"2021-06-09 00:00:00",20276,
"2021-06-10 00:00:00",19335,
"2021-06-11 00:00:00",18437,
"2021-06-12 00:00:00",22307,
"2021-06-13 00:00:00",22034,
"2021-06-14 00:00:00",18972,
"2021-06-15 00:00:00",18135,
"2021-06-16 00:00:00",17219,
"2021-06-17 00:00:00",16304,
"2021-06-18 00:00:00",15762,
"2021-06-19 00:00:00",16663,
"2021-06-20 00:00:00",17194,
"2021-06-21 00:00:00",15117,
"2021-06-22 00:00:00",13932,
"2021-06-23 00:00:00",12957,
"2021-06-24 00:00:00",12696,
"2021-06-25 00:00:00",12043,
"2021-06-26 00:00:00",12905,
"2021-06-27 00:00:00",13443,
"2021-06-28 00:00:00",11509,
"2021-06-29 00:00:00",11322,
"2021-06-30 00:00:00",10544,
"2021-07-01 00:00:00",10259,
"2021-07-02 00:00:00",9963,
"2021-07-03 00:00:00",10740,
"2021-07-04 00:00:00",11323,
"2021-07-05 00:00:00",10449,
"2021-07-06 00:00:00",9472,
"2021-07-07 00:00:00",8961,
"2021-07-08 00:00:00",8781,
"2021-07-09 00:00:00",8536,
"2021-07-10 00:00:00",9048,
"2021-07-11 00:00:00",9500,
"2021-07-12 00:00:00",8421,
"2021-07-13 00:00:00",8115,
"2021-07-14 00:00:00",7889,
"2021-07-15 00:00:00",12699,
"2021-07-16 00:00:00",10244,
"2021-07-17 00:00:00",10275,
"2021-07-18 00:00:00",10665,
"2021-07-19 00:00:00",8577,
"2021-07-20 00:00:00",8337,
"2021-07-21 00:00:00",8074,
"2021-07-22 00:00:00",8810,
"2021-07-23 00:00:00",116240,
"2021-07-24 00:00:00",91682,
"2021-07-25 00:00:00",88150,
"2021-07-26 00:00:00",75930,
"2021-07-27 00:00:00",69954,
"2021-07-28 00:00:00",66811,
"2021-07-29 00:00:00",62981,
"2021-07-30 00:00:00",60471,
"2021-07-31 00:00:00",62594,
"2021-08-01 00:00:00",64779,
"2021-08-02 00:00:00",58314,
"2021-08-03 00:00:00",54239,
"2021-08-04 00:00:00",51117,
"2021-08-05 00:00:00",49849,
"2021-08-06 00:00:00",48162,
"2021-08-07 00:00:00",50824,
"2021-08-08 00:00:00",52553,
"2021-08-09 00:00:00",47306,
"2021-08-10 00:00:00",45158,
"2021-08-11 00:00:00",43178,
"2021-08-12 00:00:00",41931,
"2021-08-13 00:00:00",39043,
"2021-08-14 00:00:00",41078,
"2021-08-15 00:00:00",43398,
"2021-08-16 00:00:00",39982,
"2021-08-17 00:00:00",38954,
"2021-08-18 00:00:00",37749,
"2021-08-19 00:00:00",37035,
"2021-08-20 00:00:00",36086,
"2021-08-21 00:00:00",37918,
"2021-08-22 00:00:00",39877,
"2021-08-23 00:00:00",35586,
"2021-08-24 00:00:00",33844,
"2021-08-25 00:00:00",32184,
"2021-08-26 00:00:00",31791,
"2021-08-27 00:00:00",31083,
"2021-08-28 00:00:00",33217,
"2021-08-29 00:00:00",34840,
"2021-08-30 00:00:00",30913,
"2021-08-31 00:00:00",29319,
"2021-09-01 00:00:00",27831,
"2021-09-02 00:00:00",26769,
"2021-09-03 00:00:00",26249,
"2021-09-04 00:00:00",27396,
"2021-09-05 00:00:00",28398,
"2021-09-06 00:00:00",27960,
"2021-09-07 00:00:00",24296,
"2021-09-08 00:00:00",22399,
"2021-09-09 00:00:00",21384,
"2021-09-10 00:00:00",20595,
"2021-09-11 00:00:00",23980,
"2021-09-12 00:00:00",24840,
"2021-09-13 00:00:00",21540,
"2021-09-14 00:00:00",20539,
"2021-09-15 00:00:00",19863,
"2021-09-16 00:00:00",19362,
"2021-09-17 00:00:00",19031,
"2021-09-18 00:00:00",20129,
"2021-09-19 00:00:00",21046,
"2021-09-20 00:00:00",18178,
"2021-09-21 00:00:00",17296,
"2021-09-22 00:00:00",16417,
"2021-09-23 00:00:00",14784,
"2021-09-24 00:00:00",14690,
"2021-09-25 00:00:00",15813,
"2021-09-26 00:00:00",16490,
"2021-09-27 00:00:00",14075,
"2021-09-28 00:00:00",13071,
"2021-09-29 00:00:00",12608,
"2021-09-30 00:00:00",12225,
"2021-10-01 00:00:00",11804,
"2021-10-02 00:00:00",12912,
"2021-10-03 00:00:00",13060,
"2021-10-04 00:00:00",11232,
"2021-10-05 00:00:00",10821,
"2021-10-06 00:00:00",10020,
"2021-10-07 00:00:00",9384,
"2021-10-08 00:00:00",9243,
"2021-10-09 00:00:00",10130,
"2021-10-10 00:00:00",10574,
"2021-10-11 00:00:00",9076,
"2021-10-12 00:00:00",8524,
"2021-10-13 00:00:00",8092,
"2021-10-14 00:00:00",9383,
"2021-10-15 00:00:00",9150,
"2021-10-16 00:00:00",10262,
"2021-10-17 00:00:00",10579,
"2021-10-18 00:00:00",8845,
"2021-10-19 00:00:00",9014,
"2021-10-20 00:00:00",9011,
"2021-10-21 00:00:00",9638,
"2021-10-22 00:00:00",150485,
"2021-10-23 00:00:00",120812,
"2021-10-24 00:00:00",119187,
"2021-10-25 00:00:00",101588,
"2021-10-26 00:00:00",94264,
"2021-10-27 00:00:00",87922,
"2021-10-28 00:00:00",83761,
"2021-10-29 00:00:00",84025,
"2021-10-30 00:00:00",86675,
"2021-10-31 00:00:00",86471,
"2021-11-01 00:00:00",77830,
"2021-11-02 00:00:00",75519,
"2021-11-03 00:00:00",70245,
"2021-11-04 00:00:00",64571,
"2021-11-05 00:00:00",62768,
"2021-11-06 00:00:00",66001,
"2021-11-07 00:00:00",66658,
"2021-11-08 00:00:00",57868,
"2021-11-09 00:00:00",55316,
"2021-11-10 00:00:00",53264,
"2021-11-11 00:00:00",54626,
"2021-11-12 00:00:00",52255,
"2021-11-13 00:00:00",55445,
"2021-11-14 00:00:00",57109,
"2021-11-15 00:00:00",50723,
"2021-11-16 00:00:00",47978,
"2021-11-17 00:00:00",46487,
"2021-11-18 00:00:00",44926,
"2021-11-19 00:00:00",44435,
"2021-11-20 00:00:00",46912,
"2021-11-21 00:00:00",47950,
"2021-11-22 00:00:00",42283,
"2021-11-23 00:00:00",40775,
"2021-11-24 00:00:00",39157,
"2021-11-25 00:00:00",37624,
"2021-11-26 00:00:00",39119,
"2021-11-27 00:00:00",39574,
"2021-11-28 00:00:00",39995,
"2021-11-29 00:00:00",34687,
"2021-11-30 00:00:00",32685,
"2021-12-01 00:00:00",31124,
"2021-12-02 00:00:00",29580,
"2021-12-03 00:00:00",46025,
"2021-12-04 00:00:00",40689,
"2021-12-05 00:00:00",37145,
"2021-12-06 00:00:00",30662,
"2021-12-07 00:00:00",27706,
"2021-12-08 00:00:00",25637,
"2021-12-09 00:00:00",23639,
"2021-12-10 00:00:00",28201,
"2021-12-11 00:00:00",25570,
"2021-12-12 00:00:00",24832,
"2021-12-13 00:00:00",21102,
"2021-12-14 00:00:00",19692,
"2021-12-15 00:00:00",18178,
"2021-12-16 00:00:00",17247,
"2021-12-17 00:00:00",29069,
"2021-12-18 00:00:00",23504,
"2021-12-19 00:00:00",21645,
"2021-12-20 00:00:00",18734,
"2021-12-21 00:00:00",17118,
"2021-12-22 00:00:00",15814,
"2021-12-23 00:00:00",15167,
"2021-12-24 00:00:00",24898,
"2021-12-25 00:00:00",22534,
"2021-12-26 00:00:00",21593,
"2021-12-27 00:00:00",19352,
"2021-12-28 00:00:00",17509,
"2021-12-29 00:00:00",16170,
"2021-12-30 00:00:00",15398,
"2021-12-31 00:00:00",18315,
"2022-01-01 00:00:00",19481,
"2022-01-02 00:00:00",18149,
"2022-01-03 00:00:00",15741,
"2022-01-04 00:00:00",14154,
"2022-01-05 00:00:00",13354,
"2022-01-06 00:00:00",12869,
"2022-01-07 00:00:00",12759,
"2022-01-08 00:00:00",13786,
"2022-01-09 00:00:00",13498,
"2022-01-10 00:00:00",11267,
"2022-01-11 00:00:00",11231,
"2022-01-12 00:00:00",10440,
"2022-01-13 00:00:00",10350,
"2022-01-14 00:00:00",10372,
"2022-01-15 00:00:00",11567,
"2022-01-16 00:00:00",11537,
"2022-01-17 00:00:00",10521,
"2022-01-18 00:00:00",9554,
"2022-01-19 00:00:00",9079,
"2022-01-20 00:00:00",9062,
"2022-01-21 00:00:00",9210,
"2022-01-22 00:00:00",10443,
"2022-01-23 00:00:00",10569,
"2022-01-24 00:00:00",8892,
"2022-01-25 00:00:00",8452,
"2022-01-26 00:00:00",8273,
"2022-01-27 00:00:00",8824,
"2022-01-28 00:00:00",9754,
"2022-01-29 00:00:00",11766,
"2022-01-30 00:00:00",12866,
"2022-01-31 00:00:00",11169,
"2022-02-01 00:00:00",11057,
"2022-02-02 00:00:00",11498,
"2022-02-03 00:00:00",12154,
"2022-02-04 00:00:00",158882,
"2022-02-05 00:00:00",131261,
"2022-02-06 00:00:00",130583,
"2022-02-07 00:00:00",111075,
"2022-02-08 00:00:00",96809,
"2022-02-09 00:00:00",90431,
"2022-02-10 00:00:00",86800,
"2022-02-11 00:00:00",87597,
"2022-02-12 00:00:00",82701,
"2022-02-13 00:00:00",83909,
"2022-02-14 00:00:00",70817,
"2022-02-15 00:00:00",70724,
"2022-02-16 00:00:00",67513,
"2022-02-17 00:00:00",64889,
"2022-02-18 00:00:00",66540,
"2022-02-19 00:00:00",69724,
"2022-02-20 00:00:00",70081,
"2022-02-21 00:00:00",63991,
"2022-02-22 00:00:00",59104,
"2022-02-23 00:00:00",55389,
"2022-02-24 00:00:00",50613,
"2022-02-25 00:00:00",46722,
"2022-02-26 00:00:00",48902,
"2022-02-27 00:00:00",49440,
"2022-02-28 00:00:00",42876,
"2022-03-01 00:00:00",40818,
"2022-03-02 00:00:00",38442,
"2022-03-03 00:00:00",37052,
"2022-03-04 00:00:00",37184,
"2022-03-05 00:00:00",39636,
"2022-03-06 00:00:00",40481,
"2022-03-07 00:00:00",36003,
"2022-03-08 00:00:00",33729,
"2022-03-09 00:00:00",33154,
"2022-03-10 00:00:00",32063,
"2022-03-11 00:00:00",32327,
"2022-03-12 00:00:00",35153,
"2022-03-13 00:00:00",35348,
"2022-03-14 00:00:00",30493,
"2022-03-15 00:00:00",29197,
"2022-03-16 00:00:00",28060,
"2022-03-17 00:00:00",27109,
"2022-03-18 00:00:00",27105,
"2022-03-19 00:00:00",29292,
"2022-03-20 00:00:00",29496,
"2022-03-21 00:00:00",25122,
"2022-03-22 00:00:00",24164,
"2022-03-23 00:00:00",23319,
"2022-03-24 00:00:00",22287,
"2022-03-25 00:00:00",21933,
"2022-03-26 00:00:00",23598,
"2022-03-27 00:00:00",24022,
"2022-03-28 00:00:00",20658,
"2022-03-29 00:00:00",20200,
"2022-03-30 00:00:00",19421,
"2022-03-31 00:00:00",18564,
"2022-04-01 00:00:00",21118,
"2022-04-02 00:00:00",20895,
"2022-04-03 00:00:00",21475,
"2022-04-04 00:00:00",18018,
"2022-04-05 00:00:00",17550,
"2022-04-06 00:00:00",16477,
"2022-04-07 00:00:00",16300,
"2022-04-08 00:00:00",16135,
"2022-04-09 00:00:00",17429,
"2022-04-10 00:00:00",17648,
"2022-04-11 00:00:00",15006,
"2022-04-12 00:00:00",14320,
"2022-04-13 00:00:00",13329,
"2022-04-14 00:00:00",13297,
"2022-04-15 00:00:00",13372,
"2022-04-16 00:00:00",13475,
"2022-04-17 00:00:00",13220,
"2022-04-18 00:00:00",12228,
"2022-04-19 00:00:00",11147,
"2022-04-20 00:00:00",10793,
"2022-04-21 00:00:00",10467,
"2022-04-22 00:00:00",10701,
"2022-04-23 00:00:00",11515,
"2022-04-24 00:00:00",11550,
"2022-04-25 00:00:00",9946,
"2022-04-26 00:00:00",9410,
"2022-04-27 00:00:00",9134,
"2022-04-28 00:00:00",8575,
"2022-04-29 00:00:00",8487,
"2022-04-30 00:00:00",9141,
"2022-05-01 00:00:00",9533,
"2022-05-02 00:00:00",8348,
"2022-05-03 00:00:00",7963,
"2022-05-04 00:00:00",7810,
"2022-05-05 00:00:00",8369,
"2022-05-06 00:00:00",9668,
"2022-05-07 00:00:00",11167,
"2022-05-08 00:00:00",11934,
"2022-05-09 00:00:00",10973,
"2022-05-10 00:00:00",10826,
"2022-05-11 00:00:00",10869,
"2022-05-12 00:00:00",10617,
"2022-05-13 00:00:00",131010,
"2022-05-14 00:00:00",102696,
"2022-05-15 00:00:00",105096,
"2022-05-16 00:00:00",91485,
"2022-05-17 00:00:00",85940,
"2022-05-18 00:00:00",81371,
"2022-05-19 00:00:00",77387,
"2022-05-20 00:00:00",75485,
"2022-05-21 00:00:00",77726,
"2022-05-22 00:00:00",79191,
"2022-05-23 00:00:00",72280,
"2022-05-24 00:00:00",67717,
"2022-05-25 00:00:00",64311,
"2022-05-26 00:00:00",61028,
"2022-05-27 00:00:00",61594,
"2022-05-28 00:00:00",63060,
"2022-05-29 00:00:00",65203,
"2022-05-30 00:00:00",62700,
"2022-05-31 00:00:00",56820,
"2022-06-01 00:00:00",53525,
"2022-06-02 00:00:00",50016,
"2022-06-03 00:00:00",49483,
"2022-06-04 00:00:00",52591,
"2022-06-05 00:00:00",55119,
"2022-06-06 00:00:00",49070,
"2022-06-07 00:00:00",47499,
"2022-06-08 00:00:00",44613,
"2022-06-09 00:00:00",42565,
"2022-06-10 00:00:00",42224,
"2022-06-11 00:00:00",44405,
"2022-06-12 00:00:00",45494,
"2022-06-13 00:00:00",41599,
"2022-06-14 00:00:00",40007,
"2022-06-15 00:00:00",38371,
"2022-06-16 00:00:00",38533,
"2022-06-17 00:00:00",37635,
"2022-06-18 00:00:00",39492,
"2022-06-19 00:00:00",40303,
"2022-06-20 00:00:00",37857,
"2022-06-21 00:00:00",35159,
"2022-06-22 00:00:00",33395,
"2022-06-23 00:00:00",31173,
"2022-06-24 00:00:00",30075,
"2022-06-25 00:00:00",31513,
"2022-06-26 00:00:00",32515,
"2022-06-27 00:00:00",29125,
"2022-06-28 00:00:00",27534,
"2022-06-29 00:00:00",25695,
"2022-06-30 00:00:00",23783,
"2022-07-01 00:00:00",23776,
"2022-07-02 00:00:00",24341,
"2022-07-03 00:00:00",25437,
"2022-07-04 00:00:00",24631,
"2022-07-05 00:00:00",21985,
"2022-07-06 00:00:00",20999,
"2022-07-07 00:00:00",19749,
"2022-07-08 00:00:00",19106,
"2022-07-09 00:00:00",20327,
"2022-07-10 00:00:00",21095,
"2022-07-11 00:00:00",18377,
"2022-07-12 00:00:00",17110,
"2022-07-13 00:00:00",16389,
"2022-07-14 00:00:00",15935,
"2022-07-15 00:00:00",18029,
"2022-07-16 00:00:00",18416,
"2022-07-17 00:00:00",18994,
"2022-07-18 00:00:00",16004,
"2022-07-19 00:00:00",15058,
"2022-07-20 00:00:00",14252,
"2022-07-21 00:00:00",13660,
"2022-07-22 00:00:00",13510,
"2022-07-23 00:00:00",14217,
"2022-07-24 00:00:00",14728,
"2022-07-25 00:00:00",12664,
"2022-07-26 00:00:00",12228,
"2022-07-27 00:00:00",11764,
"2022-07-28 00:00:00",11071,
"2022-07-29 00:00:00",11088,
"2022-07-30 00:00:00",12043,
"2022-07-31 00:00:00",11994,
"2022-08-01 00:00:00",10594,
"2022-08-02 00:00:00",10023,
"2022-08-03 00:00:00",9432,
"2022-08-04 00:00:00",9009,
"2022-08-05 00:00:00",9022,
"2022-08-06 00:00:00",9730,
"2022-08-07 00:00:00",10245,
"2022-08-08 00:00:00",9113,
"2022-08-09 00:00:00",8462,
"2022-08-10 00:00:00",8179,
"2022-08-11 00:00:00",8522,
"2022-08-12 00:00:00",9594,
"2022-08-13 00:00:00",10748,
"2022-08-14 00:00:00",11770,
"2022-08-15 00:00:00",10823,
"2022-08-16 00:00:00",10634,
"2022-08-17 00:00:00",11169,
"2022-08-18 00:00:00",11587,
"2022-08-19 00:00:00",152033,
"2022-08-20 00:00:00",118772,
"2022-08-21 00:00:00",119060,
"2022-08-22 00:00:00",95984,
"2022-08-23 00:00:00",83394,
"2022-08-24 00:00:00",77859,
"2022-08-25 00:00:00",76416,
"2022-08-26 00:00:00",72731,
"2022-08-27 00:00:00",74298,
"2022-08-28 00:00:00",76428,
"2022-08-29 00:00:00",68332,
"2022-08-30 00:00:00",64428,
"2022-08-31 00:00:00",60742,
"2022-09-01 00:00:00",58824,
"2022-09-02 00:00:00",56710,
"2022-09-03 00:00:00",59233,
"2022-09-04 00:00:00",61378,
"2022-09-05 00:00:00",59779,
"2022-09-06 00:00:00",51272,
"2022-09-07 00:00:00",50656,
"2022-09-08 00:00:00",47687,
"2022-09-09 00:00:00",47136,
"2022-09-10 00:00:00",50209,
"2022-09-11 00:00:00",51485,
"2022-09-12 00:00:00",44171,
"2022-09-13 00:00:00",42456,
"2022-09-14 00:00:00",41315,
"2022-09-15 00:00:00",39610,
"2022-09-16 00:00:00",39552,
"2022-09-17 00:00:00",42009,
"2022-09-18 00:00:00",43067,
"2022-09-19 00:00:00",38123,
"2022-09-20 00:00:00",35833,
"2022-09-21 00:00:00",33663,
"2022-09-22 00:00:00",32713,
"2022-09-23 00:00:00",31877,22558
"2022-09-24 00:00:00",34380,25775
"2022-09-25 00:00:00",35599,26128
"2022-09-26 00:00:00",30702,20654
"2022-09-27 00:00:00",28582,19462
"2022-09-28 00:00:00",27591,18684
"2022-09-29 00:00:00",26268,17886
"2022-09-30 00:00:00",25327,18041
"2022-10-01 00:00:00",27874,20634
"2022-10-02 00:00:00",28145,20915
"2022-10-03 00:00:00",23930,16578
"2022-10-04 00:00:00",22364,15228
"2022-10-05 00:00:00",21040,14371
"2022-10-06 00:00:00",20150,13724
"2022-10-07 00:00:00",19425,13683
"2022-10-08 00:00:00",20594,15463
"2022-10-09 00:00:00",21250,15738
"2022-10-10 00:00:00",19178,12736
"2022-10-11 00:00:00",17312,11782
"2022-10-12 00:00:00",16543,11225
"2022-10-13 00:00:00",15892,10787
"2022-10-14 00:00:00",15477,11020
"2022-10-15 00:00:00",16911,12671
"2022-10-16 00:00:00",17142,12764
"2022-10-17 00:00:00",14806,10005
"2022-10-18 00:00:00",14169,9519
"2022-10-19 00:00:00",13235,9073
"2022-10-20 00:00:00",12716,8804
"2022-10-21 00:00:00",12862,9032
"2022-10-22 00:00:00",13882,10368
"2022-10-23 00:00:00",14602,10660
"2022-10-24 00:00:00",12481,8488
"2022-10-25 00:00:00",11695,7994
"2022-10-26 00:00:00",11093,7691
"2022-10-27 00:00:00",10727,7323
"2022-10-28 00:00:00",10576,7444
"2022-10-29 00:00:00",11439,8510
"2022-10-30 00:00:00",11709,8713
"2022-10-31 00:00:00",9834,7085
"2022-11-01 00:00:00",9849,7007
"2022-11-02 00:00:00",9529,6350
"2022-11-03 00:00:00",9163,6351
"2022-11-04 00:00:00",20457,8467
"2022-11-05 00:00:00",17205,13143
"2022-11-06 00:00:00",15977,12038
"2022-11-07 00:00:00",12729,8806
"2022-11-08 00:00:00",11426,7969
"2022-11-09 00:00:00",10651,7422
"2022-11-10 00:00:00",9915,7046
"2022-11-11 00:00:00",10407,7319
"2022-11-12 00:00:00",10718,8069
"2022-11-13 00:00:00",10762,8074
"2022-11-14 00:00:00",22342,8337
"2022-11-15 00:00:00",15959,11303
"2022-11-16 00:00:00",12118,8661
"2022-11-17 00:00:00",10876,7662
"2022-11-18 00:00:00",9996,7176
"2022-11-19 00:00:00",10513,7999
"2022-11-20 00:00:00",10082,7674
"2022-11-21 00:00:00",13459,6447
"2022-11-22 00:00:00",11049,7754
"2022-11-23 00:00:00",9736,6866
"2022-11-24 00:00:00",8988,6171
"2022-11-25 00:00:00",9014,6275
"2022-11-26 00:00:00",9247,7031
"2022-11-27 00:00:00",9542,6903
"2022-11-28 00:00:00",7888,5221
"2022-11-29 00:00:00",6730,4725
"2022-11-30 00:00:00",6509,4589
"2022-12-01 00:00:00",7243,4496
"2022-12-02 00:00:00",8049,5573
"2022-12-03 00:00:00",9572,7039
"2022-12-04 00:00:00",10825,7808
"2022-12-05 00:00:00",9324,6496
"2022-12-06 00:00:00",9473,6336
"2022-12-07 00:00:00",9457,6612
"2022-12-08 00:00:00",9519,6685
"2022-12-09 00:00:00",127944,32815
"2022-12-10 00:00:00",102017,82880
"2022-12-11 00:00:00",103713,77867
"2022-12-12 00:00:00",88431,62382
"2022-12-13 00:00:00",83749,58117
"2022-12-14 00:00:00",75446,53782
"2022-12-15 00:00:00",74684,52156
"2022-12-16 00:00:00",74297,52669
"2022-12-17 00:00:00",78432,59039
"2022-12-18 00:00:00",79298,59112
"2022-12-19 00:00:00",71605,49193
"2022-12-20 00:00:00",69608,47850
"2022-12-21 00:00:00",67057,46818
"2022-12-22 00:00:00",67243,47868
"2022-12-23 00:00:00",66804,48502
"2022-12-24 00:00:00",56102,46559
"2022-12-25 00:00:00",62020,46557
"2022-12-26 00:00:00",65956,47883
"2022-12-27 00:00:00",64718,47047
"2022-12-28 00:00:00",61260,45621
"2022-12-29 00:00:00",60903,44662
"2022-12-30 00:00:00",60615,44917
"2022-12-31 00:00:00",50637,41134
"2023-01-01 00:00:00",60980,42667
"2023-01-02 00:00:00",61692,44771
"2023-01-03 00:00:00",55568,40853
"2023-01-04 00:00:00",54347,39456
"2023-01-05 00:00:00",52959,38344
"2023-01-06 00:00:00",54373,40073
"2023-01-07 00:00:00",57564,43474
"2023-01-08 00:00:00",58320,43780
"2023-01-09 00:00:00",50582,35359
"2023-01-10 00:00:00",49433,34300
"2023-01-11 00:00:00",49142,34758
"2023-01-12 00:00:00",47773,33768
"2023-01-13 00:00:00",48871,35172
"2023-01-14 00:00:00",53530,40807
"2023-01-15 00:00:00",54420,42381
"2023-01-16 00:00:00",50789,36765
"2023-01-17 00:00:00",46523,34239
"2023-01-18 00:00:00",45071,33347
"2023-01-19 00:00:00",44471,33006
"2023-01-20 00:00:00",44371,33700
"2023-01-21 00:00:00",47210,37436
"2023-01-22 00:00:00",47607,37601
"2023-01-23 00:00:00",41930,31246
"2023-01-24 00:00:00",40164,29849
"2023-01-25 00:00:00",38173,28700
"2023-01-26 00:00:00",37644,28182
"2023-01-27 00:00:00",37061,28588
"2023-01-28 00:00:00",39998,31965
"2023-01-29 00:00:00",40408,32217
"2023-01-30 00:00:00",35559,26924
"2023-01-31 00:00:00",34280,25799
"2023-02-01 00:00:00",32744,24261
"2023-02-02 00:00:00",31943,24094
"2023-02-03 00:00:00",32579,25115
"2023-02-04 00:00:00",35068,28047
"2023-02-05 00:00:00",35339,28418
"2023-02-06 00:00:00",30460,23509
"2023-02-07 00:00:00",29016,22309
"2023-02-08 00:00:00",27605,21504
"2023-02-09 00:00:00",26788,20963
"2023-02-10 00:00:00",30255,21456
"2023-02-11 00:00:00",30708,24914
"2023-02-12 00:00:00",30915,24892
"2023-02-13 00:00:00",26968,20635
"2023-02-14 00:00:00",25030,19458
"2023-02-15 00:00:00",24973,19134
"2023-02-16 00:00:00",24625,19102
"2023-02-17 00:00:00",25128,19603
"2023-02-18 00:00:00",26563,21593
"2023-02-19 00:00:00",26967,21970
"2023-02-20 00:00:00",24652,19047
"2023-02-21 00:00:00",23401,18040
"2023-02-22 00:00:00",23224,18040
"2023-02-23 00:00:00",22085,18165
"2023-02-24 00:00:00",21709,17843
"2023-02-25 00:00:00",22788,18976
"2023-02-26 00:00:00",23041,19066
"2023-02-27 00:00:00",20164,16192
"2023-02-28 00:00:00",19585,15589
"2023-03-01 00:00:00",18890,15250
"2023-03-02 00:00:00",18781,15116
"2023-03-03 00:00:00",18748,15264
"2023-03-04 00:00:00",20298,16898
"2023-03-05 00:00:00",20790,17186
"2023-03-06 00:00:00",18425,14863
"2023-03-07 00:00:00",17950,14153
"2023-03-08 00:00:00",20655,14962
"2023-03-09 00:00:00",19637,16178
"2023-03-10 00:00:00",19285,15620
"2023-03-11 00:00:00",20396,17030
"2023-03-12 00:00:00",20606,17144
"2023-03-13 00:00:00",18196,14512
"2023-03-14 00:00:00",17629,13874
"2023-03-15 00:00:00",17024,13753
"2023-03-16 00:00:00",16522,13450
"2023-03-17 00:00:00",16034,13314
"2023-03-18 00:00:00",17666,14657
"2023-03-19 00:00:00",18852,15536
"2023-03-20 00:00:00",17929,14146
"2023-03-21 00:00:00",18357,14658
"2023-03-22 00:00:00",18302,14609
"2023-03-23 00:00:00",17744,14144
"2023-03-24 00:00:00",15244,12894
"2023-03-25 00:00:00",16918,13790
"2023-03-26 00:00:00",18755,14959
"2023-03-27 00:00:00",17974,13760
"2023-03-28 00:00:00",18623,14171
"2023-03-29 00:00:00",16053,11634
"2023-03-30 00:00:00",15153,10284
"2023-03-31 00:00:00",17060,11604
"2023-04-01 00:00:00",21223,15350
"2023-04-02 00:00:00",26139,20615
"2023-04-03 00:00:00",23051,17276
"2023-04-04 00:00:00",22413,16445
"2023-04-05 00:00:00",21503,16511
"2023-04-06 00:00:00",22270,16993
"2023-04-07 00:00:00",211637,54197
"2023-04-08 00:00:00",167375,136038
"2023-04-09 00:00:00",159238,122916
"2023-04-10 00:00:00",145866,109596
"2023-04-11 00:00:00",135548,94793
"2023-04-12 00:00:00",128246,89935
"2023-04-13 00:00:00",124079,86132
"2023-04-14 00:00:00",123962,89305
"2023-04-15 00:00:00",131724,100224
"2023-04-16 00:00:00",132894,100089
"2023-04-17 00:00:00",116283,80468
"2023-04-18 00:00:00",110730,76724
"2023-04-19 00:00:00",106122,73449
"2023-04-20 00:00:00",103461,71947
"2023-04-21 00:00:00",102071,72267
"2023-04-22 00:00:00",107525,81119
"2023-04-23 00:00:00",110542,82338
"2023-04-24 00:00:00",95811,66622
"2023-04-25 00:00:00",91073,63740
"2023-04-26 00:00:00",85021,59521
"2023-04-27 00:00:00",82160,57580
"2023-04-28 00:00:00",80776,57898
"2023-04-29 00:00:00",84955,64420
"2023-04-30 00:00:00",86369,65512
"2023-05-01 00:00:00",79314,60368
"2023-05-02 00:00:00",72852,50472
"2023-05-03 00:00:00",69654,48305
"2023-05-04 00:00:00",67998,46841
"2023-05-05 00:00:00",66977,48729
"2023-05-06 00:00:00",71072,54484
"2023-05-07 00:00:00",72546,55031
"2023-05-08 00:00:00",63725,46265
"2023-05-09 00:00:00",59548,42608
"2023-05-10 00:00:00",55925,39098
"2023-05-11 00:00:00",53599,38139
"2023-05-12 00:00:00",51370,37220
"2023-05-13 00:00:00",51030,39696
"2023-05-14 00:00:00",51986,39948
"2023-05-15 00:00:00",48292,31652
"2023-05-16 00:00:00",47114,33171
"2023-05-17 00:00:00",44467,32436
"2023-05-18 00:00:00",43564,32666
"2023-05-19 00:00:00",42917,32099
"2023-05-20 00:00:00",44850,35010
"2023-05-21 00:00:00",45245,34994
"2023-05-22 00:00:00",40314,28873
"2023-05-23 00:00:00",38073,27375
"2023-05-24 00:00:00",36193,26335
"2023-05-25 00:00:00",34506,25563
"2023-05-26 00:00:00",33869,25600
"2023-05-27 00:00:00",35337,28317
"2023-05-28 00:00:00",36350,28805
"2023-05-29 00:00:00",34532,25827
"2023-05-30 00:00:00",30795,22706
"2023-05-31 00:00:00",29426,21827
"2023-06-01 00:00:00",27347,20791
"2023-06-02 00:00:00",24811,19223
"2023-06-03 00:00:00",26048,20687
"2023-06-04 00:00:00",27340,21385
"2023-06-05 00:00:00",24126,18200
"2023-06-06 00:00:00",23139,17153
"2023-06-07 00:00:00",22426,16905
"2023-06-08 00:00:00",23062,17505
"2023-06-09 00:00:00",22773,17450
"2023-06-10 00:00:00",24034,19177
"2023-06-11 00:00:00",25168,19919
"2023-06-12 00:00:00",22946,17550
"2023-06-13 00:00:00",22286,16477
"2023-06-14 00:00:00",21116,16109
"2023-06-15 00:00:00",19275,14287
"2023-06-16 00:00:00",20692,15980
"2023-06-17 00:00:00",21870,17685
"2023-06-18 00:00:00",22729,18169
"2023-06-19 00:00:00",21377,15881
"2023-06-20 00:00:00",20316,15312
"2023-06-21 00:00:00",19526,15038
"2023-06-22 00:00:00",18857,14790
"2023-06-23 00:00:00",18711,14857
"2023-06-24 00:00:00",19826,16181
"2023-06-25 00:00:00",20925,17008
"2023-06-26 00:00:00",19319,15006
"2023-06-27 00:00:00",19082,14837
"2023-06-28 00:00:00",18417,14562
"2023-06-29 00:00:00",17781,14232
"2023-06-30 00:00:00",17957,14314
"2023-07-01 00:00:00",19066,15826
"2023-07-02 00:00:00",19447,15938
"2023-07-03 00:00:00",18143,14269
"2023-07-04 00:00:00",17708,14028
"2023-07-05 00:00:00",16753,13450
"2023-07-06 00:00:00",16231,13232
"2023-07-07 00:00:00",16113,13211
"2023-07-08 00:00:00",16989,14276
"2023-07-09 00:00:00",17634,14665
"2023-07-10 00:00:00",15863,12914
"2023-07-11 00:00:00",15396,12601
"2023-07-12 00:00:00",15551,12523
"2023-07-13 00:00:00",15332,12383
"2023-07-14 00:00:00",15302,12452
"2023-07-15 00:00:00",16579,13726
"2023-07-16 00:00:00",17041,14312
"2023-07-17 00:00:00",15415,12645
"2023-07-18 00:00:00",15240,12228
"2023-07-19 00:00:00",15235,12181
"2023-07-20 00:00:00",14503,12103
"2023-07-21 00:00:00",14641,12075
"2023-07-22 00:00:00",15481,13061
"2023-07-23 00:00:00",16066,13469
"2023-07-24 00:00:00",13854,11384
"2023-07-25 00:00:00",13943,11067
"2023-07-26 00:00:00",14239,11251
"2023-07-27 00:00:00",14245,11294
"2023-07-28 00:00:00",14493,11917
"2023-07-29 00:00:00",18384,14715
"2023-07-30 00:00:00",20273,16233
"2023-07-31 00:00:00",18640,14653
"2023-08-01 00:00:00",18577,14321
"2023-08-02 00:00:00",18318,14260
"2023-08-03 00:00:00",17080,13929
"2023-08-04 00:00:00",16755,13478
"2023-08-05 00:00:00",17727,14656
"2023-08-06 00:00:00",18469,15175
"2023-08-07 00:00:00",16764,13256
"2023-08-08 00:00:00",15713,12605
"2023-08-09 00:00:00",15560,12268
"2023-08-10 00:00:00",15007,12049
"2023-08-11 00:00:00",16214,12553
"2023-08-12 00:00:00",17831,14278
"2023-08-13 00:00:00",19743,15415
"2023-08-14 00:00:00",18112,14342
"2023-08-15 00:00:00",14855,11136
"2023-08-16 00:00:00",14502,10407
"2023-08-17 00:00:00",15199,10950
"2023-08-18 00:00:00",165823,42495
"2023-08-19 00:00:00",130895,108424
"2023-08-20 00:00:00",131887,100671
"2023-08-21 00:00:00",115273,82367
"2023-08-22 00:00:00",107560,76345
"2023-08-23 00:00:00",103619,73983
"2023-08-24 00:00:00",103318,73306
"2023-08-25 00:00:00",100153,72690
"2023-08-26 00:00:00",104362,79234
"2023-08-27 00:00:00",108672,81519
"2023-08-28 00:00:00",97918,68480
"2023-08-29 00:00:00",94053,64937
"2023-08-30 00:00:00",90726,63710
"2023-08-31 00:00:00",85772,61162
"2023-09-01 00:00:00",83699,60544
"2023-09-02 00:00:00",87110,66796
"2023-09-03 00:00:00",89839,67483
"2023-09-04 00:00:00",87527,58563
"2023-09-05 00:00:00",77727,53471
"2023-09-06 00:00:00",74229,51894
"2023-09-07 00:00:00",72674,50270
"2023-09-08 00:00:00",71935,52184
"2023-09-09 00:00:00",75360,58134
"2023-09-10 00:00:00",77727,59061
"2023-09-11 00:00:00",69692,48717
"2023-09-12 00:00:00",66647,46548
"2023-09-13 00:00:00",63907,45161
"2023-09-14 00:00:00",63933,44929
"2023-09-15 00:00:00",62896,45296
"2023-09-16 00:00:00",66383,50897
"2023-09-17 00:00:00",68198,51654
"2023-09-18 00:00:00",60042,42670
"2023-09-19 00:00:00",57970,40010
"2023-09-20 00:00:00",54486,39061
"2023-09-21 00:00:00",54988,39472
"2023-09-22 00:00:00",54692,40233
"2023-09-23 00:00:00",57764,45034
"2023-09-24 00:00:00",59247,45552
"2023-09-25 00:00:00",53268,37819
"2023-09-26 00:00:00",50260,35500
"2023-09-27 00:00:00",47243,33662
"2023-09-28 00:00:00",44998,32759
"2023-09-29 00:00:00",45669,33935
"2023-09-30 00:00:00",48735,38141
"2023-10-01 00:00:00",49194,38171
"2023-10-02 00:00:00",43593,30950
"2023-10-03 00:00:00",41987,30676
"2023-10-04 00:00:00",40635,29497
"2023-10-05 00:00:00",39611,28993
"2023-10-06 00:00:00",39186,29197
"2023-10-07 00:00:00",41426,32249
"2023-10-08 00:00:00",42026,32513
"2023-10-09 00:00:00",38525,27580
"2023-10-10 00:00:00",35431,25708
"2023-10-11 00:00:00",33856,24265
"2023-10-12 00:00:00",33220,23960
"2023-10-13 00:00:00",32161,23985
"2023-10-14 00:00:00",33920,26702
"2023-10-15 00:00:00",34053,26589
"2023-10-16 00:00:00",30279,21967
"2023-10-17 00:00:00",29056,20785
"2023-10-18 00:00:00",25787,18426
"2023-10-19 00:00:00",25085,18484
"2023-10-20 00:00:00",24443,18408
"2023-10-21 00:00:00",27048,20783
"2023-10-22 00:00:00",27640,21581
"2023-10-23 00:00:00",24266,18052
"2023-10-24 00:00:00",23358,17191
"2023-10-25 00:00:00",21852,15604
"2023-10-26 00:00:00",21438,16137
"2023-10-27 00:00:00",21530,16338
"2023-10-28 00:00:00",22619,17948
"2023-10-29 00:00:00",23026,18286
"2023-10-30 00:00:00",19942,15302
"2023-10-31 00:00:00",19095,14699
"2023-11-01 00:00:00",19153,14410
"2023-11-02 00:00:00",19092,14625
"2023-11-03 00:00:00",26165,15589
"2023-11-04 00:00:00",23899,19493
"2023-11-05 00:00:00",23007,18556
"2023-11-06 00:00:00",19575,15232
"2023-11-07 00:00:00",18348,13891
"2023-11-08 00:00:00",17193,12837
"2023-11-09 00:00:00",16596,12293
"2023-11-10 00:00:00",27481,13985
"2023-11-11 00:00:00",26158,21621
"2023-11-12 00:00:00",24655,19788
"2023-11-13 00:00:00",19986,15428
"2023-11-14 00:00:00",18005,13783
"2023-11-15 00:00:00",16422,12388
"2023-11-16 00:00:00",15516,11720
"2023-11-17 00:00:00",15847,9929
"2023-11-18 00:00:00",20118,14588
"2023-11-19 00:00:00",19169,15632
"2023-11-20 00:00:00",16405,12546
"2023-11-21 00:00:00",15207,11526
"2023-11-22 00:00:00",14152,11178
"2023-11-23 00:00:00",13950,10931
"2023-11-24 00:00:00",13719,10717
"2023-11-25 00:00:00",14028,11568
"2023-11-26 00:00:00",14492,11830
"2023-11-27 00:00:00",12591,9963
"2023-11-28 00:00:00",12513,9843
"2023-11-29 00:00:00",12169,9374
"2023-11-30 00:00:00",12500,9526
"2023-12-01 00:00:00",13253,10336
"2023-12-02 00:00:00",15270,11863
"2023-12-03 00:00:00",15809,12717
"2023-12-04 00:00:00",14920,11183
"2023-12-05 00:00:00",14557,10769
"2023-12-06 00:00:00",14786,11107
"2023-12-07 00:00:00",15089,11477
"2023-12-08 00:00:00",167593,47673
"2023-12-09 00:00:00",144193,116820
"2023-12-10 00:00:00",144326,109547
"2023-12-11 00:00:00",124599,88500
"2023-12-12 00:00:00",116564,81838
"2023-12-13 00:00:00",109595,77699
"2023-12-14 00:00:00",107407,74691
"2023-12-15 00:00:00",105807,75216
"2023-12-16 00:00:00",112531,84446
"2023-12-17 00:00:00",112172,84965
"2023-12-18 00:00:00",100689,71085
"2023-12-19 00:00:00",98225,68516
"2023-12-20 00:00:00",94538,66740
"2023-12-21 00:00:00",93849,67209
"2023-12-22 00:00:00",95209,68552
"2023-12-23 00:00:00",95605,72985
"2023-12-24 00:00:00",79813,66763
"2023-12-25 00:00:00",86987,63873
"2023-12-26 00:00:00",92577,67066
"2023-12-27 00:00:00",91613,67301
"2023-12-28 00:00:00",91306,67360
"2023-12-29 00:00:00",91279,67956
"2023-12-30 00:00:00",91676,69564
"2023-12-31 00:00:00",76590,62629
"2024-01-01 00:00:00",93689,65826
"2024-01-02 00:00:00",86377,64217
"2024-01-03 00:00:00",82750,60900
"2024-01-04 00:00:00",81525,59682
"2024-01-05 00:00:00",84329,61084
"2024-01-06 00:00:00",90059,67349
"2024-01-07 00:00:00",90141,67903
"2024-01-08 00:00:00",77175,55921
"2024-01-09 00:00:00",75023,52509
"2024-01-10 00:00:00",68052,49487
"2024-01-11 00:00:00",70871,49418
"2024-01-12 00:00:00",71111,51360
"2024-01-13 00:00:00",76567,58211
"2024-01-14 00:00:00",76242,58620
"2024-01-15 00:00:00",70493,48942
"2024-01-16 00:00:00",64550,44907
"2024-01-17 00:00:00",61271,43693
"2024-01-18 00:00:00",59268,42777
"2024-01-19 00:00:00",58717,42688
"2024-01-20 00:00:00",60404,45969
"2024-01-21 00:00:00",59094,45695
"2024-01-22 00:00:00",51021,36302
"2024-01-23 00:00:00",46516,33971
"2024-01-24 00:00:00",44714,31911
"2024-01-25 00:00:00",43288,31323
"2024-01-26 00:00:00",42865,31242
"2024-01-27 00:00:00",45308,35355
"2024-01-28 00:00:00",45020,35132
"2024-01-29 00:00:00",39196,28532
"2024-01-30 00:00:00",37619,27463
"2024-01-31 00:00:00",35764,25837
"2024-02-01 00:00:00",34389,25658
"2024-02-02 00:00:00",38162,26295
"2024-02-03 00:00:00",38363,30336
"2024-02-04 00:00:00",38693,30106
"2024-02-05 00:00:00",33090,24474
"2024-02-06 00:00:00",31205,22938
"2024-02-07 00:00:00",31427,22963
"2024-02-08 00:00:00",30588,23337
"2024-02-09 00:00:00",29979,23160
"2024-02-10 00:00:00",31899,25762
"2024-02-11 00:00:00",32224,25708
"2024-02-12 00:00:00",28455,21677
"2024-02-13 00:00:00",26608,20340
"2024-02-14 00:00:00",22076,16082
"2024-02-15 00:00:00",22237,16217
"2024-02-16 00:00:00",22666,17113
"2024-02-17 00:00:00",24797,19740
"2024-02-18 00:00:00",25001,19877
"2024-02-19 00:00:00",22113,16637
"2024-02-20 00:00:00",20449,15523
"2024-02-21 00:00:00",18223,14112
"2024-02-22 00:00:00",17940,13287
"2024-02-23 00:00:00",17440,13722
"2024-02-24 00:00:00",18230,14740
"2024-02-25 00:00:00",18758,15034
"2024-02-26 00:00:00",16144,12473
"2024-02-27 00:00:00",15723,12027
"2024-02-28 00:00:00",15293,11280
"2024-02-29 00:00:00",14601,11325
"2024-03-01 00:00:00",14999,11745
"2024-03-02 00:00:00",16142,13175
"2024-03-03 00:00:00",16512,13418
"2024-03-04 00:00:00",14524,11267
"2024-03-05 00:00:00",13783,10536
"2024-03-06 00:00:00",13120,9899
"2024-03-07 00:00:00",13546,10590
"2024-03-08 00:00:00",13517,10905
"2024-03-09 00:00:00",14862,12094
"2024-03-10 00:00:00",14910,12204
"2024-03-11 00:00:00",13461,9983
"2024-03-12 00:00:00",12306,9259
"2024-03-13 00:00:00",11926,8944
"2024-03-14 00:00:00",12005,8988
"2024-03-15 00:00:00",12178,9499
"2024-03-16 00:00:00",13133,10746
"2024-03-17 00:00:00",13574,10985
"2024-03-18 00:00:00",10054,7900
"2024-03-19 00:00:00",9710,6976
"2024-03-20 00:00:00",9021,6408
"2024-03-21 00:00:00",9988,6623
"2024-03-22 00:00:00",10746,7540
"2024-03-23 00:00:00",12778,9453
"2024-03-24 00:00:00",13806,10445
"2024-03-25 00:00:00",12502,8766
"2024-03-26 00:00:00",12339,8360
"2024-03-27 00:00:00",12739,8564
"2024-03-28 00:00:00",13262,9407
"2024-03-29 00:00:00",189712,50784
"2024-03-30 00:00:00",145146,114175
"2024-03-31 00:00:00",136379,102360
"2024-04-01 00:00:00",121974,89074
"2024-04-02 00:00:00",112555,76322
"2024-04-03 00:00:00",110093,73317
"2024-04-04 00:00:00",105777,72241
"2024-04-05 00:00:00",102667,71605
"2024-04-06 00:00:00",106477,78920
"2024-04-07 00:00:00",106926,78624
"2024-04-08 00:00:00",91475,61795
"2024-04-09 00:00:00",86280,57811
"2024-04-10 00:00:00",82654,55776
"2024-04-11 00:00:00",78851,52396
"2024-04-12 00:00:00",77521,53822
"2024-04-13 00:00:00",80635,60304
"2024-04-14 00:00:00",82238,60633
"2024-04-15 00:00:00",71075,47691
"2024-04-16 00:00:00",67767,45642
"2024-04-17 00:00:00",66338,44819
"2024-04-18 00:00:00",63193,43350
"2024-04-19 00:00:00",61728,43243
"2024-04-20 00:00:00",65528,49124
"2024-04-21 00:00:00",66374,49383
"2024-04-22 00:00:00",56895,38667
"2024-04-23 00:00:00",53089,34430
"2024-04-24 00:00:00",50701,34538
"2024-04-25 00:00:00",48247,33861
"2024-04-26 00:00:00",47289,33764
"2024-04-27 00:00:00",50102,37396
"2024-04-28 00:00:00",50778,37928
"2024-04-29 00:00:00",43735,31011
"2024-04-30 00:00:00",40461,29508
"2024-05-01 00:00:00",40734,31067
"2024-05-02 00:00:00",37883,26890
"2024-05-03 00:00:00",38523,27666
"2024-05-04 00:00:00",40479,30622
"2024-05-05 00:00:00",41132,30826
"2024-05-06 00:00:00",35181,24949
"2024-05-07 00:00:00",32875,22890
"2024-05-08 00:00:00",30412,21985
"2024-05-09 00:00:00",29550,22455
"2024-05-10 00:00:00",28935,21704
"2024-05-11 00:00:00",29992,23194
"2024-05-12 00:00:00",29373,22730
"2024-05-13 00:00:00",26044,18311
"2024-05-14 00:00:00",22818,16714
"2024-05-15 00:00:00",21175,15195
"2024-05-16 00:00:00",20235,14658
"2024-05-17 00:00:00",20021,14748
"2024-05-18 00:00:00",20853,16250
"2024-05-19 00:00:00",21807,16683
"2024-05-20 00:00:00",18906,13921
"2024-05-21 00:00:00",17782,12551
"2024-05-22 00:00:00",16803,12257
"2024-05-23 00:00:00",15700,11499
"2024-05-24 00:00:00",15892,11671
"2024-05-25 00:00:00",16452,12978
"2024-05-26 00:00:00",16856,13097
"2024-05-27 00:00:00",15960,11284
"2024-05-28 00:00:00",14419,10407
"2024-05-29 00:00:00",13713,10126
"2024-05-30 00:00:00",13838,10218
"2024-05-31 00:00:00",13293,9992
"2024-06-01 00:00:00",14093,11214
"2024-06-02 00:00:00",14875,11521
"2024-06-03 00:00:00",12892,9442
"2024-06-04 00:00:00",12362,9029
"2024-06-05 00:00:00",11818,8848
"2024-06-06 00:00:00",11538,8675
"2024-06-07 00:00:00",11599,8864
"2024-06-08 00:00:00",12556,9999
"2024-06-09 00:00:00",13106,10309
"2024-06-10 00:00:00",11542,8537
"2024-06-11 00:00:00",11080,8264
"2024-06-12 00:00:00",11020,8365
"2024-06-13 00:00:00",10997,8133
"2024-06-14 00:00:00",10817,8283
"2024-06-15 00:00:00",11808,9331
"2024-06-16 00:00:00",12309,9579
"2024-06-17 00:00:00",10898,8121
"2024-06-18 00:00:00",10598,7872
"2024-06-19 00:00:00",9474,7026
"2024-06-20 00:00:00",8491,5964
"2024-06-21 00:00:00",8105,5966
"2024-06-22 00:00:00",9201,6957
"2024-06-23 00:00:00",9426,7223
"2024-06-24 00:00:00",8098,5775
"2024-06-25 00:00:00",7614,5448
"2024-06-26 00:00:00",7461,5331
"2024-06-27 00:00:00",7355,5236
"2024-06-28 00:00:00",7206,5273
"2024-06-29 00:00:00",7696,5988
"2024-06-30 00:00:00",8185,6282
"2024-07-01 00:00:00",7289,5156
"2024-07-02 00:00:00",6862,4873
"2024-07-03 00:00:00",6860,4839
"2024-07-04 00:00:00",7113,4894
"2024-07-05 00:00:00",6637,4801
"2024-07-06 00:00:00",7167,5494
"2024-07-07 00:00:00",7486,5690
"2024-07-08 00:00:00",6507,4597
"2024-07-09 00:00:00",5742,4329
"2024-07-10 00:00:00",6465,4886
"2024-07-11 00:00:00",6424,4858
"2024-07-12 00:00:00",6629,5051
"2024-07-13 00:00:00",7229,5740
"2024-07-14 00:00:00",7815,6058
"2024-07-15 00:00:00",6947,5217
"2024-07-16 00:00:00",6859,5096
"2024-07-17 00:00:00",6572,5003
"2024-07-18 00:00:00",6381,4738
"2024-07-19 00:00:00",8455,6075
"2024-07-20 00:00:00",10302,7696
"2024-07-21 00:00:00",12005,8803
"2024-07-22 00:00:00",11373,7946
"2024-07-23 00:00:00",12057,8187
"2024-07-24 00:00:00",13062,9033
"2024-07-25 00:00:00",13653,9484
"2024-07-26 00:00:00",229337,53069
"2024-07-27 00:00:00",194192,155530
"2024-07-28 00:00:00",203866,151380
"2024-07-29 00:00:00",179888,127149
"2024-07-30 00:00:00",169703,119508
"2024-07-31 00:00:00",159824,114037
"2024-08-01 00:00:00",153948,109870
"2024-08-02 00:00:00",152633,109673
"2024-08-03 00:00:00",157698,119003
"2024-08-04 00:00:00",163320,120906
"2024-08-05 00:00:00",145094,100800
"2024-08-06 00:00:00",130329,93418
"2024-08-07 00:00:00",126790,88533
"2024-08-08 00:00:00",123089,86951
"2024-08-09 00:00:00",122245,88241
"2024-08-10 00:00:00",125131,95241
"2024-08-11 00:00:00",129772,96646
"2024-08-12 00:00:00",114485,80746
"2024-08-13 00:00:00",110479,76562
"2024-08-14 00:00:00",106248,75777
"2024-08-15 00:00:00",103214,74875
"2024-08-16 00:00:00",101498,73942
"2024-08-17 00:00:00",106220,80560
"2024-08-18 00:00:00",109001,81482
"2024-08-19 00:00:00",96724,67430
"2024-08-20 00:00:00",88087,62609
"2024-08-21 00:00:00",85919,59821
"2024-08-22 00:00:00",81864,57661
"2024-08-23 00:00:00",74943,51111
"2024-08-24 00:00:00",81394,63052
"2024-08-25 00:00:00",84727,63493
"2024-08-26 00:00:00",73846,51778
"2024-08-27 00:00:00",68596,48080
"2024-08-28 00:00:00",65016,45873
"2024-08-29 00:00:00",62497,44541
"2024-08-30 00:00:00",62221,45304
"2024-08-31 00:00:00",64551,49709
"2024-09-01 00:00:00",65829,49731
"2024-09-02 00:00:00",63764,42905
"2024-09-03 00:00:00",55199,38359
"2024-09-04 00:00:00",52423,37038
"2024-09-05 00:00:00",50298,35658
"2024-09-06 00:00:00",49755,35839
"2024-09-07 00:00:00",51918,39922
"2024-09-08 00:00:00",52678,39755
"2024-09-09 00:00:00",45769,31983
"2024-09-10 00:00:00",43372,30254
"2024-09-11 00:00:00",41451,28934
"2024-09-12 00:00:00",39580,27940
"2024-09-13 00:00:00",39302,28448
"2024-09-14 00:00:00",41606,31830
"2024-09-15 00:00:00",42236,32034
"2024-09-16 00:00:00",37006,25865
"2024-09-17 00:00:00",35048,24413
"2024-09-18 00:00:00",33403,23419
"2024-09-19 00:00:00",31814,22649
"2024-09-20 00:00:00",31535,22927
"2024-09-21 00:00:00",33290,25583
"2024-09-22 00:00:00",34266,26043
"2024-09-23 00:00:00",29750,21077
"2024-09-24 00:00:00",28075,19743
"2024-09-25 00:00:00",26443,18304
"2024-09-26 00:00:00",25428,18671
"2024-09-27 00:00:00",28873,21295
"2024-09-28 00:00:00",30065,23156
"2024-09-29 00:00:00",30348,23090
"2024-09-30 00:00:00",26208,18456
"2024-10-01 00:00:00",24341,17306
"2024-10-02 00:00:00",23213,16598
"2024-10-03 00:00:00",22596,16415
"2024-10-04 00:00:00",22445,16440
"2024-10-05 00:00:00",23472,18291
"2024-10-06 00:00:00",23536,18017
"2024-10-07 00:00:00",20088,14160
"2024-10-08 00:00:00",18311,13039
"2024-10-09 00:00:00",17470,12429
"2024-10-10 00:00:00",17042,12080
"2024-10-11 00:00:00",16937,12293
"2024-10-12 00:00:00",18128,13894
"2024-10-13 00:00:00",18636,14198
"2024-10-14 00:00:00",16441,11708
"2024-10-15 00:00:00",15392,10848
"2024-10-16 00:00:00",14776,10659
"2024-10-17 00:00:00",14552,10485
"2024-10-18 00:00:00",14680,10703
"2024-10-19 00:00:00",15987,12318
"2024-10-20 00:00:00",16404,12582
"2024-10-21 00:00:00",14304,10148
"2024-10-22 00:00:00",13726,9783
"2024-10-23 00:00:00",12426,8862
"2024-10-24 00:00:00",11992,8314
"2024-10-25 00:00:00",11781,8446
"2024-10-26 00:00:00",12694,9633
"2024-10-27 00:00:00",13172,9986
"2024-10-28 00:00:00",11361,8017
"2024-10-29 00:00:00",11058,7700
"2024-10-30 00:00:00",10896,7616
"2024-10-31 00:00:00",10338,7609
"2024-11-01 00:00:00",10885,7956
"2024-11-02 00:00:00",11609,8767
"2024-11-03 00:00:00",12306,9208
"2024-11-04 00:00:00",10437,7507
"2024-11-05 00:00:00",10053,7065
"2024-11-06 00:00:00",9548,6813
"2024-11-07 00:00:00",31123,9110
"2024-11-08 00:00:00",30337,22016
"2024-11-09 00:00:00",30701,23333
"2024-11-10 00:00:00",29999,22669
"2024-11-11 00:00:00",26898,19239
"2024-11-12 00:00:00",24145,17122
"2024-11-13 00:00:00",22544,13381
"2024-11-14 00:00:00",22684,15191
"2024-11-15 00:00:00",23037,16410
"2024-11-16 00:00:00",23741,18235
"2024-11-17 00:00:00",24137,16297
"2024-11-18 00:00:00",20769,13704
"2024-11-19 00:00:00",19606,13899
"2024-11-20 00:00:00",18583,13400
"2024-11-21 00:00:00",17120,12150
"2024-11-22 00:00:00",19723,13905
"2024-11-23 00:00:00",23267,17251
"2024-11-24 00:00:00",25247,18941
"2024-11-25 00:00:00",22138,15550
"2024-11-26 00:00:00",21868,15477
"2024-11-27 00:00:00",21964,15037
"2024-11-28 00:00:00",21429,15189
"2024-11-29 00:00:00",22562,16077
"2024-11-30 00:00:00",24208,18409
"2024-12-01 00:00:00",24975,18976
"2024-12-02 00:00:00",20422,14847
"2024-12-03 00:00:00",19121,14027
"2024-12-04 00:00:00",17656,12608
"2024-12-05 00:00:00",16434,12314
"2024-12-06 00:00:00",12309,8859
"2024-12-07 00:00:00",10679,7881
"2024-12-08 00:00:00",13208,9873
"2024-12-09 00:00:00",12547,8826
"2024-12-10 00:00:00",12699,8998
"2024-12-11 00:00:00",13132,9252
"2024-12-12 00:00:00",12012,8275
"2024-12-13 00:00:00",11806,8426
"2024-12-14 00:00:00",13724,10081
"2024-12-15 00:00:00",14161,10698
"2024-12-16 00:00:00",12113,8666
"2024-12-17 00:00:00",11945,8385
"2024-12-18 00:00:00",11495,8229
"2024-12-19 00:00:00",11029,7981
"2024-12-20 00:00:00",10807,7914
"2024-12-21 00:00:00",11834,9000
"2024-12-22 00:00:00",12167,9329
"2024-12-23 00:00:00",10492,7962
"2024-12-24 00:00:00",9520,7500
"2024-12-25 00:00:00",9942,7299
"2024-12-26 00:00:00",10074,7599
"2024-12-27 00:00:00",10082,7591
"2024-12-28 00:00:00",10383,8010
"2024-12-29 00:00:00",10825,8364
"2024-12-30 00:00:00",9728,7600
"2024-12-31 00:00:00",8640,6908
"2025-01-01 00:00:00",9945,7283
"2025-01-02 00:00:00",9271,7104
"2025-01-03 00:00:00",9466,7167
"2025-01-04 00:00:00",10300,7884
"2025-01-05 00:00:00",10410,8006
"2025-01-06 00:00:00",9006,6866
"2025-01-07 00:00:00",8756,6498
"2025-01-08 00:00:00",8469,6344
"2025-01-09 00:00:00",8527,6083
"2025-01-10 00:00:00",8755,6260
"2025-01-11 00:00:00",10037,7556
"2025-01-12 00:00:00",10457,7921
"2025-01-13 00:00:00",8531,6307
"2025-01-14 00:00:00",8430,6063
"2025-01-15 00:00:00",8217,5936
"2025-01-16 00:00:00",7974,5910
"2025-01-17 00:00:00",8387,6094
"2025-01-18 00:00:00",9841,7330
"2025-01-19 00:00:00",9992,7676
"2025-01-20 00:00:00",8789,6323
"2025-01-21 00:00:00",8126,5934
"2025-01-22 00:00:00",8032,5782
"2025-01-23 00:00:00",7627,5589
"2025-01-24 00:00:00",9029,6167
"2025-01-25 00:00:00",9301,6995
"2025-01-26 00:00:00",9726,7427
"2025-01-27 00:00:00",8249,6012
"2025-01-28 00:00:00",8029,5863
"2025-01-29 00:00:00",8013,5801
"2025-01-30 00:00:00",8314,5991
"2025-01-31 00:00:00",13054,7726
"2025-02-01 00:00:00",13414,10242
"2025-02-02 00:00:00",13533,10256
"2025-02-03 00:00:00",11783,8325
"2025-02-04 00:00:00",11064,7816
"2025-02-05 00:00:00",10589,7514
"2025-02-06 00:00:00",10120,7255
"2025-02-07 00:00:00",10726,7436
"2025-02-08 00:00:00",11724,8987
"2025-02-09 00:00:00",11768,9077
"2025-02-10 00:00:00",9907,7140
"2025-02-11 00:00:00",9548,6972
"2025-02-12 00:00:00",9428,6683
"2025-02-13 00:00:00",8888,6474
"2025-02-14 00:00:00",8672,6401
"2025-02-15 00:00:00",10232,7745
"2025-02-16 00:00:00",10722,8231
"2025-02-17 00:00:00",9549,6775
"2025-02-18 00:00:00",9185,6539
"2025-02-19 00:00:00",9284,6599
"2025-02-20 00:00:00",91977,19975
"2025-02-21 00:00:00",77070,59104
"2025-02-22 00:00:00",77666,60614
"2025-02-23 00:00:00",74961,58096
"2025-02-24 00:00:00",62074,44947
"2025-02-25 00:00:00",56633,40264
"2025-02-26 00:00:00",51509,36673
"2025-02-27 00:00:00",48290,34581
"2025-02-28 00:00:00",44319,32682
"2025-03-01 00:00:00",46502,35696
"2025-03-02 00:00:00",45577,34959
"2025-03-03 00:00:00",39438,27689
"2025-03-04 00:00:00",37178,25914
"2025-03-05 00:00:00",34261,24060
"2025-03-06 00:00:00",31580,22658
"2025-03-07 00:00:00",31328,22712
"2025-03-08 00:00:00",32786,25249
"2025-03-09 00:00:00",33311,25372
"2025-03-10 00:00:00",28728,20202
"2025-03-11 00:00:00",27391,19152
"2025-03-12 00:00:00",26072,18407
"2025-03-13 00:00:00",25043,17916
"2025-03-14 00:00:00",24644,17885
"2025-03-15 00:00:00",26130,19917
"2025-03-16 00:00:00",26161,20003
"2025-03-17 00:00:00",22462,15831
"2025-03-18 00:00:00",21124,15084
"2025-03-19 00:00:00",20397,14492
"2025-03-20 00:00:00",19681,12856
"2025-03-21 00:00:00",19487,14117
"2025-03-22 00:00:00",20611,15925
"2025-03-23 00:00:00",21134,16057
"2025-03-24 00:00:00",17866,12615
"2025-03-25 00:00:00",16540,11756
"2025-03-26 00:00:00",15676,11142
"2025-03-27 00:00:00",14370,10358
"2025-03-28 00:00:00",14628,10661
"2025-03-29 00:00:00",15490,11938
"2025-03-30 00:00:00",15674,11690
"2025-03-31 00:00:00",13041,9056
"2025-04-01 00:00:00",11808,8402
"2025-04-02 00:00:00",10939,7759
"2025-04-03 00:00:00",10042,7193
"2025-04-04 00:00:00",8280,6078
"2025-04-05 00:00:00",8765,6291
"2025-04-06 00:00:00",9035,6672
"2025-04-07 00:00:00",7942,5392
"2025-04-08 00:00:00",7780,5368
"2025-04-09 00:00:00",7394,5187
"2025-04-10 00:00:00",7296,5051
"2025-04-11 00:00:00",7370,5216
"2025-04-12 00:00:00",8100,6055
"2025-04-13 00:00:00",8405,6316
"2025-04-14 00:00:00",7178,5053
"2025-04-15 00:00:00",7128,5064
"2025-04-16 00:00:00",6631,4616
"2025-04-17 00:00:00",6417,4669
"2025-04-18 00:00:00",6604,4834
"2025-04-19 00:00:00",6751,5076
"2025-04-20 00:00:00",6935,5158
"2025-04-21 00:00:00",6663,4723
"2025-04-22 00:00:00",5765,4073
"2025-04-23 00:00:00",5753,4024
"2025-04-24 00:00:00",5582,3857
"2025-04-25 00:00:00",5657,4051
"2025-04-26 00:00:00",6393,4712
"2025-04-27 00:00:00",6798,5004
"2025-04-28 00:00:00",5547,3962
"2025-04-29 00:00:00",5508,3867
"2025-04-30 00:00:00",5242,3716
"2025-05-01 00:00:00",9386,4716
"2025-05-02 00:00:00",10410,7970
"2025-05-03 00:00:00",10677,8093
"2025-05-04 00:00:00",10694,7948
"2025-05-05 00:00:00",8881,6161
"2025-05-06 00:00:00",8424,5770
"2025-05-07 00:00:00",8087,5505
"2025-05-08 00:00:00",7910,5600
"2025-05-09 00:00:00",8131,5742
"2025-05-10 00:00:00",8280,6396
"2025-05-11 00:00:00",8720,6284
"2025-05-12 00:00:00",7298,5144
"2025-05-13 00:00:00",6925,4702
"2025-05-14 00:00:00",6504,4518
"2025-05-15 00:00:00",6315,4230
"2025-05-16 00:00:00",6446,4556
"2025-05-17 00:00:00",7258,5436
"2025-05-18 00:00:00",7366,5516
"2025-05-19 00:00:00",6462,4415
"2025-05-20 00:00:00",5880,4090
"2025-05-21 00:00:00",5734,3988
"2025-05-22 00:00:00",5518,3910
"2025-05-23 00:00:00",5813,4089
"2025-05-24 00:00:00",6422,4802
"2025-05-25 00:00:00",6591,4984
"2025-05-26 00:00:00",6069,4187
"2025-05-27 00:00:00",5645,3917
"2025-05-28 00:00:00",5541,3870
"2025-05-29 00:00:00",5526,4032
"2025-05-30 00:00:00",5491,4006
"2025-05-31 00:00:00",6169,4594
"2025-06-01 00:00:00",6687,4936
"2025-06-02 00:00:00",5927,4119
"2025-06-03 00:00:00",5785,4014
"2025-06-04 00:00:00",5814,4023
"2025-06-05 00:00:00",6069,3994
"2025-06-06 00:00:00",7569,5192
"2025-06-07 00:00:00",9436,6797
"2025-06-08 00:00:00",11000,8056
"2025-06-09 00:00:00",10941,7405
"2025-06-10 00:00:00",11461,7785
"2025-06-11 00:00:00",11667,7840
"2025-06-12 00:00:00",12859,8608
"2025-06-13 00:00:00",179556,40807
"2025-06-14 00:00:00",148356,119985
"2025-06-15 00:00:00",152850,115600
"2025-06-16 00:00:00",134645,92935
"2025-06-17 00:00:00",123378,86232
"2025-06-18 00:00:00",118558,80667
"2025-06-19 00:00:00",122374,85690
"2025-06-20 00:00:00",113749,82177
"2025-06-21 00:00:00",118588,89422
"2025-06-22 00:00:00",123402,91454
"2025-06-23 00:00:00",108672,75028
"2025-06-24 00:00:00",105872,72352
"2025-06-25 00:00:00",101546,69708
"2025-06-26 00:00:00",98051,68030
"2025-06-27 00:00:00",97376,68788
"2025-06-28 00:00:00",100439,76108
"2025-06-29 00:00:00",103797,77139
"2025-06-30 00:00:00",92487,63734
"2025-07-01 00:00:00",86765,59719
"2025-07-02 00:00:00",83186,57998
"2025-07-03 00:00:00",82813,57267
"2025-07-04 00:00:00",84027,59234
"2025-07-05 00:00:00",85241,64066
"2025-07-06 00:00:00",88983,65975
"2025-07-07 00:00:00",79751,54828
"2025-07-08 00:00:00",75557,52395
"2025-07-09 00:00:00",71983,50311
"2025-07-10 00:00:00",68669,47906
"2025-07-11 00:00:00",67867,48043
"2025-07-12 00:00:00",70907,54047
"2025-07-13 00:00:00",73339,55042
"2025-07-14 00:00:00",65200,45525
"2025-07-15 00:00:00",61510,42983
"2025-07-16 00:00:00",59074,41503
"2025-07-17 00:00:00",56444,40110
"2025-07-18 00:00:00",54239,39435
"2025-07-19 00:00:00",56053,43127
"2025-07-20 00:00:00",57680,43526
"2025-07-21 00:00:00",50694,36007
"2025-07-22 00:00:00",47767,33514
"2025-07-23 00:00:00",45125,31425
"2025-07-24 00:00:00",43123,30821
"2025-07-25 00:00:00",42088,30667
"2025-07-26 00:00:00",43263,33375
"2025-07-27 00:00:00",45244,34072
"2025-07-28 00:00:00",39404,27763
"2025-07-29 00:00:00",36819,25917
"2025-07-30 00:00:00",34715,24705
"2025-07-31 00:00:00",34089,23817
"2025-08-01 00:00:00",37500,27439
"2025-08-02 00:00:00",37439,28723
"2025-08-03 00:00:00",38108,28811
"2025-08-04 00:00:00",33859,23594
"2025-08-05 00:00:00",31582,22135
"2025-08-06 00:00:00",29597,20932
"2025-08-07 00:00:00",27031,19603
"2025-08-08 00:00:00",26148,19047
"2025-08-09 00:00:00",26767,20966
"2025-08-10 00:00:00",27825,21179
"2025-08-11 00:00:00",24751,17384
"2025-08-12 00:00:00",22937,16445
"2025-08-13 00:00:00",21687,15637
"2025-08-14 00:00:00",20314,15043
"2025-08-15 00:00:00",20239,15239
"2025-08-16 00:00:00",21389,16604
"2025-08-17 00:00:00",22196,16870
"2025-08-18 00:00:00",19332,13549
"2025-08-19 00:00:00",17840,12862
"2025-08-20 00:00:00",17487,11769
"2025-08-21 00:00:00",15518,11371
"2025-08-22 00:00:00",15321,11212
"2025-08-23 00:00:00",16386,12564
"2025-08-24 00:00:00",16922,12793
"2025-08-25 00:00:00",14374,10110
"2025-08-26 00:00:00",13349,9397
"2025-08-27 00:00:00",12615,8682
"2025-08-28 00:00:00",11893,8455
"2025-08-29 00:00:00",10409,7352
"2025-08-30 00:00:00",8679,6605
"2025-08-31 00:00:00",9379,7020
"2025-09-01 00:00:00",9489,6368
"2025-09-02 00:00:00",9232,6309
"2025-09-03 00:00:00",8887,6249
"2025-09-04 00:00:00",8712,6150
"2025-09-05 00:00:00",8696,6318
"2025-09-06 00:00:00",9683,7327
"2025-09-07 00:00:00",10029,7580
"2025-09-08 00:00:00",8578,5982
"2025-09-09 00:00:00",8447,5806
"2025-09-10 00:00:00",8073,5686
"2025-09-11 00:00:00",8084,5522
"2025-09-12 00:00:00",7886,5666
"2025-09-13 00:00:00",8701,6566
"2025-09-14 00:00:00",9273,6895
"2025-09-15 00:00:00",7912,5560
"2025-09-16 00:00:00",7567,5290
"2025-09-17 00:00:00",7351,5185
"2025-09-18 00:00:00",7092,5055
"2025-09-19 00:00:00",7509,5214
"2025-09-20 00:00:00",8163,6151
"2025-09-21 00:00:00",8436,6338
"2025-09-22 00:00:00",7328,5156
"2025-09-23 00:00:00",6959,4938
"2025-09-24 00:00:00",6832,4631
"2025-09-25 00:00:00",7580,4967
"2025-09-26 00:00:00",7442,5325
"2025-09-27 00:00:00",8079,6086
"2025-09-28 00:00:00",8197,6114
"2025-09-29 00:00:00",6923,4821
"2025-09-30 00:00:00",6459,4528
"2025-10-01 00:00:00",6120,4192
"2025-10-02 00:00:00",6078,4300
"2025-10-03 00:00:00",6284,4531
"2025-10-04 00:00:00",6954,5249
"2025-10-05 00:00:00",7142,5361
"2025-10-06 00:00:00",6248,4313
"2025-10-07 00:00:00",5927,4097
"2025-10-08 00:00:00",5867,4135
"2025-10-09 00:00:00",5785,4121
"2025-10-10 00:00:00",5974,4293
"2025-10-11 00:00:00",6643,4998
"2025-10-12 00:00:00",6915,5190
"2025-10-13 00:00:00",6088,4257
"2025-10-14 00:00:00",5764,4033
"2025-10-15 00:00:00",5606,3968
"2025-10-16 00:00:00",5550,3896
"2025-10-17 00:00:00",5752,4092
"2025-10-18 00:00:00",6548,4889
"2025-10-19 00:00:00",6893,5120
"2025-10-20 00:00:00",6051,4209
"2025-10-21 00:00:00",6023,4113
"2025-10-22 00:00:00",5821,4097
"2025-10-23 00:00:00",6361,4129
"2025-10-24 00:00:00",8269,5497
"2025-10-25 00:00:00",10560,7515
"2025-10-26 00:00:00",12056,8745
"2025-10-27 00:00:00",11073,7013
"2025-10-28 00:00:00",11186,7564
"2025-10-29 00:00:00",11851,7933
"2025-10-30 00:00:00",12293,8308
"2025-10-31 00:00:00",185970,47568
"2025-11-01 00:00:00",158764,127042
"2025-11-02 00:00:00",160578,122005
"2025-11-03 00:00:00",137168,100083
"2025-11-04 00:00:00",126128,91830
"2025-11-05 00:00:00",118652,83449
"2025-11-06 00:00:00",113527,80032
"2025-11-07 00:00:00",113217,80889
"2025-11-08 00:00:00",117951,90173
"2025-11-09 00:00:00",116799,89504
"2025-11-10 00:00:00",103482,72759
"2025-11-11 00:00:00",101070,70511
"2025-11-12 00:00:00",91957,64241
"2025-11-13 00:00:00",90692,62913
"2025-11-14 00:00:00",88630,63697
"2025-11-15 00:00:00",91147,70294
"2025-11-16 00:00:00",90191,68769
"2025-11-17 00:00:00",76171,53366
"2025-11-18 00:00:00",71759,50349
"2025-11-19 00:00:00",66998,47291
"2025-11-20 00:00:00",66000,44805
"2025-11-21 00:00:00",64515,46195
"2025-11-22 00:00:00",66746,51523
"2025-11-23 00:00:00",66417,51066
"2025-11-24 00:00:00",56747,39920
"2025-11-25 00:00:00",53447,37339
"2025-11-26 00:00:00",51160,35644
"2025-11-27 00:00:00",48808,34412
"2025-11-28 00:00:00",47415,33962
"2025-11-29 00:00:00",48779,37549
"2025-11-30 00:00:00",48004,36806
"2025-12-01 00:00:00",39197,28449
"2025-12-02 00:00:00",36909,26285
"2025-12-03 00:00:00",33585,24239
"2025-12-04 00:00:00",30396,21843
"2025-12-05 00:00:00",30689,22302
"2025-12-06 00:00:00",32123,24898
"2025-12-07 00:00:00",31440,24452
"2025-12-08 00:00:00",26199,18990
"2025-12-09 00:00:00",24011,17408
"2025-12-10 00:00:00",21702,15970
"2025-12-11 00:00:00",19959,14717
"2025-12-12 00:00:00",15815,11992
"2025-12-13 00:00:00",14858,11519
"2025-12-14 00:00:00",15229,11670
"2025-12-15 00:00:00",13183,9422
"2025-12-16 00:00:00",12655,9074
"2025-12-17 00:00:00",12244,8838
"2025-12-18 00:00:00",11987,8731
"2025-12-19 00:00:00",12027,8833
"2025-12-20 00:00:00",12901,9906
"2025-12-21 00:00:00",13106,10085
"2025-12-22 00:00:00",11399,8476
"2025-12-23 00:00:00",10895,8279
"2025-12-24 00:00:00",9632,7696
"2025-12-25 00:00:00",10435,7961
"2025-12-26 00:00:00",10912,8133
"2025-12-27 00:00:00",11169,8620
"2025-12-28 00:00:00",11498,8854
"2025-12-29 00:00:00",10664,8017
"2025-12-30 00:00:00",10366,7820
"2025-12-31 00:00:00",8957,7303
"2026-01-01 00:00:00",10554,7706
"2026-01-02 00:00:00",10333,7972
"2026-01-03 00:00:00",10665,8230
"2026-01-04 00:00:00",10710,8271
"2026-01-05 00:00:00",9188,6898
"2026-01-06 00:00:00",8903,6771
"2026-01-07 00:00:00",8772,6466
"2026-01-08 00:00:00",8630,6364
"2026-01-09 00:00:00",11660,7369
"2026-01-10 00:00:00",12404,9397
"2026-01-11 00:00:00",11967,9293
"2026-01-12 00:00:00",9647,7102
"2026-01-13 00:00:00",9112,6619
"2026-01-14 00:00:00",8846,6333
"2026-01-15 00:00:00",8768,6171
"2026-01-16 00:00:00",8695,6249
"2026-01-17 00:00:00",9645,7312
"2026-01-18 00:00:00",9799,7449
"2026-01-19 00:00:00",8533,6011
"2026-01-20 00:00:00",7687,5562
"2026-01-21 00:00:00",7320,5342
"2026-01-22 00:00:00",7146,5209
"2026-01-23 00:00:00",7374,5330
"2026-01-24 00:00:00",8438,6352
"2026-01-25 00:00:00",8741,6636
"2026-01-26 00:00:00",7322,5294
"2026-01-27 00:00:00",7149,5060
"2026-01-28 00:00:00",7225,4782
"2026-01-29 00:00:00",50653,10950
"2026-01-30 00:00:00",45980,35584
"2026-01-31 00:00:00",44594,35488
"2026-02-01 00:00:00",40923,32007
"2026-02-02 00:00:00",32423,23445
"2026-02-03 00:00:00",29250,21195
"2026-02-04 00:00:00",26004,19067
"2026-02-05 00:00:00",23547,17226
"2026-02-06 00:00:00",21583,16255
"2026-02-07 00:00:00",22340,17545
"2026-02-08 00:00:00",21030,16427
"2026-02-09 00:00:00",16431,12029
"2026-02-10 00:00:00",14538,10727
"2026-02-11 00:00:00",13385,9839
"2026-02-12 00:00:00",11625,8586
"2026-02-13 00:00:00",11074,8211
"2026-02-14 00:00:00",11251,8904
"2026-02-15 00:00:00",11248,8688
"2026-02-16 00:00:00",9810,6974
"2026-02-17 00:00:00",8546,6302
"2026-02-18 00:00:00",8033,5952
"2026-02-19 00:00:00",7537,5726
"2026-02-20 00:00:00",7169,5266
"2026-02-21 00:00:00",8461,6513
"2026-02-22 00:00:00",8707,6776
"2026-02-23 00:00:00",7463,5623
"2026-02-24 00:00:00",7081,5146
"2026-02-25 00:00:00",6792,5060
"2026-02-26 00:00:00",6764,4751
"2026-02-27 00:00:00",8324,5784
"2026-02-28 00:00:00",10199,7581
"2026-03-01 00:00:00",11449,8486
"2026-03-02 00:00:00",10261,6813
"2026-03-03 00:00:00",10566,7298
"2026-03-04 00:00:00",10850,7513
"2026-03-05 00:00:00",11498,7955
"2026-03-06 00:00:00",190653,46786
"2026-03-07 00:00:00",158206,127712
"2026-03-08 00:00:00",156804,118513
"2026-03-09 00:00:00",135034,97543
"2026-03-10 00:00:00",127003,87894
"2026-03-11 00:00:00",120098,83595
"2026-03-12 00:00:00",114171,79277
"2026-03-13 00:00:00",114049,80438
"2026-03-14 00:00:00",118675,90203
"2026-03-15 00:00:00",120229,89968
"2026-03-16 00:00:00",104699,71075
"2026-03-17 00:00:00",97066,66523
"2026-03-18 00:00:00",91030,62105
"2026-03-19 00:00:00",88237,61125
"2026-03-20 00:00:00",86174,61286
"2026-03-21 00:00:00",90083,68745
"2026-03-22 00:00:00",91446,68666
"2026-03-23 00:00:00",78936,54189
"2026-03-24 00:00:00",53899,51709
"2026-03-24 01:00:00",49114,
"2026-03-24 02:00:00",45172,
"2026-03-24 03:00:00",40852,
"2026-03-24 04:00:00",36837,
"2026-03-24 05:00:00",33592,
"2026-03-24 06:00:00",32625,
"2026-03-24 07:00:00",34496,
"2026-03-24 08:00:00",37148,
"2026-03-24 09:00:00",40193,
"2026-03-24 10:00:00",42988,
"2026-03-24 11:00:00",46755,
"2026-03-24 12:00:00",50886,
"2026-03-24 13:00:00",55408,
"2026-03-24 14:00:00",60023,
"2026-03-24 15:00:00",65361,
"2026-03-24 16:00:00",69657,
"2026-03-24 17:00:00",72414,
"2026-03-24 18:00:00",74475,
"2026-03-24 19:00:00",74887,
"2026-03-24 20:00:00",74373,
"2026-03-24 21:00:00",70851,
"2026-03-24 22:00:00",64254,
"2026-03-24 23:00:00",57031,
"2026-03-25 00:00:00",51009,47741
"2026-03-25 01:00:00",46130,
"2026-03-25 02:00:00",42481,
"2026-03-25 03:00:00",38380,
"2026-03-25 04:00:00",34570,
"2026-03-25 05:00:00",31628,
"2026-03-25 06:00:00",30796,
"2026-03-25 07:00:00",32738,
"2026-03-25 08:00:00",35275,
"2026-03-25 09:00:00",38244,
"2026-03-25 10:00:00",41081,
"2026-03-25 11:00:00",44535,
"2026-03-25 12:00:00",48195,
"2026-03-25 13:00:00",52303,
"2026-03-25 14:00:00",56812,
"2026-03-25 15:00:00",61967,
"2026-03-25 16:00:00",65776,
"2026-03-25 17:00:00",68449,
"2026-03-25 18:00:00",69783,
"2026-03-25 19:00:00",69892,
"2026-03-25 20:00:00",69240,
"2026-03-25 21:00:00",65892,
"2026-03-25 22:00:00",60364,
"2026-03-25 23:00:00",40240,
"2026-03-26 00:00:00",43828,45756
"2026-03-26 01:00:00",43586,
"2026-03-26 02:00:00",40616,
"2026-03-26 03:00:00",36706,
"2026-03-26 04:00:00",32994,
"2026-03-26 05:00:00",30272,
"2026-03-26 06:00:00",29711,
"2026-03-26 07:00:00",31893,
"2026-03-26 08:00:00",34072,
"2026-03-26 09:00:00",36723,
"2026-03-26 10:00:00",39620,
"2026-03-26 11:00:00",42653,
"2026-03-26 12:00:00",46443,
"2026-03-26 13:00:00",50184,
"2026-03-26 14:00:00",54457,
"2026-03-26 15:00:00",58249,
"2026-03-26 16:00:00",60568,
"2026-03-26 17:00:00",63139,
"2026-03-26 18:00:00",64375,
"2026-03-26 19:00:00",64507,
"2026-03-26 20:00:00",64136,
"2026-03-26 21:00:00",61257,
"2026-03-26 22:00:00",53953,
"2026-03-26 23:00:00",50284,
"2026-03-27 00:00:00",44700,45690
"2026-03-27 01:00:00",41124,
"2026-03-27 02:00:00",37796,
"2026-03-27 03:00:00",34611,
"2026-03-27 04:00:00",31300,
"2026-03-27 05:00:00",28796,
"2026-03-27 06:00:00",28423,
"2026-03-27 07:00:00",30396,
"2026-03-27 08:00:00",32506,
"2026-03-27 09:00:00",35238,
"2026-03-27 10:00:00",38249,
"2026-03-27 11:00:00",41216,
"2026-03-27 12:00:00",45255,
"2026-03-27 13:00:00",49876,
"2026-03-27 14:00:00",54231,
"2026-03-27 15:00:00",57988,
"2026-03-27 16:00:00",60802,
"2026-03-27 17:00:00",62500,
"2026-03-27 18:00:00",63783,
"2026-03-27 19:00:00",64451,
"2026-03-27 20:00:00",64432,
"2026-03-27 21:00:00",63559,
"2026-03-27 22:00:00",60508,
"2026-03-27 23:00:00",55487,
"2026-03-28 00:00:00",49462,51675
"2026-03-28 01:00:00",44903,
"2026-03-28 02:00:00",41597,
"2026-03-28 03:00:00",38855,
"2026-03-28 04:00:00",36101,
"2026-03-28 05:00:00",34186,
"2026-03-28 06:00:00",35070,
"2026-03-28 07:00:00",37549,
"2026-03-28 08:00:00",41402,
"2026-03-28 09:00:00",45319,
"2026-03-28 10:00:00",48832,
"2026-03-28 11:00:00",52164,
"2026-03-28 12:00:00",55963,
"2026-03-28 13:00:00",60146,
"2026-03-28 14:00:00",63315,
"2026-03-28 15:00:00",65468,
"2026-03-28 16:00:00",66954,
"2026-03-28 17:00:00",67290,
"2026-03-28 18:00:00",67633,
"2026-03-28 19:00:00",67722,
"2026-03-28 20:00:00",67282,
"2026-03-28 21:00:00",65583,
"2026-03-28 22:00:00",62190,
"2026-03-28 23:00:00",56393,
"2026-03-29 00:00:00",50319,50855
"2026-03-29 01:00:00",45370,
"2026-03-29 02:00:00",41024,
"2026-03-29 03:00:00",38298,
"2026-03-29 04:00:00",36136,
"2026-03-29 05:00:00",34535,
"2026-03-29 06:00:00",35807,
"2026-03-29 07:00:00",38696,
"2026-03-29 08:00:00",42996,
"2026-03-29 09:00:00",47247,
"2026-03-29 10:00:00",50314,
"2026-03-29 11:00:00",53792,
"2026-03-29 12:00:00",57567,
"2026-03-29 13:00:00",61099,
"2026-03-29 14:00:00",64566,
"2026-03-29 15:00:00",66346,
"2026-03-29 16:00:00",67054,
"2026-03-29 17:00:00",67327,
"2026-03-29 18:00:00",67985,
"2026-03-29 19:00:00",67609,
"2026-03-29 20:00:00",65189,
"2026-03-29 21:00:00",59777,
"2026-03-29 22:00:00",52246,
"2026-03-29 23:00:00",45172,
"2026-03-30 00:00:00",40186,40455
"2026-03-30 01:00:00",37057,
"2026-03-30 02:00:00",34274,
"2026-03-30 03:00:00",31615,
"2026-03-30 04:00:00",28612,
"2026-03-30 05:00:00",26608,
"2026-03-30 06:00:00",26024,
"2026-03-30 07:00:00",27840,
"2026-03-30 08:00:00",30124,
"2026-03-30 09:00:00",32367,
"2026-03-30 10:00:00",34557,
"2026-03-30 11:00:00",37364,
"2026-03-30 12:00:00",40874,
"2026-03-30 13:00:00",44853,
"2026-03-30 14:00:00",49207,
"2026-03-30 15:00:00",53353,
"2026-03-30 16:00:00",56659,
"2026-03-30 17:00:00",58613,
"2026-03-30 18:00:00",59344,
"2026-03-30 19:00:00",59160,
"2026-03-30 20:00:00",57425,
"2026-03-30 21:00:00",52423,
"2026-03-30 22:00:00",46236,
"2026-03-30 23:00:00",40137,
"2026-03-31 00:00:00",36930,38311
"2026-03-31 01:00:00",34656,
"2026-03-31 02:00:00",32065,
"2026-03-31 03:00:00",29618,
"2026-03-31 04:00:00",27428,
"2026-03-31 05:00:00",25466,
"2026-03-31 06:00:00",25681,
"2026-03-31 07:00:00",27432,
"2026-03-31 08:00:00",29232,
"2026-03-31 09:00:00",31366,
"2026-03-31 10:00:00",33341,
"2026-03-31 11:00:00",35753,
"2026-03-31 12:00:00",39148,
"2026-03-31 13:00:00",42748,
"2026-03-31 14:00:00",46736,
"2026-03-31 15:00:00",50739,
"2026-03-31 16:00:00",53383,
"2026-03-31 17:00:00",55366,
"2026-03-31 18:00:00",55831,
"2026-03-31 19:00:00",55319,
"2026-03-31 20:00:00",53549,
"2026-03-31 21:00:00",49467,
"2026-03-31 22:00:00",43657,
"2026-03-31 23:00:00",37865,
"2026-04-01 00:00:00",34537,36722
"2026-04-01 01:00:00",32489,
"2026-04-01 02:00:00",30475,
"2026-04-01 03:00:00",28424,
"2026-04-01 04:00:00",26280,
"2026-04-01 05:00:00",24540,
"2026-04-01 06:00:00",24899,
"2026-04-01 07:00:00",26361,
"2026-04-01 08:00:00",27985,
"2026-04-01 09:00:00",29896,
"2026-04-01 10:00:00",31915,
"2026-04-01 11:00:00",34288,
"2026-04-01 12:00:00",37697,
"2026-04-01 13:00:00",41204,
"2026-04-01 14:00:00",44530,
"2026-04-01 15:00:00",47843,
"2026-04-01 16:00:00",50514,
"2026-04-01 17:00:00",51698,
"2026-04-01 18:00:00",52685,
"2026-04-01 19:00:00",52680,
"2026-04-01 20:00:00",51082,
"2026-04-01 21:00:00",47250,
"2026-04-01 22:00:00",42069,
"2026-04-01 23:00:00",37060,
"2026-04-02 00:00:00",33940,36876
"2026-04-02 01:00:00",32038,
"2026-04-02 02:00:00",30439,
"2026-04-02 03:00:00",28106,
"2026-04-02 04:00:00",25979,
"2026-04-02 05:00:00",24272,
"2026-04-02 06:00:00",24816,
"2026-04-02 07:00:00",26544,
"2026-04-02 08:00:00",28398,
"2026-04-02 09:00:00",30154,
"2026-04-02 10:00:00",32114,
"2026-04-02 11:00:00",34634,
"2026-04-02 12:00:00",38080,
"2026-04-02 13:00:00",41406,
"2026-04-02 14:00:00",44714,
"2026-04-02 15:00:00",47447,
"2026-04-02 16:00:00",49717,
"2026-04-02 17:00:00",51543,
"2026-04-02 18:00:00",52224,
"2026-04-02 19:00:00",52268,
"2026-04-02 20:00:00",51643,
"2026-04-02 21:00:00",48936,
"2026-04-02 22:00:00",44225,
"2026-04-02 23:00:00",39170,
"2026-04-03 00:00:00",35489,39282
"2026-04-03 01:00:00",33249,
"2026-04-03 02:00:00",31529,
"2026-04-03 03:00:00",29905,
"2026-04-03 04:00:00",28247,
"2026-04-03 05:00:00",26768,
"2026-04-03 06:00:00",27587,
"2026-04-03 07:00:00",29702,
"2026-04-03 08:00:00",32300,
"2026-04-03 09:00:00",34442,
"2026-04-03 10:00:00",36825,
"2026-04-03 11:00:00",39580,
"2026-04-03 12:00:00",42303,
"2026-04-03 13:00:00",45820,
"2026-04-03 14:00:00",48268,
"2026-04-03 15:00:00",50383,
"2026-04-03 16:00:00",52108,
"2026-04-03 17:00:00",53186,
"2026-04-03 18:00:00",54008,
"2026-04-03 19:00:00",53937,
"2026-04-03 20:00:00",53223,
"2026-04-03 21:00:00",46125,
"2026-04-03 22:00:00",44893,
"2026-04-03 23:00:00",40092,
"2026-04-04 00:00:00",36197,40060
"2026-04-04 01:00:00",33580,
"2026-04-04 02:00:00",31645,
"2026-04-04 03:00:00",30217,
"2026-04-04 04:00:00",29021,
"2026-04-04 05:00:00",28556,
"2026-04-04 06:00:00",29779,
"2026-04-04 07:00:00",31916,
"2026-04-04 08:00:00",34240,
"2026-04-04 09:00:00",36652,
"2026-04-04 10:00:00",38637,
"2026-04-04 11:00:00",40833,
"2026-04-04 12:00:00",43763,
"2026-04-04 13:00:00",46607,
"2026-04-04 14:00:00",48885,
"2026-04-04 15:00:00",50370,
"2026-04-04 16:00:00",51110,
"2026-04-04 17:00:00",51583,
"2026-04-04 18:00:00",52228,
"2026-04-04 19:00:00",52228,
"2026-04-04 20:00:00",51804,
"2026-04-04 21:00:00",49360,
"2026-04-04 22:00:00",44877,
"2026-04-04 23:00:00",39651,
"2026-04-05 00:00:00",35545,39330
"2026-04-05 01:00:00",32647,
"2026-04-05 02:00:00",30688,
"2026-04-05 03:00:00",29439,
"2026-04-05 04:00:00",28523,
"2026-04-05 05:00:00",28316,
"2026-04-05 06:00:00",29794,
"2026-04-05 07:00:00",32145,
"2026-04-05 08:00:00",34938,
"2026-04-05 09:00:00",37225,
"2026-04-05 10:00:00",38358,
"2026-04-05 11:00:00",40220,
"2026-04-05 12:00:00",42973,
"2026-04-05 13:00:00",45665,
"2026-04-05 14:00:00",47893,
"2026-04-05 15:00:00",49408,
"2026-04-05 16:00:00",50361,
"2026-04-05 17:00:00",51020,
"2026-04-05 18:00:00",51252,
"2026-04-05 19:00:00",51031,
"2026-04-05 20:00:00",50627,
"2026-04-05 21:00:00",47736,
"2026-04-05 22:00:00",43195,
"2026-04-05 23:00:00",37870,
"2026-04-06 00:00:00",33732,34333
"2026-04-06 01:00:00",31055,
"2026-04-06 02:00:00",28831,
"2026-04-06 03:00:00",26575,
"2026-04-06 04:00:00",24367,
"2026-04-06 05:00:00",22990,
"2026-04-06 06:00:00",24154,
"2026-04-06 07:00:00",26502,
"2026-04-06 08:00:00",29487,
"2026-04-06 09:00:00",31809,
"2026-04-06 10:00:00",33618,
"2026-04-06 11:00:00",35847,
"2026-04-06 12:00:00",38175,
"2026-04-06 13:00:00",40614,
"2026-04-06 14:00:00",42643,
"2026-04-06 15:00:00",44523,
"2026-04-06 16:00:00",45519,
"2026-04-06 17:00:00",46235,
"2026-04-06 18:00:00",46353,
"2026-04-06 19:00:00",45590,
"2026-04-06 20:00:00",43465,
"2026-04-06 21:00:00",40214,
"2026-04-06 22:00:00",35516,
"2026-04-06 23:00:00",31474,
"2026-04-07 00:00:00",28617,29613
"2026-04-07 01:00:00",27054,
"2026-04-07 02:00:00",25239,
"2026-04-07 03:00:00",23500,
"2026-04-07 04:00:00",21653,
"2026-04-07 05:00:00",20076,
"2026-04-07 06:00:00",19940,
"2026-04-07 07:00:00",21321,
"2026-04-07 08:00:00",22612,
"2026-04-07 09:00:00",24298,
"2026-04-07 10:00:00",26172,
"2026-04-07 11:00:00",28140,
"2026-04-07 12:00:00",30662,
"2026-04-07 13:00:00",33386,
"2026-04-07 14:00:00",35887,
"2026-04-07 15:00:00",38747,
"2026-04-07 16:00:00",40659,
"2026-04-07 17:00:00",42045,
"2026-04-07 18:00:00",42510,
"2026-04-07 19:00:00",42348,
"2026-04-07 20:00:00",40632,
"2026-04-07 21:00:00",37140,
"2026-04-07 22:00:00",31199,
"2026-04-07 23:00:00",28768,
"2026-04-08 00:00:00",26520,27852
"2026-04-08 01:00:00",25288,
"2026-04-08 02:00:00",21185,
"2026-04-08 03:00:00",21285,
"2026-04-08 04:00:00",20528,
"2026-04-08 05:00:00",19170,
"2026-04-08 06:00:00",18930,
"2026-04-08 07:00:00",20332,
"2026-04-08 08:00:00",21561,
"2026-04-08 09:00:00",22978,
"2026-04-08 10:00:00",24257,
"2026-04-08 11:00:00",26074,
"2026-04-08 12:00:00",28344,
"2026-04-08 13:00:00",30897,
"2026-04-08 14:00:00",33731,
"2026-04-08 15:00:00",35857,
"2026-04-08 16:00:00",37717,
"2026-04-08 17:00:00",39329,
"2026-04-08 18:00:00",39790,
"2026-04-08 19:00:00",39629,
"2026-04-08 20:00:00",38510,
"2026-04-08 21:00:00",35468,
"2026-04-08 22:00:00",35384,
"2026-04-08 23:00:00",32315,
"2026-04-09 00:00:00",29383,29427
"2026-04-09 01:00:00",27381,
"2026-04-09 02:00:00",25603,
"2026-04-09 03:00:00",23791,
"2026-04-09 04:00:00",21907,
"2026-04-09 05:00:00",20490,
"2026-04-09 06:00:00",20473,
"2026-04-09 07:00:00",21577,
"2026-04-09 08:00:00",23009,
"2026-04-09 09:00:00",24178,
"2026-04-09 10:00:00",25656,
"2026-04-09 11:00:00",27672,
"2026-04-09 12:00:00",29840,
"2026-04-09 13:00:00",32512,
"2026-04-09 14:00:00",35457,
"2026-04-09 15:00:00",37785,
"2026-04-09 16:00:00",39913,
"2026-04-09 17:00:00",41156,
"2026-04-09 18:00:00",41593,
"2026-04-09 19:00:00",41629,
"2026-04-09 20:00:00",40242,
"2026-04-09 21:00:00",36922,
"2026-04-09 22:00:00",32452,
"2026-04-09 23:00:00",28652,
"2026-04-10 00:00:00",26392,29485
"2026-04-10 01:00:00",24878,
"2026-04-10 02:00:00",23875,
"2026-04-10 03:00:00",22303,
"2026-04-10 04:00:00",20772,
"2026-04-10 05:00:00",19402,
"2026-04-10 06:00:00",20101,
"2026-04-10 07:00:00",21299,
"2026-04-10 08:00:00",22801,
"2026-04-10 09:00:00",24296,
"2026-04-10 10:00:00",25805,
"2026-04-10 11:00:00",27992,
"2026-04-10 12:00:00",30553,
"2026-04-10 13:00:00",33315,
"2026-04-10 14:00:00",36275,
"2026-04-10 15:00:00",38023,
"2026-04-10 16:00:00",39450,
"2026-04-10 17:00:00",40430,
"2026-04-10 18:00:00",41075,
"2026-04-10 19:00:00",41082,
"2026-04-10 20:00:00",40981,
"2026-04-10 21:00:00",39033,
"2026-04-10 22:00:00",35895,
"2026-04-10 23:00:00",31932,
"2026-04-11 00:00:00",28570,32904
"2026-04-11 01:00:00",26524,
"2026-04-11 02:00:00",25397,
"2026-04-11 03:00:00",24455,
"2026-04-11 04:00:00",23291,
"2026-04-11 05:00:00",23259,
"2026-04-11 06:00:00",24591,
"2026-04-11 07:00:00",26497,
"2026-04-11 08:00:00",28575,
"2026-04-11 09:00:00",30386,
"2026-04-11 10:00:00",31751,
"2026-04-11 11:00:00",33912,
"2026-04-11 12:00:00",36161,
"2026-04-11 13:00:00",38657,
"2026-04-11 14:00:00",40621,
"2026-04-11 15:00:00",41767,
"2026-04-11 16:00:00",42436,
"2026-04-11 17:00:00",42975,
"2026-04-11 18:00:00",43439,
"2026-04-11 19:00:00",43399,
"2026-04-11 20:00:00",42519,
"2026-04-11 21:00:00",40522,
"2026-04-11 22:00:00",37026,
"2026-04-11 23:00:00",32583,
"2026-04-12 00:00:00",28986,32511
"2026-04-12 01:00:00",26811,
"2026-04-12 02:00:00",25464,
"2026-04-12 03:00:00",24525,
"2026-04-12 04:00:00",23572,
"2026-04-12 05:00:00",23540,
"2026-04-12 06:00:00",25105,
"2026-04-12 07:00:00",27271,
"2026-04-12 08:00:00",29652,
"2026-04-12 09:00:00",31538,
"2026-04-12 10:00:00",32796,
"2026-04-12 11:00:00",34711,
"2026-04-12 12:00:00",36772,
"2026-04-12 13:00:00",39240,
"2026-04-12 14:00:00",40453,
"2026-04-12 15:00:00",41688,
"2026-04-12 16:00:00",42287,
"2026-04-12 17:00:00",42885,
"2026-04-12 18:00:00",43013,
"2026-04-12 19:00:00",42629,
"2026-04-12 20:00:00",40886,
"2026-04-12 21:00:00",37095,
"2026-04-12 22:00:00",32245,
"2026-04-12 23:00:00",27760,
"2026-04-13 00:00:00",25111,25134
"2026-04-13 01:00:00",23065,
"2026-04-13 02:00:00",21722,
"2026-04-13 03:00:00",20270,
"2026-04-13 04:00:00",18520,
"2026-04-13 05:00:00",17230,
"2026-04-13 06:00:00",17236,
"2026-04-13 07:00:00",18376,
"2026-04-13 08:00:00",19688,
"2026-04-13 09:00:00",20845,
"2026-04-13 10:00:00",21959,
"2026-04-13 11:00:00",23506,
"2026-04-13 12:00:00",25465,
"2026-04-13 13:00:00",27878,
"2026-04-13 14:00:00",30106,
"2026-04-13 15:00:00",32709,
"2026-04-13 16:00:00",34595,
"2026-04-13 17:00:00",35760,
"2026-04-13 18:00:00",36033,
"2026-04-13 19:00:00",35987,
"2026-04-13 20:00:00",34359,
"2026-04-13 21:00:00",31347,
"2026-04-13 22:00:00",27545,
"2026-04-13 23:00:00",24159,
"2026-04-14 00:00:00",22356,23266
"2026-04-14 01:00:00",21382,
"2026-04-14 02:00:00",20303,
"2026-04-14 03:00:00",18968,
"2026-04-14 04:00:00",17648,
"2026-04-14 05:00:00",16366,
"2026-04-14 06:00:00",16481,
"2026-04-14 07:00:00",17297,
"2026-04-14 08:00:00",18217,
"2026-04-14 09:00:00",19308,
"2026-04-14 10:00:00",20172,
"2026-04-14 11:00:00",21927,
"2026-04-14 12:00:00",23916,
"2026-04-14 13:00:00",25961,
"2026-04-14 14:00:00",28030,
"2026-04-14 15:00:00",29959,
"2026-04-14 16:00:00",31534,
"2026-04-14 17:00:00",32841,
"2026-04-14 18:00:00",33174,
"2026-04-14 19:00:00",33021,
"2026-04-14 20:00:00",31682,
"2026-04-14 21:00:00",28856,
"2026-04-14 22:00:00",25518,
"2026-04-14 23:00:00",22065,
"2026-04-15 00:00:00",20472,21211
"2026-04-15 01:00:00",19571,
"2026-04-15 02:00:00",18652,
"2026-04-15 03:00:00",17396,
"2026-04-15 04:00:00",16116,
"2026-04-15 05:00:00",15104,
"2026-04-15 06:00:00",15242,
"2026-04-15 07:00:00",15910,
"2026-04-15 08:00:00",16915,
"2026-04-15 09:00:00",17773,
"2026-04-15 10:00:00",18685,
"2026-04-15 11:00:00",19729,
"2026-04-15 12:00:00",21272,
"2026-04-15 13:00:00",23475,
"2026-04-15 14:00:00",25387,
"2026-04-15 15:00:00",27259,
"2026-04-15 16:00:00",28628,
"2026-04-15 17:00:00",29699,
"2026-04-15 18:00:00",30157,
"2026-04-15 19:00:00",29943,
"2026-04-15 20:00:00",28651,
"2026-04-15 21:00:00",25854,
"2026-04-15 22:00:00",22929,
"2026-04-15 23:00:00",19998,
"2026-04-16 00:00:00",18596,19834
"2026-04-16 01:00:00",17742,
"2026-04-16 02:00:00",16989,
"2026-04-16 03:00:00",15843,
"2026-04-16 04:00:00",14739,
"2026-04-16 05:00:00",13881,
"2026-04-16 06:00:00",13942,
"2026-04-16 07:00:00",14719,
"2026-04-16 08:00:00",15631,
"2026-04-16 09:00:00",16438,
"2026-04-16 10:00:00",16526,
"2026-04-16 10:10:00",16563,
"2026-04-16 10:20:00",16767,
"2026-04-16 10:30:00",16901,
"2026-04-16 10:40:00",17079,
"2026-04-16 10:50:00",17258,
"2026-04-16 11:00:00",17397,
"2026-04-16 11:10:00",17553,
"2026-04-16 11:20:00",17800,
"2026-04-16 11:30:00",18015,
"2026-04-16 11:40:00",18199,
"2026-04-16 11:50:00",18304,
"2026-04-16 12:00:00",18703,
"2026-04-16 12:10:00",18955,
"2026-04-16 12:20:00",19296,
"2026-04-16 12:30:00",19707,
"2026-04-16 12:40:00",20013,
"2026-04-16 12:50:00",20358,
"2026-04-16 13:00:00",20518,
"2026-04-16 13:10:00",20822,
"2026-04-16 13:20:00",21136,
"2026-04-16 13:30:00",21398,
"2026-04-16 13:40:00",21722,
"2026-04-16 13:50:00",22073,
"2026-04-16 14:00:00",22371,
"2026-04-16 14:10:00",22643,
"2026-04-16 14:20:00",22840,
"2026-04-16 14:30:00",23096,
"2026-04-16 14:40:00",23421,
"2026-04-16 14:50:00",23703,
"2026-04-16 15:00:00",23991,
"2026-04-16 15:10:00",24238,
"2026-04-16 15:20:00",24623,
"2026-04-16 15:30:00",24950,
"2026-04-16 15:40:00",25278,
"2026-04-16 15:50:00",25464,
"2026-04-16 16:00:00",25853,
"2026-04-16 16:10:00",26153,
"2026-04-16 16:20:00",26332,
"2026-04-16 16:30:00",26514,
"2026-04-16 16:40:00",26572,
"2026-04-16 16:50:00",26863,
"2026-04-16 17:00:00",26941,
"2026-04-16 17:10:00",27218,
"2026-04-16 17:20:00",27443,
"2026-04-16 17:30:00",27593,
"2026-04-16 17:40:00",27777,
"2026-04-16 17:50:00",27910,
"2026-04-16 18:00:00",28018,
"2026-04-16 18:10:00",28160,
"2026-04-16 18:20:00",28291,
"2026-04-16 18:30:00",28372,
"2026-04-16 18:40:00",28473,
"2026-04-16 18:50:00",28509,
"2026-04-16 19:00:00",28380,
"2026-04-16 19:10:00",28306,
"2026-04-16 19:20:00",28082,
"2026-04-16 19:30:00",27866,
"2026-04-16 19:40:00",27712,
"2026-04-16 19:50:00",27627,
"2026-04-16 20:00:00",27226,
"2026-04-16 20:10:00",26933,
"2026-04-16 20:20:00",26597,
"2026-04-16 20:30:00",26151,
"2026-04-16 20:40:00",25700,
"2026-04-16 20:50:00",25164,
"2026-04-16 21:00:00",24751,
"2026-04-16 21:10:00",24184,
"2026-04-16 21:20:00",23588,
"2026-04-16 21:30:00",23128,
"2026-04-16 21:40:00",22566,
"2026-04-16 21:50:00",22224,
"2026-04-16 22:00:00",21838,
"2026-04-16 22:10:00",21285,
"2026-04-16 22:20:00",20847,
"2026-04-16 22:30:00",20402,
"2026-04-16 22:40:00",20022,
"2026-04-16 22:50:00",19661,
"2026-04-16 23:00:00",19419,
"2026-04-16 23:10:00",19146,
"2026-04-16 23:20:00",18873,
"2026-04-16 23:30:00",18664,
"2026-04-16 23:40:00",18388,
"2026-04-16 23:50:00",18179,
"2026-04-17 00:00:00",18008,19597
"2026-04-17 00:10:00",17683,
"2026-04-17 00:20:00",17621,
"2026-04-17 00:30:00",17543,
"2026-04-17 00:40:00",17383,
"2026-04-17 00:50:00",17244,
"2026-04-17 01:00:00",17024,
"2026-04-17 01:10:00",16898,
"2026-04-17 01:20:00",16748,
"2026-04-17 01:30:00",16535,
"2026-04-17 01:40:00",16448,
"2026-04-17 01:50:00",16370,
"2026-04-17 02:00:00",16135,
"2026-04-17 02:10:00",15890,
"2026-04-17 02:20:00",15710,
"2026-04-17 02:30:00",15571,
"2026-04-17 02:40:00",15443,
"2026-04-17 02:50:00",15296,
"2026-04-17 03:00:00",15089,
"2026-04-17 03:10:00",14896,
"2026-04-17 03:20:00",14814,
"2026-04-17 03:30:00",14633,
"2026-04-17 03:40:00",14472,
"2026-04-17 03:50:00",14316,
"2026-04-17 04:00:00",14217,
"2026-04-17 04:10:00",13986,
"2026-04-17 04:20:00",13851,
"2026-04-17 04:30:00",13779,
"2026-04-17 04:40:00",13659,
"2026-04-17 04:50:00",13554,
"2026-04-17 05:00:00",13487,
"2026-04-17 05:10:00",13299,
"2026-04-17 05:20:00",13246,
"2026-04-17 05:30:00",13228,
"2026-04-17 05:40:00",13212,
"2026-04-17 05:50:00",13288,
"2026-04-17 06:00:00",13302,
"2026-04-17 06:10:00",13317,
"2026-04-17 06:20:00",13339,
"2026-04-17 06:30:00",13495,
"2026-04-17 06:40:00",13589,
"2026-04-17 06:50:00",13708,
"2026-04-17 07:00:00",13719,
"2026-04-17 07:10:00",13867,
"2026-04-17 07:20:00",14004,
"2026-04-17 07:30:00",14149,
"2026-04-17 07:40:00",14309,
"2026-04-17 07:50:00",14450,
"2026-04-17 08:00:00",14603,
"2026-04-17 08:10:00",14737,
"2026-04-17 08:20:00",14911,
"2026-04-17 08:30:00",14997,
"2026-04-17 08:40:00",15154,
"2026-04-17 08:50:00",15279,
"2026-04-17 09:00:00",15381,
"2026-04-17 09:10:00",15557,
"2026-04-17 09:20:00",15697,
"2026-04-17 09:30:00",15770,
"2026-04-17 09:40:00",15933,
"2026-04-17 09:50:00",16081,
"2026-04-17 10:00:00",16147,
"2026-04-17 10:10:00",16200,
"2026-04-17 10:20:00",16406,
"2026-04-17 10:30:00",16495,
"2026-04-17 10:40:00",16701,
"2026-04-17 10:50:00",16945,
"2026-04-17 11:00:00",17022,
"2026-04-17 11:10:00",17183,
"2026-04-17 11:20:00",17329,
"2026-04-17 11:30:00",17530,
"2026-04-17 11:40:00",17767,
"2026-04-17 11:50:00",18070,
"2026-04-17 12:00:00",18219,
"2026-04-17 12:10:00",18554,
"2026-04-17 12:20:00",18953,
"2026-04-17 12:30:00",19245,
"2026-04-17 12:40:00",19629,
"2026-04-17 12:50:00",19961,
"2026-04-17 13:00:00",20319,
"2026-04-17 13:10:00",20570,
"2026-04-17 13:20:00",20851,
"2026-04-17 13:30:00",21145,
"2026-04-17 13:40:00",21449,
"2026-04-17 13:50:00",21866,
"2026-04-17 14:00:00",22056,
"2026-04-17 14:10:00",22355,
"2026-04-17 14:20:00",22706,
"2026-04-17 14:30:00",23033,
"2026-04-17 14:40:00",23308,
"2026-04-17 14:50:00",23549,
"2026-04-17 15:00:00",23821,
"2026-04-17 15:10:00",24036,
"2026-04-17 15:20:00",24265,
"2026-04-17 15:30:00",24535,
"2026-04-17 15:40:00",24688,
"2026-04-17 15:50:00",24882,
"2026-04-17 16:00:00",25078,
"2026-04-17 16:10:00",25247,
"2026-04-17 16:20:00",25376,
"2026-04-17 16:30:00",25447,
"2026-04-17 16:40:00",25616,
"2026-04-17 16:50:00",25749,
"2026-04-17 17:00:00",25931,
"2026-04-17 17:10:00",26055,
"2026-04-17 17:20:00",26203,
"2026-04-17 17:30:00",26296,
"2026-04-17 17:40:00",26455,
"2026-04-17 17:50:00",26632,
"2026-04-17 18:00:00",26779,
"2026-04-17 18:10:00",26897,
"2026-04-17 18:20:00",27061,
"2026-04-17 18:30:00",27180,
"2026-04-17 18:40:00",27351,
"2026-04-17 18:50:00",27448,
"2026-04-17 19:00:00",27523,
"2026-04-17 19:10:00",27477,
"2026-04-17 19:20:00",27421,
"2026-04-17 19:30:00",27370,
"2026-04-17 19:40:00",27387,
"2026-04-17 19:50:00",27338,
"2026-04-17 20:00:00",27169,
"2026-04-17 20:10:00",27136,
"2026-04-17 20:20:00",27033,
"2026-04-17 20:30:00",26948,
"2026-04-17 20:40:00",26666,
"2026-04-17 20:50:00",26239,
"2026-04-17 21:00:00",25936,
"2026-04-17 21:10:00",25597,
"2026-04-17 21:20:00",25054,
"2026-04-17 21:30:00",24706,
"2026-04-17 21:40:00",24365,
"2026-04-17 21:50:00",23879,
"2026-04-17 22:00:00",23600,
"2026-04-17 22:10:00",23077,
"2026-04-17 22:20:00",22616,
"2026-04-17 22:30:00",22169,
"2026-04-17 22:40:00",21727,
"2026-04-17 22:50:00",21234,
"2026-04-17 23:00:00",20834,
"2026-04-17 23:10:00",20277,
"2026-04-17 23:20:00",20036,
"2026-04-17 23:30:00",19674,
"2026-04-17 23:40:00",19392,
"2026-04-17 23:50:00",19048,
"2026-04-18 00:00:00",18772,22076
"2026-04-18 00:10:00",18505,
"2026-04-18 00:20:00",18208,
"2026-04-18 00:30:00",18110,
"2026-04-18 00:40:00",17931,
"2026-04-18 00:50:00",17905,
"2026-04-18 01:00:00",17778,
"2026-04-18 01:10:00",17610,
"2026-04-18 01:20:00",17552,
"2026-04-18 01:30:00",17469,
"2026-04-18 01:40:00",17301,
"2026-04-18 01:50:00",17214,
"2026-04-18 02:00:00",17096,
"2026-04-18 02:10:00",16950,
"2026-04-18 02:20:00",16904,
"2026-04-18 02:30:00",16807,
"2026-04-18 02:40:00",16663,
"2026-04-18 02:50:00",16535,
"2026-04-18 03:00:00",16425,
"2026-04-18 03:10:00",16276,
"2026-04-18 03:20:00",16163,
"2026-04-18 03:30:00",16060,
"2026-04-18 03:40:00",15980,
"2026-04-18 03:50:00",15840,
"2026-04-18 04:00:00",15795,
"2026-04-18 04:10:00",15737,
"2026-04-18 04:20:00",15648,
"2026-04-18 04:30:00",15562,
"2026-04-18 04:40:00",15582,
"2026-04-18 04:50:00",15679,
"2026-04-18 05:00:00",15662,
"2026-04-18 05:10:00",15703,
"2026-04-18 05:20:00",15770,
"2026-04-18 05:30:00",15880,
"2026-04-18 05:40:00",15970,
"2026-04-18 05:50:00",16032,
"2026-04-18 06:00:00",16106,
"2026-04-18 06:10:00",16201,
"2026-04-18 06:20:00",16365,
"2026-04-18 06:30:00",16544,
"2026-04-18 06:40:00",16727,
"2026-04-18 06:50:00",16860,
"2026-04-18 07:00:00",16881,
"2026-04-18 07:10:00",17005,
"2026-04-18 07:20:00",17258,
"2026-04-18 07:30:00",17459,
"2026-04-18 07:40:00",17647,
"2026-04-18 07:50:00",17876,
"2026-04-18 08:00:00",18064,
"2026-04-18 08:10:00",18289,
"2026-04-18 08:20:00",18548,
"2026-04-18 08:30:00",18822,
"2026-04-18 08:40:00",19085,
"2026-04-18 08:50:00",19284,
"2026-04-18 09:00:00",19500,
"2026-04-18 09:10:00",19665,
"2026-04-18 09:20:00",19919,
"2026-04-18 09:30:00",20026,
"2026-04-18 09:40:00",20294,
"2026-04-18 09:50:00",20436,
"2026-04-18 10:00:00",20531,
"2026-04-18 10:10:00",20574,
"2026-04-18 10:20:00",20693,
"2026-04-18 10:30:00",20942,
"2026-04-18 10:40:00",21166,
"2026-04-18 10:50:00",21404,
"2026-04-18 11:00:00",21588,
"2026-04-18 11:10:00",21727,
"2026-04-18 11:20:00",22010,
"2026-04-18 11:30:00",22234,
"2026-04-18 11:40:00",22547,
"2026-04-18 11:50:00",22958,
"2026-04-18 12:00:00",23118,
"2026-04-18 12:10:00",23276,
"2026-04-18 12:20:00",23565,
"2026-04-18 12:30:00",23849,
"2026-04-18 12:40:00",24148,
"2026-04-18 12:50:00",24428,
"2026-04-18 13:00:00",24645,
"2026-04-18 13:10:00",24909,
"2026-04-18 13:20:00",25263,
"2026-04-18 13:30:00",25442,
"2026-04-18 13:40:00",25734,
"2026-04-18 13:50:00",26014,
"2026-04-18 14:00:00",26157,
"2026-04-18 14:10:00",26375,
"2026-04-18 14:20:00",26668,
"2026-04-18 14:30:00",26877,
"2026-04-18 14:40:00",27000,
"2026-04-18 14:50:00",27251,
"2026-04-18 15:00:00",27407,
"2026-04-18 15:10:00",27521,
"2026-04-18 15:20:00",27663,
"2026-04-18 15:30:00",27647,
"2026-04-18 15:40:00",27713,
"2026-04-18 15:50:00",27845,
"2026-04-18 16:00:00",27910,
"2026-04-18 16:10:00",27911,
"2026-04-18 16:20:00",28045,
"2026-04-18 16:30:00",28148,
"2026-04-18 16:40:00",28240,
"2026-04-18 16:50:00",28321,
"2026-04-18 17:00:00",28356,
"2026-04-18 17:10:00",28293,
"2026-04-18 17:20:00",28390,
"2026-04-18 17:30:00",28572,
"2026-04-18 17:40:00",28683,
"2026-04-18 17:50:00",28779,
"2026-04-18 18:00:00",28811,
"2026-04-18 18:10:00",28843,
"2026-04-18 18:20:00",28950,
"2026-04-18 18:30:00",28971,
"2026-04-18 18:40:00",29051,
"2026-04-18 18:50:00",29183,
"2026-04-18 19:00:00",29097,
"2026-04-18 19:10:00",29060,
"2026-04-18 19:20:00",29012,
"2026-04-18 19:30:00",28933,
"2026-04-18 19:40:00",28770,
"2026-04-18 19:50:00",28637,
"2026-04-18 20:00:00",28592,
"2026-04-18 20:10:00",28357,
"2026-04-18 20:20:00",28046,
"2026-04-18 20:30:00",27865,
"2026-04-18 20:40:00",27619,
"2026-04-18 20:50:00",27269,
"2026-04-18 21:00:00",26963,
"2026-04-18 21:10:00",26563,
"2026-04-18 21:20:00",26300,
"2026-04-18 21:30:00",25619,
"2026-04-18 21:40:00",25216,
"2026-04-18 21:50:00",24711,
"2026-04-18 22:00:00",24209,
"2026-04-18 22:10:00",23582,
"2026-04-18 22:20:00",23260,
"2026-04-18 22:30:00",22700,
"2026-04-18 22:40:00",22394,
"2026-04-18 22:50:00",22005,
"2026-04-18 23:00:00",21489,
"2026-04-18 23:10:00",21023,
"2026-04-18 23:20:00",20588,
"2026-04-18 23:30:00",20278,
"2026-04-18 23:40:00",19958,
"2026-04-18 23:50:00",19622,
"2026-04-19 00:00:00",19268,22177
"2026-04-19 00:10:00",18926,
"2026-04-19 00:20:00",18742,
"2026-04-19 00:30:00",18455,
"2026-04-19 00:40:00",18231,
"2026-04-19 00:50:00",18008,
"2026-04-19 01:00:00",17877,
"2026-04-19 01:10:00",17663,
"2026-04-19 01:20:00",17457,
"2026-04-19 01:30:00",17366,
"2026-04-19 01:40:00",17260,
"2026-04-19 01:50:00",17203,
"2026-04-19 02:00:00",17110,
"2026-04-19 02:10:00",16968,
"2026-04-19 02:20:00",16852,
"2026-04-19 02:30:00",16703,
"2026-04-19 02:40:00",16621,
"2026-04-19 02:50:00",16609,
"2026-04-19 03:00:00",16498,
"2026-04-19 03:10:00",16339,
"2026-04-19 03:20:00",16292,
"2026-04-19 03:30:00",16201,
"2026-04-19 03:40:00",16176,
"2026-04-19 03:50:00",16081,
"2026-04-19 04:00:00",15979,
"2026-04-19 04:10:00",15938,
"2026-04-19 04:20:00",15912,
"2026-04-19 04:30:00",15877,
"2026-04-19 04:40:00",15892,
"2026-04-19 04:50:00",15893,
"2026-04-19 05:00:00",15920,
"2026-04-19 05:10:00",15930,
"2026-04-19 05:20:00",15921,
"2026-04-19 05:30:00",16037,
"2026-04-19 05:40:00",16204,
"2026-04-19 05:50:00",16347,
"2026-04-19 06:00:00",16460,
"2026-04-19 06:10:00",16620,
"2026-04-19 06:20:00",16781,
"2026-04-19 06:30:00",16989,
"2026-04-19 06:40:00",17083,
"2026-04-19 06:50:00",17291,
"2026-04-19 07:00:00",17578,
"2026-04-19 07:10:00",17816,
"2026-04-19 07:20:00",18099,
"2026-04-19 07:30:00",18429,
"2026-04-19 07:40:00",18620,
"2026-04-19 07:50:00",18921,
"2026-04-19 08:00:00",19185,
"2026-04-19 08:10:00",19467,
"2026-04-19 08:20:00",19837,
"2026-04-19 08:30:00",20142,
"2026-04-19 08:40:00",20460,
"2026-04-19 08:50:00",20735,
"2026-04-19 09:00:00",20925,
"2026-04-19 09:10:00",21194,
"2026-04-19 09:20:00",21338,
"2026-04-19 09:30:00",21534,
"2026-04-19 09:40:00",21746,
"2026-04-19 09:50:00",21952,
"2026-04-19 10:00:00",22018,
"2026-04-19 10:10:00",22207,
"2026-04-19 10:20:00",22249,
"2026-04-19 10:30:00",22485,
"2026-04-19 10:40:00",22727,
"2026-04-19 10:50:00",22911,
"2026-04-19 11:00:00",23089,
"2026-04-19 11:10:00",23298,
"2026-04-19 11:20:00",23468,
"2026-04-19 11:30:00",23611,
"2026-04-19 11:40:00",23850,
"2026-04-19 11:50:00",24029,
"2026-04-19 12:00:00",24261,
"2026-04-19 12:10:00",24511,
"2026-04-19 12:20:00",24726,
"2026-04-19 12:30:00",24949,
"2026-04-19 12:40:00",25177,
"2026-04-19 12:50:00",25478,
"2026-04-19 13:00:00",25698,
"2026-04-19 13:10:00",25908,
"2026-04-19 13:20:00",26147,
"2026-04-19 13:30:00",26345,
"2026-04-19 13:40:00",26596,
"2026-04-19 13:50:00",26950,
"2026-04-19 14:00:00",27128,
"2026-04-19 14:10:00",27366,
"2026-04-19 14:20:00",27580,
"2026-04-19 14:30:00",27811,
"2026-04-19 14:40:00",28133,
"2026-04-19 14:50:00",28184,
"2026-04-19 15:00:00",28308,
"2026-04-19 15:10:00",28386,
"2026-04-19 15:20:00",28480,
"2026-04-19 15:30:00",28449,
"2026-04-19 15:40:00",28518,
"2026-04-19 15:50:00",28540,
"2026-04-19 16:00:00",28642,
"2026-04-19 16:10:00",28755,
"2026-04-19 16:20:00",28754,
"2026-04-19 16:30:00",28770,
"2026-04-19 16:40:00",28872,
"2026-04-19 16:50:00",28964,
"2026-04-19 17:00:00",29023,
"2026-04-19 17:10:00",28981,
"2026-04-19 17:20:00",29017,
"2026-04-19 17:30:00",29027,
"2026-04-19 17:40:00",29051,
"2026-04-19 17:50:00",29050,
"2026-04-19 18:00:00",29054,
"2026-04-19 18:10:00",29102,
"2026-04-19 18:20:00",29114,
"2026-04-19 18:30:00",29084,
"2026-04-19 18:40:00",29105,
"2026-04-19 18:50:00",29041,
"2026-04-19 19:00:00",28882,
"2026-04-19 19:10:00",28630,
"2026-04-19 19:20:00",28540,
"2026-04-19 19:30:00",28360,
"2026-04-19 19:40:00",28043,
"2026-04-19 19:50:00",27687,
"2026-04-19 20:00:00",27376,
"2026-04-19 20:10:00",26944,
"2026-04-19 20:20:00",26418,
"2026-04-19 20:30:00",26090,
"2026-04-19 20:40:00",25757,
"2026-04-19 20:50:00",25250,
"2026-04-19 21:00:00",24678,
"2026-04-19 21:10:00",24126,
"2026-04-19 21:20:00",23564,
"2026-04-19 21:30:00",23005,
"2026-04-19 21:40:00",22482,
"2026-04-19 21:50:00",22026,
"2026-04-19 22:00:00",21363,
"2026-04-19 22:10:00",20832,
"2026-04-19 22:20:00",20366,
"2026-04-19 22:30:00",19847,
"2026-04-19 22:40:00",19280,
"2026-04-19 22:50:00",18874,
"2026-04-19 23:00:00",18490,
"2026-04-19 23:10:00",18059,
"2026-04-19 23:20:00",17660,
"2026-04-19 23:30:00",17453,
"2026-04-19 23:40:00",17185,
"2026-04-19 23:50:00",16937,
"2026-04-20 00:00:00",16695,16772
"2026-04-20 00:10:00",16459,
"2026-04-20 00:20:00",16185,
"2026-04-20 00:30:00",16055,
"2026-04-20 00:40:00",15575,
"2026-04-20 00:50:00",14756,
"2026-04-20 01:00:00",12526,
"2026-04-20 01:10:00",4492,
"2026-04-20 01:20:00",4116,
"2026-04-20 01:30:00",6246,
"2026-04-20 01:40:00",9658,
"2026-04-20 01:50:00",11237,
"2026-04-20 02:00:00",12140,
"2026-04-20 02:10:00",12690,
"2026-04-20 02:20:00",13133,
"2026-04-20 02:30:00",13305,
"2026-04-20 02:40:00",13404,
"2026-04-20 02:50:00",13435,
"2026-04-20 03:00:00",13382,
"2026-04-20 03:10:00",13294,
"2026-04-20 03:20:00",13276,
"2026-04-20 03:30:00",13086,
"2026-04-20 03:40:00",12955,
"2026-04-20 03:50:00",12829,
"2026-04-20 04:00:00",12748,
"2026-04-20 04:10:00",12579,
"2026-04-20 04:20:00",12303,
"2026-04-20 04:30:00",12089,
"2026-04-20 04:40:00",12007,
"2026-04-20 04:50:00",11958,
"2026-04-20 05:00:00",11793,
"2026-04-20 05:10:00",11586,
"2026-04-20 05:20:00",11480,
"2026-04-20 05:30:00",11474,
"2026-04-20 05:40:00",11442,
"2026-04-20 05:50:00",11518,
"2026-04-20 06:00:00",11517,
"2026-04-20 06:10:00",11524,
"2026-04-20 06:20:00",11622,
"2026-04-20 06:30:00",11747,
"2026-04-20 06:40:00",11827,
"2026-04-20 06:50:00",11901,
"2026-04-20 07:00:00",11866,
"2026-04-20 07:10:00",12018,
"2026-04-20 07:20:00",12145,
"2026-04-20 07:30:00",12339,
"2026-04-20 07:40:00",12448,
"2026-04-20 07:50:00",12590,
"2026-04-20 08:00:00",12737,
"2026-04-20 08:10:00",12883,
"2026-04-20 08:20:00",12966,
"2026-04-20 08:30:00",13057,
"2026-04-20 08:40:00",13045,
"2026-04-20 08:50:00",13203,
"2026-04-20 09:00:00",13347,
"2026-04-20 09:10:00",13498,
"2026-04-20 09:20:00",13681,
"2026-04-20 09:30:00",13789,
"2026-04-20 09:40:00",13912,
"2026-04-20 09:50:00",13974,
"2026-04-20 10:00:00",14044,
"2026-04-20 10:10:00",14178,
"2026-04-20 10:20:00",14297,
"2026-04-20 10:30:00",14588,
"2026-04-20 10:40:00",14819,
"2026-04-20 10:50:00",14881,
"2026-04-20 11:00:00",15035,
"2026-04-20 11:10:00",15192,
"2026-04-20 11:20:00",15506,
"2026-04-20 11:30:00",15713,
"2026-04-20 11:40:00",15948,
"2026-04-20 11:50:00",16217,
"2026-04-20 12:00:00",16321,
"2026-04-20 12:10:00",16534,
"2026-04-20 12:20:00",16760,
"2026-04-20 12:30:00",17013,
"2026-04-20 12:40:00",17311,
"2026-04-20 12:50:00",17563,
"2026-04-20 13:00:00",17772,
"2026-04-20 13:10:00",17976,
"2026-04-20 13:20:00",18280,
"2026-04-20 13:30:00",18415,
"2026-04-20 13:40:00",18644,
"2026-04-20 13:50:00",18980,
"2026-04-20 14:00:00",19243,
"2026-04-20 14:10:00",19515,
"2026-04-20 14:20:00",19923,
"2026-04-20 14:30:00",20311,
"2026-04-20 14:40:00",20634,
"2026-04-20 14:50:00",20921,
"2026-04-20 15:00:00",21202,
"2026-04-20 15:10:00",21443,
"2026-04-20 15:20:00",21758,
"2026-04-20 15:30:00",22198,
"2026-04-20 15:40:00",22445,
"2026-04-20 15:50:00",22668,
"2026-04-20 16:00:00",22845,
"2026-04-20 16:10:00",23127,
"2026-04-20 16:20:00",23316,
"2026-04-20 16:30:00",23544,
"2026-04-20 16:40:00",23723,
"2026-04-20 16:50:00",23901,
"2026-04-20 17:00:00",23916,
"2026-04-20 17:10:00",24020,
"2026-04-20 17:20:00",24113,
"2026-04-20 17:30:00",24261,
"2026-04-20 17:40:00",24367,
"2026-04-20 17:50:00",24475,
"2026-04-20 18:00:00",24586,
"2026-04-20 18:10:00",24675,
"2026-04-20 18:20:00",24736,
"2026-04-20 18:30:00",24611,
"2026-04-20 18:40:00",24625,
"2026-04-20 18:50:00",24637,
"2026-04-20 19:00:00",24577,
"2026-04-20 19:10:00",24471,
"2026-04-20 19:20:00",24359,
"2026-04-20 19:30:00",24344,
"2026-04-20 19:40:00",24117,
"2026-04-20 19:50:00",23919,
"2026-04-20 20:00:00",23677,
"2026-04-20 20:10:00",23305,
"2026-04-20 20:20:00",22891,
"2026-04-20 20:30:00",22522,
"2026-04-20 20:40:00",22141,
"2026-04-20 20:50:00",21638,
"2026-04-20 21:00:00",21181,
"2026-04-20 21:10:00",20773,
"2026-04-20 21:20:00",20278,
"2026-04-20 21:30:00",19794,
"2026-04-20 21:40:00",19468,
"2026-04-20 21:50:00",19055,
"2026-04-20 22:00:00",18523,
"2026-04-20 22:10:00",18185,
"2026-04-20 22:20:00",17580,
"2026-04-20 22:30:00",17256,
"2026-04-20 22:40:00",17023,
"2026-04-20 22:50:00",16743,
"2026-04-20 23:00:00",16403,
"2026-04-20 23:10:00",16101,
"2026-04-20 23:20:00",15891,
"2026-04-20 23:30:00",15636,
"2026-04-20 23:40:00",15488,
"2026-04-20 23:50:00",15347,
"2026-04-21 00:00:00",15116,16295
"2026-04-21 00:10:00",14903,
"2026-04-21 00:20:00",14762,
"2026-04-21 00:30:00",14625,
"2026-04-21 00:40:00",14540,
"2026-04-21 00:50:00",14423,
"2026-04-21 01:00:00",14362,
"2026-04-21 01:10:00",14307,
"2026-04-21 01:20:00",14271,
"2026-04-21 01:30:00",14196,
"2026-04-21 01:40:00",14124,
"2026-04-21 01:50:00",13990,
"2026-04-21 02:00:00",13808,
"2026-04-21 02:10:00",13682,
"2026-04-21 02:20:00",13575,
"2026-04-21 02:30:00",13513,
"2026-04-21 02:40:00",13382,
"2026-04-21 02:50:00",13233,
"2026-04-21 03:00:00",13049,
"2026-04-21 03:10:00",12838,
"2026-04-21 03:20:00",12671,
"2026-04-21 03:30:00",12507,
"2026-04-21 03:40:00",12346,
"2026-04-21 03:50:00",12207,
"2026-04-21 04:00:00",11988,
"2026-04-21 04:10:00",11856,
"2026-04-21 04:20:00",11782,
"2026-04-21 04:30:00",11670,
"2026-04-21 04:40:00",11535,
"2026-04-21 04:50:00",11394,
"2026-04-21 05:00:00",11315,
"2026-04-21 05:10:00",11235,
"2026-04-21 05:20:00",11204,
"2026-04-21 05:30:00",11247,
"2026-04-21 05:40:00",11225,
"2026-04-21 05:50:00",11248,
"2026-04-21 06:00:00",11241,
"2026-04-21 06:10:00",11218,
"2026-04-21 06:20:00",11299,
"2026-04-21 06:30:00",11377,
"2026-04-21 06:40:00",11462,
"2026-04-21 06:50:00",11565,
"2026-04-21 07:00:00",11645,
"2026-04-21 07:10:00",11684,
"2026-04-21 07:20:00",11818,
"2026-04-21 07:30:00",11964,
"2026-04-21 07:40:00",12065,
"2026-04-21 07:50:00",12172,
"2026-04-21 08:00:00",12261,
"2026-04-21 08:10:00",12358,
"2026-04-21 08:20:00",12479,
"2026-04-21 08:30:00",12580,
"2026-04-21 08:40:00",12690,
"2026-04-21 08:50:00",12811,
"2026-04-21 09:00:00",12905,
"2026-04-21 09:10:00",13070,
"2026-04-21 09:20:00",13252,
"2026-04-21 09:30:00",13356,
"2026-04-21 09:40:00",13483,
"2026-04-21 09:50:00",13542,
"2026-04-21 10:00:00",13608,
"2026-04-21 10:10:00",13687,
"2026-04-21 10:20:00",13760,
"2026-04-21 10:30:00",13895,
"2026-04-21 10:40:00",14128,
"2026-04-21 10:50:00",14277,
"2026-04-21 11:00:00",14377,
"2026-04-21 11:10:00",14601,
"2026-04-21 11:20:00",14844,
"2026-04-21 11:30:00",14982,
"2026-04-21 11:40:00",15220,
"2026-04-21 11:50:00",15414,
"2026-04-21 12:00:00",15549,
"2026-04-21 12:10:00",15841,
"2026-04-21 12:20:00",16131,
"2026-04-21 12:30:00",16435,
"2026-04-21 12:40:00",16633,
"2026-04-21 12:50:00",16897,
"2026-04-21 13:00:00",17040,
"2026-04-21 13:10:00",17297,
"2026-04-21 13:20:00",17600,
"2026-04-21 13:30:00",17843,
"2026-04-21 13:40:00",18158,
"2026-04-21 13:50:00",18415,
"2026-04-21 14:00:00",18655,
"2026-04-21 14:10:00",19002,
"2026-04-21 14:20:00",19280,
"2026-04-21 14:30:00",19540,
"2026-04-21 14:40:00",19823,
"2026-04-21 14:50:00",20093,
"2026-04-21 15:00:00",20340,
"2026-04-21 15:10:00",20604,
"2026-04-21 15:20:00",20901,
"2026-04-21 15:30:00",21166,
"2026-04-21 15:40:00",21423,
"2026-04-21 15:50:00",21655,
"2026-04-21 16:00:00",21915,
"2026-04-21 16:10:00",22076,
"2026-04-21 16:20:00",22255,
"2026-04-21 16:30:00",22501,
"2026-04-21 16:40:00",22693,
"2026-04-21 16:50:00",22786,
"2026-04-21 17:00:00",22875,
"2026-04-21 17:10:00",22820,
"2026-04-21 17:20:00",22993,
"2026-04-21 17:30:00",23101,
"2026-04-21 17:40:00",23274,
"2026-04-21 17:50:00",23378,
"2026-04-21 18:00:00",23380,
"2026-04-21 18:10:00",23397,
"2026-04-21 18:20:00",23482,
"2026-04-21 18:30:00",23457,
"2026-04-21 18:40:00",23407,
"2026-04-21 18:50:00",23446,
"2026-04-21 19:00:00",23456,
"2026-04-21 19:10:00",23263,
"2026-04-21 19:20:00",23206,
"2026-04-21 19:30:00",23097,
"2026-04-21 19:40:00",22872,
"2026-04-21 19:50:00",22708,
"2026-04-21 20:00:00",22324,
"2026-04-21 20:10:00",22055,
"2026-04-21 20:20:00",21651,
"2026-04-21 20:30:00",21364,
"2026-04-21 20:40:00",21036,
"2026-04-21 20:50:00",20682,
"2026-04-21 21:00:00",20206,
"2026-04-21 21:10:00",19653,
"2026-04-21 21:20:00",19195,
"2026-04-21 21:30:00",18815,
"2026-04-21 21:40:00",18407,
"2026-04-21 21:50:00",18036,
"2026-04-21 22:00:00",17546,
"2026-04-21 22:10:00",7782,
"2026-04-21 22:20:00",15609,
"2026-04-21 22:30:00",15997,
"2026-04-21 22:40:00",15776,
"2026-04-21 22:50:00",15604,
"2026-04-21 23:00:00",15338,
"2026-04-21 23:10:00",15035,
"2026-04-21 23:20:00",14694,
"2026-04-21 23:30:00",14487,
"2026-04-21 23:40:00",14342,
"2026-04-21 23:50:00",14172,
"2026-04-22 00:00:00",13950,14953
"2026-04-22 00:10:00",13810,
"2026-04-22 00:20:00",13713,
"2026-04-22 00:30:00",13673,
"2026-04-22 00:40:00",13654,
"2026-04-22 00:50:00",13563,
"2026-04-22 01:00:00",13500,
"2026-04-22 01:10:00",13444,
"2026-04-22 01:20:00",13359,
"2026-04-22 01:30:00",13211,
"2026-04-22 01:40:00",13059,
"2026-04-22 01:50:00",12953,
"2026-04-22 02:00:00",12901,
"2026-04-22 02:10:00",12831,
"2026-04-22 02:20:00",12814,
"2026-04-22 02:30:00",12685,
"2026-04-22 02:40:00",12454,
"2026-04-22 02:50:00",12353,
"2026-04-22 03:00:00",12182,
"2026-04-22 03:10:00",12024,
"2026-04-22 03:20:00",11823,
"2026-04-22 03:30:00",11736,
"2026-04-22 03:40:00",11576,
"2026-04-22 03:50:00",11372,
"2026-04-22 04:00:00",11210,
"2026-04-22 04:10:00",11140,
"2026-04-22 04:20:00",10979,
"2026-04-22 04:30:00",10862,
"2026-04-22 04:40:00",10734,
"2026-04-22 04:50:00",10622,
"2026-04-22 05:00:00",10533,
"2026-04-22 05:10:00",10432,
"2026-04-22 05:20:00",10373,
"2026-04-22 05:30:00",10342,
"2026-04-22 05:40:00",10338,
"2026-04-22 05:50:00",10329,
"2026-04-22 06:00:00",10349,
"2026-04-22 06:10:00",10359,
"2026-04-22 06:20:00",10381,
"2026-04-22 06:30:00",10427,
"2026-04-22 06:40:00",10474,
"2026-04-22 06:50:00",10543,
"2026-04-22 07:00:00",10561,
"2026-04-22 07:10:00",10654,
"2026-04-22 07:20:00",10735,
"2026-04-22 07:30:00",10867,
"2026-04-22 07:40:00",11014,
"2026-04-22 07:50:00",11076,
"2026-04-22 08:00:00",11164,
"2026-04-22 08:10:00",11219,
"2026-04-22 08:20:00",11346,
"2026-04-22 08:30:00",11438,
"2026-04-22 08:40:00",11544,
"2026-04-22 08:50:00",11650,
"2026-04-22 09:00:00",11766,
"2026-04-22 09:10:00",11868,
"2026-04-22 09:20:00",11983,
"2026-04-22 09:30:00",12108,
"2026-04-22 09:40:00",12259,
"2026-04-22 09:50:00",12414,
"2026-04-22 10:00:00",12470,
"2026-04-22 10:10:00",12560,
"2026-04-22 10:20:00",12671,
"2026-04-22 10:30:00",12868,
"2026-04-22 10:40:00",12992,
"2026-04-22 10:50:00",13163,
"2026-04-22 11:00:00",13249,
"2026-04-22 11:10:00",13262,
"2026-04-22 11:20:00",13380,
"2026-04-22 11:30:00",13616,
"2026-04-22 11:40:00",13803,
"2026-04-22 11:50:00",14016,
"2026-04-22 12:00:00",14163,
"2026-04-22 12:10:00",14337,
"2026-04-22 12:20:00",14592,
"2026-04-22 12:30:00",14820,
"2026-04-22 12:40:00",15024,
"2026-04-22 12:50:00",15256,
"2026-04-22 13:00:00",15487,
"2026-04-22 13:10:00",15661,
"2026-04-22 13:20:00",15933,
"2026-04-22 13:30:00",16157,
"2026-04-22 13:40:00",16281,
"2026-04-22 13:50:00",16477,
"2026-04-22 14:00:00",16753,
"2026-04-22 14:10:00",16926,
"2026-04-22 14:20:00",17107,
"2026-04-22 14:30:00",17386,
"2026-04-22 14:40:00",17583,
"2026-04-22 14:50:00",17792,
"2026-04-22 15:00:00",17923,
"2026-04-22 15:10:00",18227,
"2026-04-22 15:20:00",18465,
"2026-04-22 15:30:00",18695,
"2026-04-22 15:40:00",18960,
"2026-04-22 15:50:00",19225,
"2026-04-22 16:00:00",19460,
"2026-04-22 16:10:00",19613,
"2026-04-22 16:20:00",19748,
"2026-04-22 16:30:00",19940,
"2026-04-22 16:40:00",20120,
"2026-04-22 16:50:00",20356,
"2026-04-22 17:00:00",20465,
"2026-04-22 17:10:00",20573,
"2026-04-22 17:20:00",20619,
"2026-04-22 17:30:00",20715,
"2026-04-22 17:40:00",20871,
"2026-04-22 17:50:00",21009,
"2026-04-22 18:00:00",20999,
"2026-04-22 18:10:00",21029,
"2026-04-22 18:20:00",21226,
"2026-04-22 18:30:00",21307,
"2026-04-22 18:40:00",21361,
"2026-04-22 18:50:00",21401,
"2026-04-22 19:00:00",21316,
"2026-04-22 19:10:00",21143,
"2026-04-22 19:20:00",21074,
"2026-04-22 19:30:00",20951,
"2026-04-22 19:40:00",20883,
"2026-04-22 19:50:00",20842,
"2026-04-22 20:00:00",20562,
"2026-04-22 20:10:00",20257,
"2026-04-22 20:20:00",19969,
"2026-04-22 20:30:00",19631,
"2026-04-22 20:40:00",19306,
"2026-04-22 20:50:00",19031,
"2026-04-22 21:00:00",18601,
"2026-04-22 21:10:00",18181,
"2026-04-22 21:20:00",17699,
"2026-04-22 21:30:00",17248,
"2026-04-22 21:40:00",16929,
"2026-04-22 21:50:00",16568,
"2026-04-22 22:00:00",16187,
"2026-04-22 22:10:00",15915,
"2026-04-22 22:20:00",15510,
"2026-04-22 22:30:00",15209,
"2026-04-22 22:40:00",15016,
"2026-04-22 22:50:00",14776,
"2026-04-22 23:00:00",14434,
"2026-04-22 23:10:00",14169,
"2026-04-22 23:20:00",13993,
"2026-04-22 23:30:00",13803,
"2026-04-22 23:40:00",13610,
"2026-04-22 23:50:00",13501,
"2026-04-23 00:00:00",13359,15325
"2026-04-23 00:10:00",13283,
"2026-04-23 00:20:00",13177,
"2026-04-23 00:30:00",13043,
"2026-04-23 00:40:00",12957,
"2026-04-23 00:50:00",12856,
"2026-04-23 01:00:00",12724,15296
"2026-04-23 01:10:00",12694,
"2026-04-23 01:20:00",12643,
"2026-04-23 01:30:00",12576,
"2026-04-23 01:40:00",12563,
"2026-04-23 01:50:00",12506,
"2026-04-23 02:00:00",12413,15280
"2026-04-23 02:10:00",12363,
"2026-04-23 02:20:00",12226,
"2026-04-23 02:30:00",12000,
"2026-04-23 02:40:00",11913,
"2026-04-23 02:50:00",11740,
"2026-04-23 03:00:00",11552,15258
"2026-04-23 03:10:00",11347,
"2026-04-23 03:20:00",11204,
"2026-04-23 03:30:00",11104,
"2026-04-23 03:40:00",10886,
"2026-04-23 03:50:00",10715,
"2026-04-23 04:00:00",10624,15239
"2026-04-23 04:10:00",10531,
"2026-04-23 04:20:00",10427,
"2026-04-23 04:30:00",10289,
"2026-04-23 04:40:00",10208,
"2026-04-23 04:50:00",10127,
"2026-04-23 05:00:00",10033,15227
"2026-04-23 05:10:00",10069,
"2026-04-23 05:20:00",10106,
"2026-04-23 05:30:00",10033,
"2026-04-23 05:40:00",10056,
"2026-04-23 05:50:00",10090,
"2026-04-23 06:00:00",10058,15222
"2026-04-23 06:10:00",10084,
"2026-04-23 06:20:00",10085,
"2026-04-23 06:30:00",10081,
"2026-04-23 06:40:00",10144,
"2026-04-23 06:50:00",10247,
"2026-04-23 07:00:00",10319,15217
"2026-04-23 07:10:00",10364,
"2026-04-23 07:20:00",10492,
"2026-04-23 07:30:00",10590,
"2026-04-23 07:40:00",10701,
"2026-04-23 07:50:00",10778,
"2026-04-23 08:00:00",10867,15216
"2026-04-23 08:10:00",10942,
"2026-04-23 08:20:00",11157,
"2026-04-23 08:30:00",11214,
"2026-04-23 08:40:00",11351,
"2026-04-23 08:50:00",11489,
"2026-04-23 09:00:00",11619,15214
"2026-04-23 09:10:00",11729,
"2026-04-23 09:20:00",11816,
"2026-04-23 09:30:00",11973,
"2026-04-23 09:40:00",12144,
"2026-04-23 09:50:00",12250,
"2026-04-23 10:00:00",12348,15185
"2026-04-23 10:10:00",12342,15185